config_name,expected_region,observed_region,region_match,scenario,n,n_satisfied,p_satisfied,ci_lo,ci_hi,binary_entropy_bits,bayes_empirical_lower_bound,mean_delivered_pairs,std_delivered_pairs,cv_delivered_pairs,mean_fidelity,std_fidelity,p_timeout,wall_p50,wall_p90,wall_p95,wall_p99,wall_max
diamond_likely_failure,LIKELY_FAILURE,LIKELY_FAILURE,True,diamond_heterogeneous,30,1,0.03333333333333333,0.005908590381612455,0.16670390991409173,0.21084230031853213,0.03333333333333333,5.9,1.8634413844023772,0.3158375227800639,0.7695000000000002,2.2584051416334807e-16,0.0,2.81454,3.2105242,3.27489895,3.43079757,3.487889
diamond_likely_success,LIKELY_SUCCESS,TRANSITION,False,diamond_heterogeneous,30,8,0.26666666666666666,0.14182663319596317,0.4444796169518888,0.8366407419411672,0.26666666666666666,7.366666666666666,2.3559657706859154,0.31981435801166275,0.7695000000000002,2.2584051416334807e-16,0.0,4.6414415,5.6182789,5.693168399999999,5.94872421,6.029736
diamond_robust_failure,ROBUST_FAILURE,LIKELY_FAILURE,False,diamond_heterogeneous,30,0,0.0,0.0,0.11351339317396876,0.0,0.0,3.533333333333333,1.4793599112881346,0.4186867673456985,0.7695000000000001,1.1298745152801436e-16,0.0,1.9703125,3.8300792000000006,4.511922499999999,5.244767790000001,5.481277
diamond_robust_success,ROBUST_SUCCESS,LIKELY_SUCCESS,False,diamond_heterogeneous,30,28,0.9333333333333333,0.7867654163738308,0.9815229762087295,0.3533593350214213,0.06666666666666665,14.8,3.35692798809289,0.22681945865492498,0.7695000000000001,1.1843176476490795e-16,0.0,9.2992475,10.0160093,10.407176199999999,11.05861818,11.227589
diamond_transition,TRANSITION,LIKELY_FAILURE,False,diamond_heterogeneous,100,10,0.1,0.0552291370606751,0.17436566150491345,0.4689955935892812,0.1,6.69,2.097112011285708,0.31346965789024034,0.7694999999999997,2.2316322462394835e-16,0.0,3.4076305,3.9479704000000004,4.0375859499999995,4.3052647900000025,4.86796
four_node_likely_failure,LIKELY_FAILURE,LIKELY_FAILURE,True,four_node,30,0,0.0,0.0,0.11351339317396876,0.0,0.0,4.633333333333334,0.8087168778415268,0.17454321104493384,0.6149042727679952,0.0,0.0,6.014238,6.5530721000000005,6.6231637999999995,6.707115679999999,6.727592
four_node_likely_success,LIKELY_SUCCESS,LIKELY_SUCCESS,True,four_node,30,30,1.0,0.8864866068260312,0.9999999999999999,0.0,0.0,22.8,2.4268611769966975,0.1064412796928376,0.579037121689113,2.0616324000971782e-17,0.0,2.0581105,2.1425841,2.1803251,2.23977267,2.258558
four_node_robust_failure,ROBUST_FAILURE,LIKELY_FAILURE,False,four_node,30,0,0.0,0.0,0.11351339317396876,0.0,0.0,1.9,0.3051285766293647,0.16059398769966565,0.6381150581585037,1.1292025708167404e-16,0.0,5.983330499999999,6.573278,6.6658671499999995,7.06372667,7.214636
four_node_robust_success,ROBUST_SUCCESS,LIKELY_SUCCESS,False,four_node,30,30,1.0,0.8864866068260312,0.9999999999999999,0.0,0.0,228.1,9.200262365074538,0.04033433741812599,0.5542478125,1.1102230246251565e-16,0.0,2.407761,2.5171756000000003,2.5444714999999998,2.63924211,2.669965
four_node_transition,TRANSITION,TRANSITION,True,four_node,100,68,0.68,0.5833738138954762,0.7633085267500092,0.9043814577244937,0.31999999999999995,10.13,1.4188841824589924,0.14006754022300022,0.5953582110868842,2.2730902589972043e-16,0.0,2.1743975,6.9433609,7.247642249999999,7.749277770000002,7.977747
small_mesh_likely_success,LIKELY_SUCCESS,LIKELY_SUCCESS,True,small_mesh,30,28,0.9333333333333333,0.7867654163738308,0.9815229762087295,0.3533593350214213,0.06666666666666665,225.10714285714286,4.840716856266195,0.02150405711176479,0.44755510859374986,7.703711740622132e-17,0.06666666666666667,17.704204,32.748159000000136,120.0,16083.31104777002,22603.536687
small_mesh_robust_failure,ROBUST_FAILURE,LIKELY_FAILURE,False,small_mesh,30,0,0.0,0.0,0.11351339317396876,0.0,0.0,,,,,,0.0,,,,,
small_mesh_robust_success,ROBUST_SUCCESS,LIKELY_SUCCESS,False,small_mesh,30,29,0.9666666666666667,0.8332960900859082,0.9940914096183874,0.21084230031853213,0.033333333333333326,225.06896551724137,4.750421293217496,0.021106514095803185,0.44755510859374986,7.637287740422867e-17,0.03333333333333333,18.432765,25.31387650000001,33.802608949999986,95.54371420000007,120.0
small_mesh_transition,TRANSITION,ROBUST_FAILURE,False,small_mesh,100,0,0.0,3.469446951953614e-18,0.03699349820698568,0.0,0.0,,,,,,0.0,,,,,
three_node_likely_success,LIKELY_SUCCESS,LIKELY_SUCCESS,True,three_node,30,30,1.0,0.8864866068260312,0.9999999999999999,0.0,0.0,13.833333333333334,1.366680683976335,0.09879619402238567,0.7958654267019628,3.0924486001457675e-16,0.0,1.445373,1.5874224000000006,2.330504399999998,2.8503628400000003,2.94502
three_node_robust_failure,ROBUST_FAILURE,LIKELY_FAILURE,False,three_node,30,0,0.0,0.0,0.11351339317396876,0.0,0.0,6.4,0.7239737088005909,0.11312089200009232,0.8341797457598393,3.153691151385192e-16,0.0,1.3610795,1.4583067,1.5343917999999999,1.8241886600000004,1.939506
three_node_robust_success,ROBUST_SUCCESS,LIKELY_SUCCESS,False,three_node,30,30,1.0,0.8864866068260312,0.9999999999999999,0.0,0.0,235.0,13.354580771638132,0.05682800328356652,0.6863749999999995,3.387607712450221e-16,0.0,1.6460154999999999,1.7357770000000001,1.7870914999999998,1.79716005,1.797466
three_node_transition,TRANSITION,ROBUST_FAILURE,False,three_node,100,0,0.0,3.469446951953614e-18,0.03699349820698568,0.0,0.0,6.29,0.7005769628014333,0.11137948534204027,0.8341797457598389,1.5740523450704558e-16,0.0,1.347523,1.4246883000000001,1.4582639,1.5380400100000018,1.878304
