term,sum_of_squares,proportion_of_total_variance
fidelity_level,122814.26285714282,0.2674077401133458
reserved_memory_slots,91855.5428571429,0.20000024883823658
duration_s:reserved_memory_slots,83969.52380952379,0.18282974695225
duration_s,63591.00952380951,0.13845890332841876
fidelity_level:duration_s,62210.270476190475,0.13545257246895226
scenario,59432.142857142855,0.1294036591662675
residual (seed + unmodeled higher-order interactions),47283.82952380943,0.10295271658776402
planner_level,0.0,0.0
scenario:duration_s,-25226.509523809524,-0.05492655124719799
scenario:fidelity_level,-46652.92952380949,-0.10157903620803702
