condition,seed,intent_parsing_wall_time_s,intent_validation_wall_time_s,capability_extraction_wall_time_s,planning_wall_time_s,deployment_wall_time_s,assurance_wall_time_s,reconciliation_decision_wall_time_s,simulation_wall_time_s,total_orchestration_wall_time_s,total_trial_wall_time_s,orchestration_overhead_ratio,planning_overhead_ratio
ibqn_instrumented,0,0.0,0.0,0.000694800000928808,0.002274700003908947,0.001560999997309409,0.006765099999029189,0.0018815000003087334,7.271346900000935,0.013177100001485087,7.2845240000024205,0.0018089170962276614,0.0003122647415134045
native_sequence,0,,,,0.0,,,,17.781959,,17.793131,0.0006278827486853442,0.0
static_provisioning,0,,,,0.000381,,,,7.218883,,7.239712,0.0028770481477716223,5.262640281823365e-05
ibqn_instrumented,1,0.0,0.0,0.00014560000272467732,0.0007945000033942051,0.001622999996470753,0.007211199997982476,0.0007928999984869733,7.753017900002305,0.010567199999059085,7.7635851000013645,0.001361123741537557,0.00010233674174500457
native_sequence,1,,,,0.0,,,,18.17482,,18.18495,0.0005570540474403391,0.0
static_provisioning,1,,,,0.000338,,,,7.741071,,7.762463,0.002755826340170706,4.354288065527655e-05
ibqn_instrumented,2,0.0,0.0,0.00013500000204658136,0.0009195000020554289,0.0023241000017151237,0.008756799994444009,0.0008482999983243644,8.204928999999538,0.012983699998585507,8.217912699998124,0.0015799267371857664,0.00011188972621425376
native_sequence,2,,,,0.0,,,,16.94761,,16.958873,0.0006641361132900505,0.0
static_provisioning,2,,,,0.000274,,,,5.107427,,5.122329,0.002909223519223249,5.3491292730318575e-05
ibqn_instrumented,3,0.0,0.0,8.440000237897038e-05,0.0005517000026884489,0.0008229000013670884,0.004844600000069477,,5.0861484999986715,0.006303600006503984,5.0924521000051755,0.0012378319683159274,0.00010833680746607086
native_sequence,3,,,,0.0,,,,20.156295,,20.162598,0.00031260852396100243,0.0
static_provisioning,3,,,,0.000357,,,,7.531329,,7.550324,0.0025157860775245444,4.728273912483756e-05
ibqn_instrumented,4,0.0,0.0,7.88000033935532e-05,0.0005853999973624013,0.0017780000052880496,0.008217700000386685,,8.504840399997192,0.01065990000643069,8.515500300003623,0.0012518231026809022,6.874522655611348e-05
native_sequence,4,,,,0.0,,,,21.964105,,21.977897,0.0006275395685036969,0.0
static_provisioning,4,,,,0.000296,,,,5.972707,,5.988454,0.002629560150249159,4.94284501475673e-05
ibqn_instrumented,5,0.0,0.0,0.00010560000373516232,0.0007724000024609268,0.0010163000042666681,0.007381900002656039,0.0006004000024404377,5.536875300000247,0.009876600015559234,5.546751900015806,0.0017806096601384117,0.00013925266829740946
native_sequence,5,,,,0.0,,,,20.067344,,20.074904,0.0003765895966427319,0.0
static_provisioning,5,,,,0.000319,,,,8.577776,,8.599597,0.0025374444872241345,3.70947615335928e-05
ibqn_instrumented,6,0.0,0.0,0.00013220000255387276,0.0009653000015532598,0.0011349999986123294,0.007696099994063843,0.0007681999995838851,8.933654300002672,0.01069679999636719,8.94435109999904,0.0011959280082786932,0.00010792286558980936
native_sequence,6,,,,0.0,,,,15.750189,,15.760262,0.0006391391209105673,0.0
static_provisioning,6,,,,0.000361,,,,6.847376,,6.867156,0.002880377262435848,5.256906934981527e-05
ibqn_instrumented,7,0.0,0.0,9.139999747276306e-05,0.0006616000027861446,0.0008610000004409812,0.00840299999981653,0.000833400001283735,7.51037080000242,0.010850400001800153,7.52122120000422,0.0014426380654506033,8.796443891129986e-05
native_sequence,7,,,,0.0,,,,18.66265,,18.673754,0.0005946313740664871,0.0
static_provisioning,7,,,,0.000387,,,,7.678806,,7.702263,0.003045468585012029,5.0244973457800644e-05
ibqn_instrumented,8,0.0,0.0,0.00015199999324977398,0.0010164999985136092,0.0012236000038683414,0.008406100001593586,0.000821699999505654,7.660891999999876,0.011619899996730965,7.672511899996607,0.0015144844541376474,0.0001324859461624372
native_sequence,8,,,,0.0,,,,17.762959,,17.772826,0.0005551733866071636,0.0
static_provisioning,8,,,,0.000374,,,,7.580404,,7.601711,0.0028029216054122797,4.91994499659353e-05
ibqn_instrumented,9,0.0,0.0,0.00012579999747686088,0.0008457000003545545,0.0013287999972817488,0.00900750000437256,0.0007981000017025508,8.106323499996506,0.012105900001188274,8.118429399997694,0.0014911628105297944,0.00010417039536671892
native_sequence,9,,,,0.0,,,,13.942869,,13.955391,0.0008972876503424797,0.0
static_provisioning,9,,,,0.000293,,,,7.551545,,7.569854,0.00241867280399336,3.8706162628764044e-05
ibqn_instrumented,10,0.0,0.0,0.00016060000052675605,0.001188700000056997,0.0015138000017032027,0.007986399999936111,0.0007699999987380579,7.023541499998828,0.011619500000961125,7.035160999999789,0.0016516324219106675,0.00016896557165600512
native_sequence,10,,,,0.0,,,,17.573602,,17.584403,0.0006142375149157566,0.0
static_provisioning,10,,,,0.000384,,,,4.907392,,4.926593,0.003897419575759696,7.794433191457057e-05
ibqn_instrumented,11,0.0,0.0,0.00010019999899668619,0.0006560999972862191,0.00085120000585448,0.006853399994724896,0.0007953000022098422,5.280417200003285,0.009256199999072123,5.289673400002357,0.0017498622881079952,0.00012403412227415152
native_sequence,11,,,,0.0,,,,15.94417,,15.956828,0.000793265428442298,0.0
static_provisioning,11,,,,0.001198,,,,6.502207,,6.52762,0.0038931494173986025,0.00018352784016226436
ibqn_instrumented,12,0.0,0.0,0.00014069999451749027,0.0009286999993491918,0.0009556000004522502,0.005239300000539515,,5.6300001999989036,0.0072642999948584475,5.637264499993762,0.0012886214572451738,0.0001647430237396559
native_sequence,12,,,,0.0,,,,16.618256,,16.625088,0.0004109451931925314,0.0
static_provisioning,12,,,,0.000373,,,,6.12589,,6.155923,0.004878715994335786,6.059205094020832e-05
ibqn_instrumented,13,0.0,0.0,0.0002823999966494739,0.0010933000012300909,0.0022233999989111908,0.010168799999519251,0.000920300000871066,6.139013399995747,0.014688199997181073,6.153701599992928,0.002386888567557119,0.0001776654235608934
native_sequence,13,,,,0.0,,,,19.474065,,19.488795,0.0007558189205643618,0.0
static_provisioning,13,,,,0.000336,,,,7.735634,,7.76191,0.003385249249218322,4.3288314345309334e-05
ibqn_instrumented,14,0.0,0.0,0.0001236000025528483,0.0008988999979919754,0.0012123999986215495,0.008771300002990756,,8.393397200001345,0.01100620000215713,8.404403400003503,0.0013095754068816524,0.00010695583674524724
native_sequence,14,,,,0.0,,,,19.331142,,19.342486,0.0005864809725079356,0.0
static_provisioning,14,,,,0.000369,,,,8.683897,,8.710462,0.003049780826780454,4.2362850558328595e-05
ibqn_instrumented,15,0.0,0.0,0.00012030000652885064,0.0008333000005222857,0.001248400003532879,0.004887600000074599,0.0005066999947302975,6.621127500002331,0.007596300005388912,6.6287238000077195,0.0011459671928675118,0.00012571047243231274
native_sequence,15,,,,0.0,,,,17.565156,,17.571919,0.0003848754367692799,0.0
static_provisioning,15,,,,0.00037,,,,8.251953,,8.275874,0.0028904499996012067,4.4708268878912366e-05
ibqn_instrumented,16,0.0,0.0,0.00012399999832268804,0.0008755000017117709,0.0012992999982088804,0.007108199999493081,,8.084461999998894,0.00940699999773642,8.09386899999663,0.0011622377379397093,0.00010816829401515337
native_sequence,16,,,,0.0,,,,18.847951,,18.857301,0.0004958291751296383,0.0
static_provisioning,16,,,,0.00041,,,,8.094289,,8.114877,0.0025370686456492255,5.0524487308926555e-05
ibqn_instrumented,17,0.0,0.0,0.00011269999959040433,0.0007733000020380132,0.001115799997933209,0.008558399997127708,0.0007826000000932254,8.142344100000628,0.01134279999678256,8.15368689999741,0.0013911252830650343,9.484053183821159e-05
native_sequence,17,,,,0.0,,,,19.001277,,19.012094,0.0005689536355121856,0.0
static_provisioning,17,,,,0.000359,,,,8.410178,,8.431725,0.002555467594116267,4.257728993770551e-05
ibqn_instrumented,18,0.0,0.0,0.0001247000036528334,0.0008269000027212314,0.0012567000012495555,0.007975900000019465,0.0007800000021234155,7.837574299999687,0.0109642000097665,7.848538500009454,0.0013969734632445637,0.00010535719519248525
native_sequence,18,,,,0.0,,,,16.123402,,16.133993,0.0006564401013438875,0.0
static_provisioning,18,,,,0.00036,,,,8.005653,,8.02724,0.0026892182119882106,4.484729496065895e-05
ibqn_instrumented,19,0.0,0.0,0.00013239999680081382,0.0009560999969835393,0.0012093999976059422,0.007256799995957408,0.0008368000053451397,7.2407511999990675,0.010391499992692843,7.25114269999176,0.001433084469942186,0.000131855079473836
native_sequence,19,,,,0.0,,,,18.806507,,18.81713,0.0005645388005502932,0.0
static_provisioning,19,,,,0.000214,,,,4.51018,,4.525575,0.0034017776746600877,4.7286808858542835e-05
