case,topology,hardware,platform,seed,requested_fidelity,min_delivered_pairs,initial_status,action,reconciliation_attempted,recovered,additional_wall_time_s,episodes,episode1_route,episode1_delivered_pairs,episode1_average_fidelity,episode1_reserved_memory_slots,episode1_duration_s,episode1_wall_time_s,episode2_route,episode2_delivered_pairs,episode2_average_fidelity,episode2_reserved_memory_slots,episode2_duration_s,final_status,job_key
route_change_recoverable,diamond,literature,siv_2024,5,0.55,10,VIOLATED,route_change,True,True,62.698,2,r1->bad->r3,0.0,,4,0.3,14.147,r1->good1->good2->r3,32.0,0.5831475798648953,4.0,0.3,SATISFIED,route_change_recoverable|literature|5
route_change_recoverable,diamond,literature,siv_2024,3,0.55,10,VIOLATED,route_change,True,True,64.358,2,r1->bad->r3,0.0,,4,0.3,16.163,r1->good1->good2->r3,31.0,0.5836664243859703,4.0,0.3,SATISFIED,route_change_recoverable|literature|3
route_change_recoverable,diamond,literature,siv_2024,2,0.55,10,VIOLATED,route_change,True,True,69.172,2,r1->bad->r3,2.0,0.7031920004052783,4,0.3,16.714,r1->good1->good2->r3,49.0,0.5853867395712096,4.0,0.3,SATISFIED,route_change_recoverable|literature|2
route_change_recoverable,diamond,literature,siv_2024,4,0.55,10,VIOLATED,route_change,True,True,71.008,2,r1->bad->r3,0.0,,4,0.3,15.853,r1->good1->good2->r3,37.0,0.5829520415114814,4.0,0.3,SATISFIED,route_change_recoverable|literature|4
route_change_recoverable,diamond,literature,siv_2024,1,0.55,10,VIOLATED,route_change,True,True,77.694,2,r1->bad->r3,1.0,0.635755939606188,4,0.3,14.532,r1->good1->good2->r3,45.0,0.5881976086059264,4.0,0.3,SATISFIED,route_change_recoverable|literature|1
route_change_recoverable,diamond,literature,siv_2024,0,0.55,10,VIOLATED,route_change,True,True,79.132,2,r1->bad->r3,1.0,0.6833181407573188,4,0.3,14.18,r1->good1->good2->r3,50.0,0.5882695976725975,4.0,0.3,SATISFIED,route_change_recoverable|literature|0
route_change_recoverable,diamond,literature,siv_2024,6,0.55,10,VIOLATED,route_change,True,True,77.726,2,r1->bad->r3,1.0,0.6501605116502075,4,0.3,12.815,r1->good1->good2->r3,45.0,0.5853031585985805,4.0,0.3,SATISFIED,route_change_recoverable|literature|6
route_change_recoverable,diamond,literature,siv_2024,8,0.55,10,VIOLATED,route_change,True,True,70.704,2,r1->bad->r3,1.0,0.6433302001196208,4,0.3,12.397,r1->good1->good2->r3,34.0,0.5828595112418843,4.0,0.3,SATISFIED,route_change_recoverable|literature|8
route_change_recoverable,diamond,literature,siv_2024,7,0.55,10,VIOLATED,route_change,True,True,83.512,2,r1->bad->r3,0.0,,4,0.3,10.984,r1->good1->good2->r3,48.0,0.5885124295872922,4.0,0.3,SATISFIED,route_change_recoverable|literature|7
route_change_recoverable,diamond,literature,siv_2024,10,0.55,10,VIOLATED,route_change,True,True,69.997,2,r1->bad->r3,2.0,0.6610629014974299,4,0.3,14.267,r1->good1->good2->r3,37.0,0.5808582058626729,4.0,0.3,SATISFIED,route_change_recoverable|literature|10
route_change_recoverable,diamond,literature,siv_2024,11,0.55,10,VIOLATED,route_change,True,True,73.379,2,r1->bad->r3,1.0,0.646624261661612,4,0.3,10.181,r1->good1->good2->r3,43.0,0.5843140143630968,4.0,0.3,SATISFIED,route_change_recoverable|literature|11
route_change_recoverable,diamond,literature,siv_2024,9,0.55,10,VIOLATED,route_change,True,True,78.973,2,r1->bad->r3,4.0,0.6855037656892793,4,0.3,14.673,r1->good1->good2->r3,43.0,0.5866145884668849,4.0,0.3,SATISFIED,route_change_recoverable|literature|9
route_change_recoverable,diamond,literature,siv_2024,13,0.55,10,VIOLATED,route_change,True,True,65.848,2,r1->bad->r3,2.0,0.6541070439540303,4,0.3,13.992,r1->good1->good2->r3,34.0,0.5826697797224716,4.0,0.3,SATISFIED,route_change_recoverable|literature|13
route_change_recoverable,diamond,literature,siv_2024,12,0.55,10,VIOLATED,route_change,True,True,77.459,2,r1->bad->r3,1.0,0.6911117053505444,4,0.3,13.288,r1->good1->good2->r3,43.0,0.585915353262834,4.0,0.3,SATISFIED,route_change_recoverable|literature|12
route_change_recoverable,diamond,literature,siv_2024,15,0.55,10,VIOLATED,route_change,True,True,73.284,2,r1->bad->r3,1.0,0.7033580075888779,4,0.3,14.638,r1->good1->good2->r3,36.0,0.5856867666589722,4.0,0.3,SATISFIED,route_change_recoverable|literature|15
route_change_recoverable,diamond,literature,siv_2024,14,0.55,10,VIOLATED,route_change,True,True,74.094,2,r1->bad->r3,2.0,0.7009933080118957,4,0.3,15.8,r1->good1->good2->r3,48.0,0.5867689335027554,4.0,0.3,SATISFIED,route_change_recoverable|literature|14
route_change_recoverable,diamond,literature,siv_2024,16,0.55,10,VIOLATED,route_change,True,True,80.602,2,r1->bad->r3,0.0,,4,0.3,12.397,r1->good1->good2->r3,46.0,0.5872490234744976,4.0,0.3,SATISFIED,route_change_recoverable|literature|16
route_change_recoverable,diamond,literature,siv_2024,17,0.55,10,VIOLATED,route_change,True,True,84.716,2,r1->bad->r3,1.0,0.6670367672005433,4,0.3,14.065,r1->good1->good2->r3,50.0,0.5888057125518774,4.0,0.3,SATISFIED,route_change_recoverable|literature|17
duration_increase_recoverable,chain1,literature,siv_2024,0,0.6,30,VIOLATED,duration_increase,True,True,60.849,2,a->r1->b,28.0,0.703561480868818,4,0.15,32.042,a->r1->b,47.0,0.7026144379652605,4.0,0.3,SATISFIED,duration_increase_recoverable|literature|0
route_change_recoverable,diamond,literature,siv_2024,18,0.55,10,VIOLATED,route_change,True,True,93.528,2,r1->bad->r3,2.0,0.6746061206143295,4,0.3,14.778,r1->good1->good2->r3,40.0,0.5860216175052282,4.0,0.3,SATISFIED,route_change_recoverable|literature|18
duration_increase_recoverable,chain1,literature,siv_2024,1,0.6,30,VIOLATED,duration_increase,True,True,61.414,2,a->r1->b,24.0,0.7021377240167069,4,0.15,33.065,a->r1->b,42.0,0.7029357822933161,4.0,0.3,SATISFIED,duration_increase_recoverable|literature|1
duration_increase_recoverable,chain1,literature,siv_2024,2,0.6,30,VIOLATED,duration_increase,True,True,55.217,2,a->r1->b,29.0,0.705415920687095,4,0.15,39.044,a->r1->b,44.0,0.7024455172344292,4.0,0.3,SATISFIED,duration_increase_recoverable|literature|2
route_change_recoverable,diamond,literature,siv_2024,19,0.55,10,VIOLATED,route_change,True,True,94.255,2,r1->bad->r3,1.0,0.6821432167391865,4,0.3,11.395,r1->good1->good2->r3,41.0,0.5852996657682059,4.0,0.3,SATISFIED,route_change_recoverable|literature|19
duration_increase_recoverable,chain1,literature,siv_2024,3,0.6,30,VIOLATED,duration_increase,True,True,49.104,2,a->r1->b,18.0,0.7050427941888155,4,0.15,45.106,a->r1->b,47.0,0.7037584962261593,4.0,0.3,SATISFIED,duration_increase_recoverable|literature|3
duration_increase_recoverable,chain1,literature,siv_2024,7,0.6,30,SATISFIED,,False,,,1,a->r1->b,31.0,0.7043831955960839,4,0.15,20.071,,,,,,,duration_increase_recoverable|literature|7
duration_increase_recoverable,chain1,literature,siv_2024,4,0.6,30,VIOLATED,duration_increase,True,True,42.728,2,a->r1->b,16.0,0.7005029103157392,4,0.15,19.589,a->r1->b,43.0,0.7028665192237058,4.0,0.3,SATISFIED,duration_increase_recoverable|literature|4
duration_increase_recoverable,chain1,literature,siv_2024,5,0.6,30,VIOLATED,duration_increase,True,True,42.183,2,a->r1->b,21.0,0.7015076306562027,4,0.15,20.195,a->r1->b,48.0,0.7035192300900298,4.0,0.3,SATISFIED,duration_increase_recoverable|literature|5
duration_increase_recoverable,chain1,literature,siv_2024,6,0.6,30,VIOLATED,duration_increase,True,True,47.846,2,a->r1->b,27.0,0.7050361670481649,4,0.15,21.429,a->r1->b,49.0,0.7037799054501706,4.0,0.3,SATISFIED,duration_increase_recoverable|literature|6
duration_increase_recoverable,chain1,literature,siv_2024,8,0.6,30,VIOLATED,duration_increase,True,True,46.435,2,a->r1->b,20.0,0.7022790697954846,4,0.15,20.49,a->r1->b,50.0,0.7039319372535937,4.0,0.3,SATISFIED,duration_increase_recoverable|literature|8
duration_increase_recoverable,chain1,literature,siv_2024,9,0.6,30,VIOLATED,duration_increase,True,True,44.953,2,a->r1->b,17.0,0.701018512035584,4,0.15,19.652,a->r1->b,45.0,0.7012776531776624,4.0,0.3,SATISFIED,duration_increase_recoverable|literature|9
duration_increase_recoverable,chain1,literature,siv_2024,10,0.6,30,VIOLATED,duration_increase,True,True,54.413,2,a->r1->b,27.0,0.7034886379550586,4,0.15,20.038,a->r1->b,50.0,0.7047505419455846,4.0,0.3,SATISFIED,duration_increase_recoverable|literature|10
duration_increase_recoverable,chain1,literature,siv_2024,12,0.6,30,VIOLATED,duration_increase,True,True,61.782,2,a->r1->b,24.0,0.7045141043599382,4,0.15,26.789,a->r1->b,37.0,0.7001032409562606,4.0,0.3,SATISFIED,duration_increase_recoverable|literature|12
duration_increase_recoverable,chain1,literature,siv_2024,11,0.6,30,VIOLATED,duration_increase,True,True,69.57,2,a->r1->b,21.0,0.703564897204288,4,0.15,27.414,a->r1->b,57.0,0.7039225024602221,4.0,0.3,SATISFIED,duration_increase_recoverable|literature|11
duration_increase_recoverable,chain1,literature,siv_2024,13,0.6,30,VIOLATED,duration_increase,True,True,70.658,2,a->r1->b,26.0,0.7030074876535687,4,0.15,25.05,a->r1->b,49.0,0.7031969419563918,4.0,0.3,SATISFIED,duration_increase_recoverable|literature|13
duration_increase_recoverable,chain1,literature,siv_2024,14,0.6,30,VIOLATED,duration_increase,True,True,69.594,2,a->r1->b,25.0,0.7035061902942781,4,0.15,30.931,a->r1->b,52.0,0.7037578350733911,4.0,0.3,SATISFIED,duration_increase_recoverable|literature|14
duration_increase_recoverable,chain1,literature,siv_2024,15,0.6,30,VIOLATED,duration_increase,True,True,72.248,2,a->r1->b,25.0,0.703924869371763,4,0.15,28.956,a->r1->b,49.0,0.7036098934023581,4.0,0.3,SATISFIED,duration_increase_recoverable|literature|15
duration_increase_recoverable,chain1,literature,siv_2024,16,0.6,30,VIOLATED,duration_increase,True,True,77.528,2,a->r1->b,22.0,0.7033397392864429,4,0.15,33.86,a->r1->b,51.0,0.7036149509068694,4.0,0.3,SATISFIED,duration_increase_recoverable|literature|16
duration_increase_recoverable,chain1,literature,siv_2024,17,0.6,30,VIOLATED,duration_increase,True,True,73.671,2,a->r1->b,25.0,0.7026033633697678,4,0.15,31.615,a->r1->b,52.0,0.7034257233405332,4.0,0.3,SATISFIED,duration_increase_recoverable|literature|17
duration_increase_recoverable,chain1,literature,siv_2024,18,0.6,30,VIOLATED,duration_increase,True,True,75.203,2,a->r1->b,19.0,0.6994411944712816,4,0.15,27.224,a->r1->b,47.0,0.7022070163982647,4.0,0.3,SATISFIED,duration_increase_recoverable|literature|18
duration_increase_recoverable,chain1,literature,siv_2024,19,0.6,30,VIOLATED,duration_increase,True,True,72.619,2,a->r1->b,20.0,0.7006670367389838,4,0.15,32.486,a->r1->b,46.0,0.7029290583957395,4.0,0.3,SATISFIED,duration_increase_recoverable|literature|19
slot_increase_recoverable,chain1,literature,siv_2024,0,0.6,30,VIOLATED,slot_increase,True,True,64.275,2,a->r1->b,27.0,0.7019921315906017,2,0.3,38.201,a->r1->b,47.0,0.7026144379652605,4.0,0.3,SATISFIED,slot_increase_recoverable|literature|0
slot_increase_recoverable,chain1,literature,siv_2024,1,0.6,30,VIOLATED,slot_increase,True,True,66.5,2,a->r1->b,21.0,0.6997341574885313,2,0.3,37.368,a->r1->b,42.0,0.7029357822933161,4.0,0.3,SATISFIED,slot_increase_recoverable|literature|1
slot_increase_recoverable,chain1,literature,siv_2024,2,0.6,30,VIOLATED,slot_increase,True,True,60.19,2,a->r1->b,25.0,0.7029289288832087,2,0.3,33.171,a->r1->b,44.0,0.7024455172344292,4.0,0.3,SATISFIED,slot_increase_recoverable|literature|2
slot_increase_recoverable,chain1,literature,siv_2024,3,0.6,30,VIOLATED,slot_increase,True,True,58.71,2,a->r1->b,18.0,0.7022396932114501,2,0.3,31.586,a->r1->b,47.0,0.7037584962261593,4.0,0.3,SATISFIED,slot_increase_recoverable|literature|3
slot_increase_recoverable,chain1,literature,siv_2024,4,0.6,30,VIOLATED,slot_increase,True,True,58.95,2,a->r1->b,16.0,0.6976674722687499,2,0.3,27.493,a->r1->b,43.0,0.7028665192237058,4.0,0.3,SATISFIED,slot_increase_recoverable|literature|4
slot_increase_recoverable,chain1,literature,siv_2024,5,0.6,30,VIOLATED,slot_increase,True,True,61.368,2,a->r1->b,20.0,0.6992603093976696,2,0.3,27.339,a->r1->b,48.0,0.7035192300900298,4.0,0.3,SATISFIED,slot_increase_recoverable|literature|5
slot_increase_recoverable,chain1,literature,siv_2024,7,0.6,30,VIOLATED,slot_increase,True,True,57.479,2,a->r1->b,27.0,0.701897247237275,2,0.3,25.655,a->r1->b,42.0,0.7022652649246547,4.0,0.3,SATISFIED,slot_increase_recoverable|literature|7
slot_increase_recoverable,chain1,literature,siv_2024,6,0.6,30,VIOLATED,slot_increase,True,True,65.601,2,a->r1->b,27.0,0.7034596603056544,2,0.3,28.852,a->r1->b,49.0,0.7037799054501706,4.0,0.3,SATISFIED,slot_increase_recoverable|literature|6
slot_increase_recoverable,chain1,literature,siv_2024,8,0.6,30,VIOLATED,slot_increase,True,True,78.214,2,a->r1->b,19.0,0.6984424704982031,2,0.3,23.976,a->r1->b,50.0,0.7039319372535937,4.0,0.3,SATISFIED,slot_increase_recoverable|literature|8
slot_increase_recoverable,chain1,literature,siv_2024,9,0.6,30,VIOLATED,slot_increase,True,True,97.659,2,a->r1->b,15.0,0.6979458794113327,2,0.3,32.736,a->r1->b,45.0,0.7012776531776624,4.0,0.3,SATISFIED,slot_increase_recoverable|literature|9
slot_increase_recoverable,chain1,literature,siv_2024,10,0.6,30,VIOLATED,slot_increase,True,True,106.878,2,a->r1->b,26.0,0.7014113018942564,2,0.3,31.645,a->r1->b,50.0,0.7047505419455846,4.0,0.3,SATISFIED,slot_increase_recoverable|literature|10
slot_increase_recoverable,chain1,literature,siv_2024,11,0.6,30,VIOLATED,slot_increase,True,True,98.778,2,a->r1->b,19.0,0.7009403549486092,2,0.3,37.237,a->r1->b,57.0,0.7039225024602221,4.0,0.3,SATISFIED,slot_increase_recoverable|literature|11
slot_increase_recoverable,chain1,literature,siv_2024,12,0.6,30,VIOLATED,slot_increase,True,True,92.377,2,a->r1->b,23.0,0.7017641664199563,2,0.3,40.941,a->r1->b,37.0,0.7001032409562606,4.0,0.3,SATISFIED,slot_increase_recoverable|literature|12
slot_increase_recoverable,chain1,literature,siv_2024,13,0.6,30,VIOLATED,slot_increase,True,True,94.53,2,a->r1->b,25.0,0.7010545166397947,2,0.3,40.596,a->r1->b,49.0,0.7031969419563918,4.0,0.3,SATISFIED,slot_increase_recoverable|literature|13
slot_increase_recoverable,chain1,literature,siv_2024,14,0.6,30,VIOLATED,slot_increase,True,True,93.709,2,a->r1->b,24.0,0.7003762950551463,2,0.3,50.55,a->r1->b,52.0,0.7037578350733911,4.0,0.3,SATISFIED,slot_increase_recoverable|literature|14
slot_increase_recoverable,chain1,literature,siv_2024,15,0.6,30,VIOLATED,slot_increase,True,True,99.64,2,a->r1->b,21.0,0.7015385846586475,2,0.3,35.834,a->r1->b,49.0,0.7036098934023581,4.0,0.3,SATISFIED,slot_increase_recoverable|literature|15
slot_increase_recoverable,chain1,literature,siv_2024,16,0.6,30,VIOLATED,slot_increase,True,True,96.981,2,a->r1->b,20.0,0.6990105335392991,2,0.3,40.296,a->r1->b,51.0,0.7036149509068694,4.0,0.3,SATISFIED,slot_increase_recoverable|literature|16
slot_increase_recoverable,chain1,literature,siv_2024,18,0.6,30,VIOLATED,slot_increase,True,True,92.177,2,a->r1->b,18.0,0.69832196286772,2,0.3,40.972,a->r1->b,47.0,0.7022070163982647,4.0,0.3,SATISFIED,slot_increase_recoverable|literature|18
slot_increase_recoverable,chain1,literature,siv_2024,17,0.6,30,VIOLATED,slot_increase,True,True,93.438,2,a->r1->b,24.0,0.7011932456222364,2,0.3,45.019,a->r1->b,52.0,0.7034257233405332,4.0,0.3,SATISFIED,slot_increase_recoverable|literature|17
slot_increase_recoverable,chain1,literature,siv_2024,19,0.6,30,VIOLATED,slot_increase,True,True,91.658,2,a->r1->b,19.0,0.6997629954261785,2,0.3,43.161,a->r1->b,46.0,0.7029290583957395,4.0,0.3,SATISFIED,slot_increase_recoverable|literature|19
decoherence_margin,chain1,literature,siv_2024,0,0.705,30,VIOLATED,duration_increase,True,True,243.678,2,a->r1->b,21.0,0.7070436798356168,4,0.3,80.446,a->r1->b,51.0,0.7070860989651597,4.0,0.6,SATISFIED,decoherence_margin|literature|0
decoherence_margin,chain1,literature,siv_2024,1,0.705,30,VIOLATED,duration_increase,True,True,285.079,2,a->r1->b,18.0,0.7071979080188184,4,0.3,87.101,a->r1->b,40.0,0.7071417501305404,4.0,0.6,SATISFIED,decoherence_margin|literature|1
decoherence_margin,chain1,literature,siv_2024,2,0.705,30,VIOLATED,duration_increase,True,True,274.119,2,a->r1->b,25.0,0.7069259539964632,4,0.3,115.908,a->r1->b,34.0,0.7072803214493039,4.0,0.6,SATISFIED,decoherence_margin|literature|2
decoherence_margin,chain1,literature,siv_2024,4,0.705,30,VIOLATED,duration_increase,True,True,281.831,2,a->r1->b,9.0,0.7068495996498807,4,0.3,101.569,a->r1->b,44.0,0.7071019765360954,4.0,0.6,SATISFIED,decoherence_margin|literature|4
decoherence_margin,chain1,literature,siv_2024,5,0.705,30,VIOLATED,duration_increase,True,True,278.694,2,a->r1->b,17.0,0.7066381743123247,4,0.3,105.169,a->r1->b,39.0,0.7072389541383659,4.0,0.6,SATISFIED,decoherence_margin|literature|5
decoherence_margin,chain1,literature,siv_2024,3,0.705,30,VIOLATED,duration_increase,True,True,280.337,2,a->r1->b,24.0,0.7070863524801773,4,0.3,115.243,a->r1->b,43.0,0.7072978340934916,4.0,0.6,SATISFIED,decoherence_margin|literature|3
decoherence_margin,chain1,literature,siv_2024,6,0.705,30,VIOLATED,duration_increase,True,True,222.254,2,a->r1->b,23.0,0.7073785227162365,4,0.3,130.454,a->r1->b,31.0,0.7070070750129298,4.0,0.6,SATISFIED,decoherence_margin|literature|6
decoherence_margin,chain1,literature,siv_2024,7,0.705,30,VIOLATED,duration_increase,True,True,215.733,2,a->r1->b,22.0,0.7072036006034975,4,0.3,124.424,a->r1->b,37.0,0.7071191723207518,4.0,0.6,SATISFIED,decoherence_margin|literature|7
decoherence_margin,chain1,literature,siv_2024,8,0.705,30,VIOLATED,duration_increase,True,True,240.069,2,a->r1->b,19.0,0.7068001023493747,4,0.3,119.174,a->r1->b,42.0,0.7066296815299792,4.0,0.6,SATISFIED,decoherence_margin|literature|8
decoherence_margin,chain1,literature,siv_2024,9,0.705,30,VIOLATED,duration_increase,True,True,233.412,2,a->r1->b,14.0,0.7066757876680901,4,0.3,122.19,a->r1->b,36.0,0.7070001091891398,4.0,0.6,SATISFIED,decoherence_margin|literature|9
decoherence_margin,chain1,literature,siv_2024,10,0.705,30,VIOLATED,duration_increase,True,True,237.057,2,a->r1->b,24.0,0.7073642211569119,4,0.3,120.511,a->r1->b,48.0,0.7071860202789738,4.0,0.6,SATISFIED,decoherence_margin|literature|10
decoherence_margin,chain1,literature,siv_2024,11,0.705,30,VIOLATED,duration_increase,True,True,238.284,2,a->r1->b,22.0,0.7070735067365638,4,0.3,113.373,a->r1->b,50.0,0.707237901996202,4.0,0.6,SATISFIED,decoherence_margin|literature|11
decoherence_margin,chain1,literature,siv_2024,12,0.705,30,VIOLATED,duration_increase,True,True,253.478,2,a->r1->b,22.0,0.706943034669706,4,0.3,118.778,a->r1->b,38.0,0.7072643327811494,4.0,0.6,SATISFIED,decoherence_margin|literature|12
decoherence_margin,chain1,literature,siv_2024,13,0.705,30,VIOLATED,duration_increase,True,True,211.808,2,a->r1->b,20.0,0.7069992334319163,4,0.3,149.455,a->r1->b,40.0,0.7068601875878852,4.0,0.6,SATISFIED,decoherence_margin|literature|13
decoherence_margin,chain1,literature,siv_2024,14,0.705,30,VIOLATED,duration_increase,True,True,195.302,2,a->r1->b,20.0,0.7072930657622579,4,0.3,149.228,a->r1->b,33.0,0.7072115573803248,4.0,0.6,SATISFIED,decoherence_margin|literature|14
decoherence_margin,chain1,literature,siv_2024,17,0.705,30,VIOLATED,duration_increase,True,True,197.418,2,a->r1->b,22.0,0.7072576967812361,4,0.3,138.291,a->r1->b,41.0,0.7069400873962004,4.0,0.6,SATISFIED,decoherence_margin|literature|17
decoherence_margin,chain1,literature,siv_2024,15,0.705,30,VIOLATED,duration_increase,True,True,207.087,2,a->r1->b,19.0,0.7069601983244265,4,0.3,137.571,a->r1->b,39.0,0.707264234239349,4.0,0.6,SATISFIED,decoherence_margin|literature|15
decoherence_margin,chain1,literature,siv_2024,16,0.705,30,VIOLATED,duration_increase,True,True,199.564,2,a->r1->b,21.0,0.7066716905867964,4,0.3,142.865,a->r1->b,36.0,0.7070505170950979,4.0,0.6,SATISFIED,decoherence_margin|literature|16
severe_loss_attempt,chain1,literature,siv_2024,1,0.6,30,VIOLATED,duration_increase,True,False,57.863,2,a->r1->b,9.0,0.6946756152446532,4,0.15,20.791,a->r1->b,13.0,0.6940894808513066,4.0,0.3,VIOLATED,severe_loss_attempt|literature|1
severe_loss_attempt,chain1,literature,siv_2024,0,0.6,30,VIOLATED,duration_increase,True,False,61.096,2,a->r1->b,8.0,0.6927811237445329,4,0.15,20.026,a->r1->b,16.0,0.6918669243151018,4.0,0.3,VIOLATED,severe_loss_attempt|literature|0
severe_loss_attempt,chain1,literature,siv_2024,2,0.6,30,VIOLATED,duration_increase,True,False,65.188,2,a->r1->b,6.0,0.6957653489847901,4,0.15,24.625,a->r1->b,16.0,0.6938071025286383,4.0,0.3,VIOLATED,severe_loss_attempt|literature|2
severe_loss_attempt,chain1,literature,siv_2024,3,0.6,30,VIOLATED,duration_increase,True,False,60.725,2,a->r1->b,9.0,0.701853191233746,4,0.15,30.546,a->r1->b,13.0,0.6941688507895154,4.0,0.3,VIOLATED,severe_loss_attempt|literature|3
severe_loss_attempt,chain1,literature,siv_2024,4,0.6,30,VIOLATED,duration_increase,True,False,45.339,2,a->r1->b,6.0,0.693770436490783,4,0.15,25.592,a->r1->b,11.0,0.6758410554561477,4.0,0.3,VIOLATED,severe_loss_attempt|literature|4
decoherence_margin,chain1,literature,siv_2024,18,0.705,30,VIOLATED,duration_increase,True,True,184.444,2,a->r1->b,13.0,0.7076075928675001,4,0.3,86.817,a->r1->b,31.0,0.7068331525314558,4.0,0.6,SATISFIED,decoherence_margin|literature|18
severe_loss_attempt,chain1,literature,siv_2024,5,0.6,30,VIOLATED,duration_increase,True,False,57.7,2,a->r1->b,7.0,0.7007478658397825,4,0.15,28.198,a->r1->b,18.0,0.7015034510529378,4.0,0.3,VIOLATED,severe_loss_attempt|literature|5
severe_loss_attempt,chain1,literature,siv_2024,7,0.6,30,VIOLATED,duration_increase,True,False,45.955,2,a->r1->b,12.0,0.6964981142842034,4,0.15,24.323,a->r1->b,13.0,0.6951341527938915,4.0,0.3,VIOLATED,severe_loss_attempt|literature|7
severe_loss_attempt,chain1,literature,siv_2024,6,0.6,30,VIOLATED,duration_increase,True,False,60.79,2,a->r1->b,10.0,0.7025217153948274,4,0.15,29.22,a->r1->b,17.0,0.6995099542094051,4.0,0.3,VIOLATED,severe_loss_attempt|literature|6
severe_loss_attempt,chain1,literature,siv_2024,8,0.6,30,VIOLATED,duration_increase,True,False,69.119,2,a->r1->b,6.0,0.7017548842637181,4,0.15,27.243,a->r1->b,16.0,0.7016588159002561,4.0,0.3,VIOLATED,severe_loss_attempt|literature|8
severe_loss_attempt,chain1,literature,siv_2024,9,0.6,30,VIOLATED,duration_increase,True,False,54.491,2,a->r1->b,9.0,0.7000819326346096,4,0.15,40.238,a->r1->b,14.0,0.6988612742555738,4.0,0.3,VIOLATED,severe_loss_attempt|literature|9
severe_loss_attempt,chain1,literature,siv_2024,10,0.6,30,VIOLATED,duration_increase,True,False,55.152,2,a->r1->b,12.0,0.6918405476999355,4,0.15,35.521,a->r1->b,11.0,0.6896881428930007,4.0,0.3,VIOLATED,severe_loss_attempt|literature|10
severe_loss_attempt,chain1,literature,siv_2024,11,0.6,30,VIOLATED,duration_increase,True,False,52.912,2,a->r1->b,6.0,0.7046796253767466,4,0.15,40.382,a->r1->b,19.0,0.6913636499671586,4.0,0.3,VIOLATED,severe_loss_attempt|literature|11
severe_loss_attempt,chain1,literature,siv_2024,12,0.6,30,VIOLATED,duration_increase,True,False,48.451,2,a->r1->b,13.0,0.6991332869279945,4,0.15,31.807,a->r1->b,10.0,0.6889889703406239,4.0,0.3,VIOLATED,severe_loss_attempt|literature|12
decoherence_margin,chain1,literature,siv_2024,19,0.705,30,VIOLATED,duration_increase,True,True,202.934,2,a->r1->b,20.0,0.7073932924790067,4,0.3,92.78,a->r1->b,40.0,0.7068423882465462,4.0,0.6,SATISFIED,decoherence_margin|literature|19
severe_loss_attempt,chain1,literature,siv_2024,13,0.6,30,VIOLATED,duration_increase,True,False,42.128,2,a->r1->b,5.0,0.6918705483721151,4,0.15,42.589,a->r1->b,10.0,0.6823835534716952,4.0,0.3,VIOLATED,severe_loss_attempt|literature|13
severe_loss_attempt,chain1,literature,siv_2024,14,0.6,30,VIOLATED,duration_increase,True,False,54.397,2,a->r1->b,8.0,0.6945964099235631,4,0.15,40.567,a->r1->b,22.0,0.701227757632722,4.0,0.3,VIOLATED,severe_loss_attempt|literature|14
fidelity_ceiling_unrecoverable,chain1,literature,siv_2024,0,0.9,10,REJECTED,,False,,,1,,,,4,0.3,,,,,,,,fidelity_ceiling_unrecoverable|literature|0
fidelity_ceiling_unrecoverable,chain1,literature,siv_2024,1,0.9,10,REJECTED,,False,,,1,,,,4,0.3,,,,,,,,fidelity_ceiling_unrecoverable|literature|1
fidelity_ceiling_unrecoverable,chain1,literature,siv_2024,2,0.9,10,REJECTED,,False,,,1,,,,4,0.3,,,,,,,,fidelity_ceiling_unrecoverable|literature|2
fidelity_ceiling_unrecoverable,chain1,literature,siv_2024,3,0.9,10,REJECTED,,False,,,1,,,,4,0.3,,,,,,,,fidelity_ceiling_unrecoverable|literature|3
fidelity_ceiling_unrecoverable,chain1,literature,siv_2024,4,0.9,10,REJECTED,,False,,,1,,,,4,0.3,,,,,,,,fidelity_ceiling_unrecoverable|literature|4
fidelity_ceiling_unrecoverable,chain1,literature,siv_2024,5,0.9,10,REJECTED,,False,,,1,,,,4,0.3,,,,,,,,fidelity_ceiling_unrecoverable|literature|5
fidelity_ceiling_unrecoverable,chain1,literature,siv_2024,6,0.9,10,REJECTED,,False,,,1,,,,4,0.3,,,,,,,,fidelity_ceiling_unrecoverable|literature|6
fidelity_ceiling_unrecoverable,chain1,literature,siv_2024,7,0.9,10,REJECTED,,False,,,1,,,,4,0.3,,,,,,,,fidelity_ceiling_unrecoverable|literature|7
fidelity_ceiling_unrecoverable,chain1,literature,siv_2024,8,0.9,10,REJECTED,,False,,,1,,,,4,0.3,,,,,,,,fidelity_ceiling_unrecoverable|literature|8
fidelity_ceiling_unrecoverable,chain1,literature,siv_2024,9,0.9,10,REJECTED,,False,,,1,,,,4,0.3,,,,,,,,fidelity_ceiling_unrecoverable|literature|9
fidelity_ceiling_unrecoverable,chain1,literature,siv_2024,10,0.9,10,REJECTED,,False,,,1,,,,4,0.3,,,,,,,,fidelity_ceiling_unrecoverable|literature|10
fidelity_ceiling_unrecoverable,chain1,literature,siv_2024,11,0.9,10,REJECTED,,False,,,1,,,,4,0.3,,,,,,,,fidelity_ceiling_unrecoverable|literature|11
fidelity_ceiling_unrecoverable,chain1,literature,siv_2024,12,0.9,10,REJECTED,,False,,,1,,,,4,0.3,,,,,,,,fidelity_ceiling_unrecoverable|literature|12
fidelity_ceiling_unrecoverable,chain1,literature,siv_2024,13,0.9,10,REJECTED,,False,,,1,,,,4,0.3,,,,,,,,fidelity_ceiling_unrecoverable|literature|13
fidelity_ceiling_unrecoverable,chain1,literature,siv_2024,14,0.9,10,REJECTED,,False,,,1,,,,4,0.3,,,,,,,,fidelity_ceiling_unrecoverable|literature|14
fidelity_ceiling_unrecoverable,chain1,literature,siv_2024,15,0.9,10,REJECTED,,False,,,1,,,,4,0.3,,,,,,,,fidelity_ceiling_unrecoverable|literature|15
fidelity_ceiling_unrecoverable,chain1,literature,siv_2024,16,0.9,10,REJECTED,,False,,,1,,,,4,0.3,,,,,,,,fidelity_ceiling_unrecoverable|literature|16
fidelity_ceiling_unrecoverable,chain1,literature,siv_2024,17,0.9,10,REJECTED,,False,,,1,,,,4,0.3,,,,,,,,fidelity_ceiling_unrecoverable|literature|17
fidelity_ceiling_unrecoverable,chain1,literature,siv_2024,18,0.9,10,REJECTED,,False,,,1,,,,4,0.3,,,,,,,,fidelity_ceiling_unrecoverable|literature|18
fidelity_ceiling_unrecoverable,chain1,literature,siv_2024,19,0.9,10,REJECTED,,False,,,1,,,,4,0.3,,,,,,,,fidelity_ceiling_unrecoverable|literature|19
severe_loss_attempt,chain1,literature,siv_2024,15,0.6,30,VIOLATED,duration_increase,True,False,46.44,2,a->r1->b,8.0,0.699969547507361,4,0.15,45.814,a->r1->b,15.0,0.698780124345003,4.0,0.3,VIOLATED,severe_loss_attempt|literature|15
severe_loss_attempt,chain1,literature,siv_2024,16,0.6,30,VIOLATED,duration_increase,True,False,46.891,2,a->r1->b,8.0,0.6888045501299076,4,0.15,41.719,a->r1->b,20.0,0.6975526123057845,4.0,0.3,VIOLATED,severe_loss_attempt|literature|16
severe_loss_attempt,chain1,literature,siv_2024,18,0.6,30,VIOLATED,duration_increase,True,False,47.72,2,a->r1->b,3.0,0.6913087753990417,4,0.15,39.381,a->r1->b,17.0,0.7003448570633831,4.0,0.3,VIOLATED,severe_loss_attempt|literature|18
severe_loss_attempt,chain1,literature,siv_2024,17,0.6,30,VIOLATED,duration_increase,True,False,47.363,2,a->r1->b,9.0,0.6933161737453479,4,0.15,41.149,a->r1->b,23.0,0.6989708495704123,4.0,0.3,VIOLATED,severe_loss_attempt|literature|17
severe_loss_attempt,chain1,literature,siv_2024,19,0.6,30,VIOLATED,duration_increase,True,False,35.682,2,a->r1->b,8.0,0.7040715850767356,4,0.15,20.16,a->r1->b,18.0,0.6964534706581538,4.0,0.3,VIOLATED,severe_loss_attempt|literature|19
route_change_recoverable,diamond,theoretical_ops,siv_2024_theoretical_ops,2,0.55,10,VIOLATED,route_change,True,True,148.013,2,r1->bad->r3,2.0,0.7401821768531913,4,0.3,21.696,r1->good1->good2->r3,49.0,0.6423705916950568,4.0,0.3,SATISFIED,route_change_recoverable|theoretical_ops|2
route_change_recoverable,diamond,theoretical_ops,siv_2024_theoretical_ops,4,0.55,10,VIOLATED,route_change,True,True,149.194,2,r1->bad->r3,0.0,,4,0.3,21.354,r1->good1->good2->r3,37.0,0.6395222264927962,4.0,0.3,SATISFIED,route_change_recoverable|theoretical_ops|4
route_change_recoverable,diamond,theoretical_ops,siv_2024_theoretical_ops,0,0.55,10,VIOLATED,route_change,True,True,162.883,2,r1->bad->r3,1.0,0.7186861844790987,4,0.3,17.992,r1->good1->good2->r3,50.0,0.6457432615282788,4.0,0.3,SATISFIED,route_change_recoverable|theoretical_ops|0
route_change_recoverable,diamond,theoretical_ops,siv_2024_theoretical_ops,3,0.55,10,VIOLATED,route_change,True,True,152.306,2,r1->bad->r3,0.0,,4,0.3,23.51,r1->good1->good2->r3,38.0,0.642004074512714,4.0,0.3,SATISFIED,route_change_recoverable|theoretical_ops|3
route_change_recoverable,diamond,theoretical_ops,siv_2024_theoretical_ops,1,0.55,10,VIOLATED,route_change,True,True,167.584,2,r1->bad->r3,1.0,0.6672418887383503,4,0.3,18.493,r1->good1->good2->r3,45.0,0.6456590411660744,4.0,0.3,SATISFIED,route_change_recoverable|theoretical_ops|1
route_change_recoverable,diamond,theoretical_ops,siv_2024_theoretical_ops,5,0.55,10,VIOLATED,route_change,True,True,151.468,2,r1->bad->r3,0.0,,4,0.3,19.529,r1->good1->good2->r3,35.0,0.6372050739696072,4.0,0.3,SATISFIED,route_change_recoverable|theoretical_ops|5
route_change_recoverable,diamond,theoretical_ops,siv_2024_theoretical_ops,8,0.55,10,VIOLATED,route_change,True,True,95.876,2,r1->bad->r3,1.0,0.6754343711811281,4,0.3,29.891,r1->good1->good2->r3,34.0,0.6394139748765338,4.0,0.3,SATISFIED,route_change_recoverable|theoretical_ops|8
route_change_recoverable,diamond,theoretical_ops,siv_2024_theoretical_ops,10,0.55,10,VIOLATED,route_change,True,True,94.532,2,r1->bad->r3,2.0,0.6946144408979122,4,0.3,25.019,r1->good1->good2->r3,37.0,0.6370726378969992,4.0,0.3,SATISFIED,route_change_recoverable|theoretical_ops|10
route_change_recoverable,diamond,theoretical_ops,siv_2024_theoretical_ops,6,0.55,10,VIOLATED,route_change,True,True,102.017,2,r1->bad->r3,1.0,0.6828221824656485,4,0.3,34.296,r1->good1->good2->r3,45.0,0.6422728099052138,4.0,0.3,SATISFIED,route_change_recoverable|theoretical_ops|6
route_change_recoverable,diamond,theoretical_ops,siv_2024_theoretical_ops,9,0.55,10,VIOLATED,route_change,True,True,106.25,2,r1->bad->r3,4.0,0.7210502032304779,4,0.3,30.29,r1->good1->good2->r3,43.0,0.6438070581407017,4.0,0.3,SATISFIED,route_change_recoverable|theoretical_ops|9
route_change_recoverable,diamond,theoretical_ops,siv_2024_theoretical_ops,7,0.55,10,VIOLATED,route_change,True,True,110.527,2,r1->bad->r3,0.0,,4,0.3,29.918,r1->good1->good2->r3,48.0,0.6460273517763699,4.0,0.3,SATISFIED,route_change_recoverable|theoretical_ops|7
route_change_recoverable,diamond,theoretical_ops,siv_2024_theoretical_ops,11,0.55,10,VIOLATED,route_change,True,True,94.797,2,r1->bad->r3,1.0,0.6789972987171343,4,0.3,13.594,r1->good1->good2->r3,43.0,0.6411156052123728,4.0,0.3,SATISFIED,route_change_recoverable|theoretical_ops|11
route_change_recoverable,diamond,theoretical_ops,siv_2024_theoretical_ops,13,0.55,10,VIOLATED,route_change,True,True,98.075,2,r1->bad->r3,2.0,0.6870908363562274,4,0.3,15.438,r1->good1->good2->r3,35.0,0.6390554590867864,4.0,0.3,SATISFIED,route_change_recoverable|theoretical_ops|13
route_change_recoverable,diamond,theoretical_ops,siv_2024_theoretical_ops,12,0.55,10,VIOLATED,route_change,True,True,112.399,2,r1->bad->r3,1.0,0.7271158709129657,4,0.3,16.135,r1->good1->good2->r3,43.0,0.6429890194457365,4.0,0.3,SATISFIED,route_change_recoverable|theoretical_ops|12
route_change_recoverable,diamond,theoretical_ops,siv_2024_theoretical_ops,14,0.55,10,VIOLATED,route_change,True,True,119.817,2,r1->bad->r3,2.0,0.7378040240555803,4,0.3,17.859,r1->good1->good2->r3,49.0,0.6431713670616316,4.0,0.3,SATISFIED,route_change_recoverable|theoretical_ops|14
route_change_recoverable,diamond,theoretical_ops,siv_2024_theoretical_ops,15,0.55,10,VIOLATED,route_change,True,True,116.817,2,r1->bad->r3,1.0,0.7403617337795214,4,0.3,17.187,r1->good1->good2->r3,38.0,0.6401821161391825,4.0,0.3,SATISFIED,route_change_recoverable|theoretical_ops|15
route_change_recoverable,diamond,theoretical_ops,siv_2024_theoretical_ops,16,0.55,10,VIOLATED,route_change,True,True,131.02,2,r1->bad->r3,0.0,,4,0.3,14.109,r1->good1->good2->r3,46.0,0.6445492867680092,4.0,0.3,SATISFIED,route_change_recoverable|theoretical_ops|16
route_change_recoverable,diamond,theoretical_ops,siv_2024_theoretical_ops,17,0.55,10,VIOLATED,route_change,True,True,132.131,2,r1->bad->r3,1.0,0.7010759020268863,4,0.3,19.305,r1->good1->good2->r3,50.0,0.64637046495519,4.0,0.3,SATISFIED,route_change_recoverable|theoretical_ops|17
duration_increase_recoverable,chain1,theoretical_ops,siv_2024_theoretical_ops,0,0.6,30,VIOLATED,duration_increase,True,True,65.729,2,a->r1->b,28.0,0.7405818148383293,4,0.15,35.146,a->r1->b,47.0,0.7395574729443328,4.0,0.3,SATISFIED,duration_increase_recoverable|theoretical_ops|0
duration_increase_recoverable,chain1,theoretical_ops,siv_2024_theoretical_ops,1,0.6,30,VIOLATED,duration_increase,True,True,68.684,2,a->r1->b,24.0,0.7390418489244267,4,0.15,32.641,a->r1->b,42.0,0.7399050458540597,4.0,0.3,SATISFIED,duration_increase_recoverable|theoretical_ops|1
route_change_recoverable,diamond,theoretical_ops,siv_2024_theoretical_ops,18,0.55,10,VIOLATED,route_change,True,True,100.873,2,r1->bad->r3,2.0,0.7092630768455563,4,0.3,35.26,r1->good1->good2->r3,40.0,0.6431133385041392,4.0,0.3,SATISFIED,route_change_recoverable|theoretical_ops|18
route_change_recoverable,diamond,theoretical_ops,siv_2024_theoretical_ops,19,0.55,10,VIOLATED,route_change,True,True,103.353,2,r1->bad->r3,1.0,0.7174153614894389,4,0.3,23.865,r1->good1->good2->r3,41.0,0.6422687236258264,4.0,0.3,SATISFIED,route_change_recoverable|theoretical_ops|19
duration_increase_recoverable,chain1,theoretical_ops,siv_2024_theoretical_ops,2,0.6,30,VIOLATED,duration_increase,True,True,69.647,2,a->r1->b,29.0,0.742587616675417,4,0.15,35.223,a->r1->b,44.0,0.7393747646628971,4.0,0.3,SATISFIED,duration_increase_recoverable|theoretical_ops|2
duration_increase_recoverable,chain1,theoretical_ops,siv_2024_theoretical_ops,3,0.6,30,VIOLATED,duration_increase,True,True,69.952,2,a->r1->b,18.0,0.7421840350609916,4,0.15,36.537,a->r1->b,47.0,0.7407949108696996,4.0,0.3,SATISFIED,duration_increase_recoverable|theoretical_ops|3
duration_increase_recoverable,chain1,theoretical_ops,siv_2024_theoretical_ops,7,0.6,30,SATISFIED,,False,,,1,a->r1->b,31.0,0.7414705990918098,4,0.15,31.395,,,,,,,duration_increase_recoverable|theoretical_ops|7
duration_increase_recoverable,chain1,theoretical_ops,siv_2024_theoretical_ops,4,0.6,30,VIOLATED,duration_increase,True,True,110.113,2,a->r1->b,16.0,0.7372735994011052,4,0.15,32.207,a->r1->b,43.0,0.7398301294340727,4.0,0.3,SATISFIED,duration_increase_recoverable|theoretical_ops|4
duration_increase_recoverable,chain1,theoretical_ops,siv_2024_theoretical_ops,5,0.6,30,VIOLATED,duration_increase,True,True,117.102,2,a->r1->b,21.0,0.7383603264465444,4,0.15,32.114,a->r1->b,48.0,0.7405361154908087,4.0,0.3,SATISFIED,duration_increase_recoverable|theoretical_ops|5
duration_increase_recoverable,chain1,theoretical_ops,siv_2024_theoretical_ops,6,0.6,30,VIOLATED,duration_increase,True,True,129.187,2,a->r1->b,27.0,0.7421768670036835,4,0.15,35.411,a->r1->b,49.0,0.7408180675450627,4.0,0.3,SATISFIED,duration_increase_recoverable|theoretical_ops|6
duration_increase_recoverable,chain1,theoretical_ops,siv_2024_theoretical_ops,8,0.6,30,VIOLATED,duration_increase,True,True,132.501,2,a->r1->b,20.0,0.739194731546954,4,0.15,30.937,a->r1->b,50.0,0.7409825084007844,4.0,0.3,SATISFIED,duration_increase_recoverable|theoretical_ops|8
duration_increase_recoverable,chain1,theoretical_ops,siv_2024_theoretical_ops,9,0.6,30,VIOLATED,duration_increase,True,True,126.617,2,a->r1->b,17.0,0.737831285267574,4,0.15,30.998,a->r1->b,45.0,0.738111577878703,4.0,0.3,SATISFIED,duration_increase_recoverable|theoretical_ops|9
duration_increase_recoverable,chain1,theoretical_ops,siv_2024_theoretical_ops,10,0.6,30,VIOLATED,duration_increase,True,True,139.773,2,a->r1->b,27.0,0.7405030263822158,4,0.15,34.35,a->r1->b,50.0,0.741867928773482,4.0,0.3,SATISFIED,duration_increase_recoverable|theoretical_ops|10
duration_increase_recoverable,chain1,theoretical_ops,siv_2024_theoretical_ops,12,0.6,30,VIOLATED,duration_increase,True,True,123.487,2,a->r1->b,24.0,0.7416121928153926,4,0.15,48.993,a->r1->b,37.0,0.7368413084593509,4.0,0.3,SATISFIED,duration_increase_recoverable|theoretical_ops|12
duration_increase_recoverable,chain1,theoretical_ops,siv_2024_theoretical_ops,11,0.6,30,VIOLATED,duration_increase,True,True,132.7,2,a->r1->b,21.0,0.7405855100199655,4,0.15,53.059,a->r1->b,57.0,0.7409723035261422,4.0,0.3,SATISFIED,duration_increase_recoverable|theoretical_ops|11
duration_increase_recoverable,chain1,theoretical_ops,siv_2024_theoretical_ops,13,0.6,30,VIOLATED,duration_increase,True,True,131.228,2,a->r1->b,26.0,0.7399826039079292,4,0.15,43.655,a->r1->b,49.0,0.740187521740744,4.0,0.3,SATISFIED,duration_increase_recoverable|theoretical_ops|13
duration_increase_recoverable,chain1,theoretical_ops,siv_2024_theoretical_ops,14,0.6,30,VIOLATED,duration_increase,True,True,128.827,2,a->r1->b,25.0,0.7405220113683582,4,0.15,49.867,a->r1->b,52.0,0.7407941957527009,4.0,0.3,SATISFIED,duration_increase_recoverable|theoretical_ops|14
duration_increase_recoverable,chain1,theoretical_ops,siv_2024_theoretical_ops,15,0.6,30,VIOLATED,duration_increase,True,True,127.189,2,a->r1->b,25.0,0.7409748636283736,4,0.15,52.058,a->r1->b,49.0,0.7406341788717996,4.0,0.3,SATISFIED,duration_increase_recoverable|theoretical_ops|15
duration_increase_recoverable,chain1,theoretical_ops,siv_2024_theoretical_ops,16,0.6,30,VIOLATED,duration_increase,True,True,93.757,2,a->r1->b,22.0,0.7403419743922264,4,0.15,81.1,a->r1->b,51.0,0.7406396491770314,4.0,0.3,SATISFIED,duration_increase_recoverable|theoretical_ops|16
duration_increase_recoverable,chain1,theoretical_ops,siv_2024_theoretical_ops,18,0.6,30,VIOLATED,duration_increase,True,True,110.537,2,a->r1->b,19.0,0.7361252247974708,4,0.15,38.489,a->r1->b,47.0,0.739116797048844,4.0,0.3,SATISFIED,duration_increase_recoverable|theoretical_ops|18
duration_increase_recoverable,chain1,theoretical_ops,siv_2024_theoretical_ops,17,0.6,30,VIOLATED,duration_increase,True,True,114.922,2,a->r1->b,25.0,0.7395454944245852,4,0.15,41.532,a->r1->b,52.0,0.7404349765872584,4.0,0.3,SATISFIED,duration_increase_recoverable|theoretical_ops|17
duration_increase_recoverable,chain1,theoretical_ops,siv_2024_theoretical_ops,19,0.6,30,VIOLATED,duration_increase,True,True,125.863,2,a->r1->b,20.0,0.7374511220567419,4,0.15,35.161,a->r1->b,46.0,0.7398977731423876,4.0,0.3,SATISFIED,duration_increase_recoverable|theoretical_ops|19
slot_increase_recoverable,chain1,theoretical_ops,siv_2024_theoretical_ops,0,0.6,30,VIOLATED,slot_increase,True,True,122.327,2,a->r1->b,27.0,0.7388843730371698,2,0.3,39.919,a->r1->b,47.0,0.7395574729443328,4.0,0.3,SATISFIED,slot_increase_recoverable|theoretical_ops|0
slot_increase_recoverable,chain1,theoretical_ops,siv_2024_theoretical_ops,1,0.6,30,VIOLATED,slot_increase,True,True,131.271,2,a->r1->b,21.0,0.7364420998733868,2,0.3,35.817,a->r1->b,42.0,0.7399050458540597,4.0,0.3,SATISFIED,slot_increase_recoverable|theoretical_ops|1
slot_increase_recoverable,chain1,theoretical_ops,siv_2024_theoretical_ops,2,0.6,30,VIOLATED,slot_increase,True,True,127.659,2,a->r1->b,25.0,0.7398976330588595,2,0.3,48.435,a->r1->b,44.0,0.7393747646628971,4.0,0.3,SATISFIED,slot_increase_recoverable|theoretical_ops|2
slot_increase_recoverable,chain1,theoretical_ops,siv_2024_theoretical_ops,4,0.6,30,VIOLATED,slot_increase,True,True,122.88,2,a->r1->b,16.0,0.7342067288628729,2,0.3,53.007,a->r1->b,43.0,0.7398301294340727,4.0,0.3,SATISFIED,slot_increase_recoverable|theoretical_ops|4
slot_increase_recoverable,chain1,theoretical_ops,siv_2024_theoretical_ops,3,0.6,30,VIOLATED,slot_increase,True,True,123.897,2,a->r1->b,18.0,0.7391521409900558,2,0.3,59.255,a->r1->b,47.0,0.7407949108696996,4.0,0.3,SATISFIED,slot_increase_recoverable|theoretical_ops|3
slot_increase_recoverable,chain1,theoretical_ops,siv_2024_theoretical_ops,5,0.6,30,VIOLATED,slot_increase,True,True,123.655,2,a->r1->b,20.0,0.7359295756265585,2,0.3,49.709,a->r1->b,48.0,0.7405361154908087,4.0,0.3,SATISFIED,slot_increase_recoverable|theoretical_ops|5
slot_increase_recoverable,chain1,theoretical_ops,siv_2024_theoretical_ops,7,0.6,30,VIOLATED,slot_increase,True,True,109.877,2,a->r1->b,27.0,0.7387817440878031,2,0.3,50.918,a->r1->b,42.0,0.7391797999029078,4.0,0.3,SATISFIED,slot_increase_recoverable|theoretical_ops|7
slot_increase_recoverable,chain1,theoretical_ops,siv_2024_theoretical_ops,6,0.6,30,VIOLATED,slot_increase,True,True,121.663,2,a->r1->b,27.0,0.7404716835358015,2,0.3,57.775,a->r1->b,49.0,0.7408180675450627,4.0,0.3,SATISFIED,slot_increase_recoverable|theoretical_ops|6
slot_increase_recoverable,chain1,theoretical_ops,siv_2024_theoretical_ops,8,0.6,30,VIOLATED,slot_increase,True,True,111.463,2,a->r1->b,19.0,0.7350449835514619,2,0.3,57.743,a->r1->b,50.0,0.7409825084007844,4.0,0.3,SATISFIED,slot_increase_recoverable|theoretical_ops|8
slot_increase_recoverable,chain1,theoretical_ops,siv_2024_theoretical_ops,9,0.6,30,VIOLATED,slot_increase,True,True,107.494,2,a->r1->b,15.0,0.734507859992903,2,0.3,48.215,a->r1->b,45.0,0.738111577878703,4.0,0.3,SATISFIED,slot_increase_recoverable|theoretical_ops|9
slot_increase_recoverable,chain1,theoretical_ops,siv_2024_theoretical_ops,10,0.6,30,VIOLATED,slot_increase,True,True,118.999,2,a->r1->b,26.0,0.7382561351938696,2,0.3,47.595,a->r1->b,50.0,0.741867928773482,4.0,0.3,SATISFIED,slot_increase_recoverable|theoretical_ops|10
slot_increase_recoverable,chain1,theoretical_ops,siv_2024_theoretical_ops,11,0.6,30,VIOLATED,slot_increase,True,True,116.694,2,a->r1->b,19.0,0.7377467488878595,2,0.3,46.964,a->r1->b,57.0,0.7409723035261422,4.0,0.3,SATISFIED,slot_increase_recoverable|theoretical_ops|11
slot_increase_recoverable,chain1,theoretical_ops,siv_2024_theoretical_ops,12,0.6,30,VIOLATED,slot_increase,True,True,107.712,2,a->r1->b,23.0,0.7386378010246593,2,0.3,47.148,a->r1->b,37.0,0.7368413084593509,4.0,0.3,SATISFIED,slot_increase_recoverable|theoretical_ops|12
slot_increase_recoverable,chain1,theoretical_ops,siv_2024_theoretical_ops,13,0.6,30,VIOLATED,slot_increase,True,True,115.961,2,a->r1->b,25.0,0.7378702286188533,2,0.3,47.581,a->r1->b,49.0,0.740187521740744,4.0,0.3,SATISFIED,slot_increase_recoverable|theoretical_ops|13
slot_increase_recoverable,chain1,theoretical_ops,siv_2024_theoretical_ops,14,0.6,30,VIOLATED,slot_increase,True,True,115.541,2,a->r1->b,24.0,0.7371366496226345,2,0.3,59.173,a->r1->b,52.0,0.7407941957527009,4.0,0.3,SATISFIED,slot_increase_recoverable|theoretical_ops|14
slot_increase_recoverable,chain1,theoretical_ops,siv_2024_theoretical_ops,15,0.6,30,VIOLATED,slot_increase,True,True,105.85,2,a->r1->b,21.0,0.7383938069587492,2,0.3,49.785,a->r1->b,49.0,0.7406341788717996,4.0,0.3,SATISFIED,slot_increase_recoverable|theoretical_ops|15
slot_increase_recoverable,chain1,theoretical_ops,siv_2024_theoretical_ops,16,0.6,30,VIOLATED,slot_increase,True,True,92.197,2,a->r1->b,20.0,0.7356594127069307,2,0.3,57.197,a->r1->b,51.0,0.7406396491770314,4.0,0.3,SATISFIED,slot_increase_recoverable|theoretical_ops|16
slot_increase_recoverable,chain1,theoretical_ops,siv_2024_theoretical_ops,18,0.6,30,VIOLATED,slot_increase,True,True,81.954,2,a->r1->b,18.0,0.734914639916568,2,0.3,53.622,a->r1->b,47.0,0.739116797048844,4.0,0.3,SATISFIED,slot_increase_recoverable|theoretical_ops|18
slot_increase_recoverable,chain1,theoretical_ops,siv_2024_theoretical_ops,17,0.6,30,VIOLATED,slot_increase,True,True,84.516,2,a->r1->b,24.0,0.7380202808584011,2,0.3,55.897,a->r1->b,52.0,0.7404349765872584,4.0,0.3,SATISFIED,slot_increase_recoverable|theoretical_ops|17
decoherence_margin,chain1,theoretical_ops,siv_2024_theoretical_ops,0,0.705,30,SATISFIED,,False,,,1,a->r1->b,52.0,0.7401737861587077,4,0.3,78.076,,,,,,,decoherence_margin|theoretical_ops|0
slot_increase_recoverable,chain1,theoretical_ops,siv_2024_theoretical_ops,19,0.6,30,VIOLATED,slot_increase,True,True,79.608,2,a->r1->b,19.0,0.7364732916045719,2,0.3,49.564,a->r1->b,46.0,0.7398977731423876,4.0,0.3,SATISFIED,slot_increase_recoverable|theoretical_ops|19
decoherence_margin,chain1,theoretical_ops,siv_2024_theoretical_ops,1,0.705,30,SATISFIED,,False,,,1,a->r1->b,53.0,0.7405452582224509,4,0.3,62.324,,,,,,,decoherence_margin|theoretical_ops|1
decoherence_margin,chain1,theoretical_ops,siv_2024_theoretical_ops,2,0.705,30,SATISFIED,,False,,,1,a->r1->b,45.0,0.7411025650438207,4,0.3,71.735,,,,,,,decoherence_margin|theoretical_ops|2
decoherence_margin,chain1,theoretical_ops,siv_2024_theoretical_ops,4,0.705,30,SATISFIED,,False,,,1,a->r1->b,35.0,0.736635984811677,4,0.3,63.936,,,,,,,decoherence_margin|theoretical_ops|4
decoherence_margin,chain1,theoretical_ops,siv_2024_theoretical_ops,5,0.705,30,SATISFIED,,False,,,1,a->r1->b,39.0,0.7394782984271258,4,0.3,63.91,,,,,,,decoherence_margin|theoretical_ops|5
decoherence_margin,chain1,theoretical_ops,siv_2024_theoretical_ops,3,0.705,30,SATISFIED,,False,,,1,a->r1->b,36.0,0.7412375680231761,4,0.3,70.347,,,,,,,decoherence_margin|theoretical_ops|3
decoherence_margin,chain1,theoretical_ops,siv_2024_theoretical_ops,6,0.705,30,SATISFIED,,False,,,1,a->r1->b,50.0,0.7404777479726445,4,0.3,81.557,,,,,,,decoherence_margin|theoretical_ops|6
decoherence_margin,chain1,theoretical_ops,siv_2024_theoretical_ops,7,0.705,30,SATISFIED,,False,,,1,a->r1->b,52.0,0.7404146535361398,4,0.3,100.162,,,,,,,decoherence_margin|theoretical_ops|7
decoherence_margin,chain1,theoretical_ops,siv_2024_theoretical_ops,8,0.705,30,SATISFIED,,False,,,1,a->r1->b,36.0,0.740956346549985,4,0.3,94.499,,,,,,,decoherence_margin|theoretical_ops|8
decoherence_margin,chain1,theoretical_ops,siv_2024_theoretical_ops,11,0.705,30,SATISFIED,,False,,,1,a->r1->b,37.0,0.7417107653605689,4,0.3,94.655,,,,,,,decoherence_margin|theoretical_ops|11
decoherence_margin,chain1,theoretical_ops,siv_2024_theoretical_ops,9,0.705,30,SATISFIED,,False,,,1,a->r1->b,37.0,0.7390265490384481,4,0.3,102.939,,,,,,,decoherence_margin|theoretical_ops|9
decoherence_margin,chain1,theoretical_ops,siv_2024_theoretical_ops,10,0.705,30,SATISFIED,,False,,,1,a->r1->b,56.0,0.7421049454079885,4,0.3,104.148,,,,,,,decoherence_margin|theoretical_ops|10
decoherence_margin,chain1,theoretical_ops,siv_2024_theoretical_ops,12,0.705,30,SATISFIED,,False,,,1,a->r1->b,52.0,0.7403282860199922,4,0.3,103.639,,,,,,,decoherence_margin|theoretical_ops|12
decoherence_margin,chain1,theoretical_ops,siv_2024_theoretical_ops,13,0.705,30,SATISFIED,,False,,,1,a->r1->b,54.0,0.740275796754913,4,0.3,88.856,,,,,,,decoherence_margin|theoretical_ops|13
decoherence_margin,chain1,theoretical_ops,siv_2024_theoretical_ops,14,0.705,30,SATISFIED,,False,,,1,a->r1->b,47.0,0.7407071162975384,4,0.3,95.034,,,,,,,decoherence_margin|theoretical_ops|14
decoherence_margin,chain1,theoretical_ops,siv_2024_theoretical_ops,15,0.705,30,SATISFIED,,False,,,1,a->r1->b,48.0,0.7397856038149565,4,0.3,88.953,,,,,,,decoherence_margin|theoretical_ops|15
decoherence_margin,chain1,theoretical_ops,siv_2024_theoretical_ops,16,0.705,30,SATISFIED,,False,,,1,a->r1->b,51.0,0.740913017548431,4,0.3,93.763,,,,,,,decoherence_margin|theoretical_ops|16
decoherence_margin,chain1,theoretical_ops,siv_2024_theoretical_ops,17,0.705,30,SATISFIED,,False,,,1,a->r1->b,53.0,0.7410867887555838,4,0.3,89.105,,,,,,,decoherence_margin|theoretical_ops|17
decoherence_margin,chain1,theoretical_ops,siv_2024_theoretical_ops,18,0.705,30,SATISFIED,,False,,,1,a->r1->b,36.0,0.738336243708608,4,0.3,75.991,,,,,,,decoherence_margin|theoretical_ops|18
decoherence_margin,chain1,theoretical_ops,siv_2024_theoretical_ops,19,0.705,30,SATISFIED,,False,,,1,a->r1->b,38.0,0.7402387867754767,4,0.3,65.17,,,,,,,decoherence_margin|theoretical_ops|19
severe_loss_attempt,chain1,theoretical_ops,siv_2024_theoretical_ops,1,0.6,30,VIOLATED,duration_increase,True,False,30.91,2,a->r1->b,9.0,0.7309706722078706,4,0.15,17.052,a->r1->b,13.0,0.7303366966906458,4.0,0.3,VIOLATED,severe_loss_attempt|theoretical_ops|1
severe_loss_attempt,chain1,theoretical_ops,siv_2024_theoretical_ops,0,0.6,30,VIOLATED,duration_increase,True,False,34.646,2,a->r1->b,8.0,0.7289215496136316,4,0.15,15.735,a->r1->b,16.0,0.7279327319248909,4.0,0.3,VIOLATED,severe_loss_attempt|theoretical_ops|0
severe_loss_attempt,chain1,theoretical_ops,siv_2024_theoretical_ops,2,0.6,30,VIOLATED,duration_increase,True,False,43.337,2,a->r1->b,6.0,0.7321493515677293,4,0.15,17.767,a->r1->b,16.0,0.7300312702471562,4.0,0.3,VIOLATED,severe_loss_attempt|theoretical_ops|2
severe_loss_attempt,chain1,theoretical_ops,siv_2024_theoretical_ops,3,0.6,30,VIOLATED,duration_increase,True,False,42.149,2,a->r1->b,9.0,0.7387340921705275,4,0.15,19.999,a->r1->b,13.0,0.7304225449162391,4.0,0.3,VIOLATED,severe_loss_attempt|theoretical_ops|3
severe_loss_attempt,chain1,theoretical_ops,siv_2024_theoretical_ops,4,0.6,30,VIOLATED,duration_increase,True,False,37.175,2,a->r1->b,6.0,0.7299916114750763,4,0.15,15.988,a->r1->b,11.0,0.7105988088277914,4.0,0.3,VIOLATED,severe_loss_attempt|theoretical_ops|4
severe_loss_attempt,chain1,theoretical_ops,siv_2024_theoretical_ops,7,0.6,30,VIOLATED,duration_increase,True,False,37.255,2,a->r1->b,12.0,0.7329419262143859,4,0.15,24.108,a->r1->b,13.0,0.7314666362448651,4.0,0.3,VIOLATED,severe_loss_attempt|theoretical_ops|7
severe_loss_attempt,chain1,theoretical_ops,siv_2024_theoretical_ops,6,0.6,30,VIOLATED,duration_increase,True,False,42.68,2,a->r1->b,10.0,0.7394571822256581,4,0.15,27.535,a->r1->b,17.0,0.7361995968033382,4.0,0.3,VIOLATED,severe_loss_attempt|theoretical_ops|6
severe_loss_attempt,chain1,theoretical_ops,siv_2024_theoretical_ops,5,0.6,30,VIOLATED,duration_increase,True,False,43.815,2,a->r1->b,7.0,0.7375385485438536,4,0.15,27.12,a->r1->b,18.0,0.738355805698109,4.0,0.3,VIOLATED,severe_loss_attempt|theoretical_ops|5
severe_loss_attempt,chain1,theoretical_ops,siv_2024_theoretical_ops,10,0.6,30,VIOLATED,duration_increase,True,False,40.96,2,a->r1->b,12.0,0.7279042024128328,4,0.15,14.844,a->r1->b,11.0,0.7255761152603919,4.0,0.3,VIOLATED,severe_loss_attempt|theoretical_ops|10
severe_loss_attempt,chain1,theoretical_ops,siv_2024_theoretical_ops,9,0.6,30,VIOLATED,duration_increase,True,False,38.776,2,a->r1->b,9.0,0.7368182609221425,4,0.15,20.91,a->r1->b,14.0,0.7354979706679129,4.0,0.3,VIOLATED,severe_loss_attempt|theoretical_ops|9
severe_loss_attempt,chain1,theoretical_ops,siv_2024_theoretical_ops,8,0.6,30,VIOLATED,duration_increase,True,False,46.0,2,a->r1->b,6.0,0.7386277612456106,4,0.15,16.64,a->r1->b,16.0,0.7385238516455152,4.0,0.3,VIOLATED,severe_loss_attempt|theoretical_ops|8
severe_loss_attempt,chain1,theoretical_ops,siv_2024_theoretical_ops,11,0.6,30,VIOLATED,duration_increase,True,False,43.237,2,a->r1->b,6.0,0.7417912238933054,4,0.15,16.293,a->r1->b,19.0,0.7273883796079734,4.0,0.3,VIOLATED,severe_loss_attempt|theoretical_ops|11
severe_loss_attempt,chain1,theoretical_ops,siv_2024_theoretical_ops,13,0.6,30,VIOLATED,duration_increase,True,False,37.545,2,a->r1->b,5.0,0.7279366517825989,4,0.15,15.436,a->r1->b,11.0,0.709105480326974,4.0,0.3,VIOLATED,severe_loss_attempt|theoretical_ops|13
severe_loss_attempt,chain1,theoretical_ops,siv_2024_theoretical_ops,12,0.6,30,VIOLATED,duration_increase,True,False,38.821,2,a->r1->b,13.0,0.7357921854020201,4,0.15,16.861,a->r1->b,10.0,0.724819875248623,4.0,0.3,VIOLATED,severe_loss_attempt|theoretical_ops|12
severe_loss_attempt,chain1,theoretical_ops,siv_2024_theoretical_ops,14,0.6,30,VIOLATED,duration_increase,True,False,38.295,2,a->r1->b,8.0,0.7308850020356796,4,0.15,21.989,a->r1->b,22.0,0.7380576097883299,4.0,0.3,VIOLATED,severe_loss_attempt|theoretical_ops|14
fidelity_ceiling_unrecoverable,chain1,theoretical_ops,siv_2024_theoretical_ops,0,0.9,10,REJECTED,,False,,,1,,,,4,0.3,,,,,,,,fidelity_ceiling_unrecoverable|theoretical_ops|0
fidelity_ceiling_unrecoverable,chain1,theoretical_ops,siv_2024_theoretical_ops,1,0.9,10,REJECTED,,False,,,1,,,,4,0.3,,,,,,,,fidelity_ceiling_unrecoverable|theoretical_ops|1
fidelity_ceiling_unrecoverable,chain1,theoretical_ops,siv_2024_theoretical_ops,2,0.9,10,REJECTED,,False,,,1,,,,4,0.3,,,,,,,,fidelity_ceiling_unrecoverable|theoretical_ops|2
fidelity_ceiling_unrecoverable,chain1,theoretical_ops,siv_2024_theoretical_ops,3,0.9,10,REJECTED,,False,,,1,,,,4,0.3,,,,,,,,fidelity_ceiling_unrecoverable|theoretical_ops|3
fidelity_ceiling_unrecoverable,chain1,theoretical_ops,siv_2024_theoretical_ops,4,0.9,10,REJECTED,,False,,,1,,,,4,0.3,,,,,,,,fidelity_ceiling_unrecoverable|theoretical_ops|4
fidelity_ceiling_unrecoverable,chain1,theoretical_ops,siv_2024_theoretical_ops,5,0.9,10,REJECTED,,False,,,1,,,,4,0.3,,,,,,,,fidelity_ceiling_unrecoverable|theoretical_ops|5
fidelity_ceiling_unrecoverable,chain1,theoretical_ops,siv_2024_theoretical_ops,6,0.9,10,REJECTED,,False,,,1,,,,4,0.3,,,,,,,,fidelity_ceiling_unrecoverable|theoretical_ops|6
fidelity_ceiling_unrecoverable,chain1,theoretical_ops,siv_2024_theoretical_ops,7,0.9,10,REJECTED,,False,,,1,,,,4,0.3,,,,,,,,fidelity_ceiling_unrecoverable|theoretical_ops|7
fidelity_ceiling_unrecoverable,chain1,theoretical_ops,siv_2024_theoretical_ops,8,0.9,10,REJECTED,,False,,,1,,,,4,0.3,,,,,,,,fidelity_ceiling_unrecoverable|theoretical_ops|8
fidelity_ceiling_unrecoverable,chain1,theoretical_ops,siv_2024_theoretical_ops,9,0.9,10,REJECTED,,False,,,1,,,,4,0.3,,,,,,,,fidelity_ceiling_unrecoverable|theoretical_ops|9
fidelity_ceiling_unrecoverable,chain1,theoretical_ops,siv_2024_theoretical_ops,10,0.9,10,REJECTED,,False,,,1,,,,4,0.3,,,,,,,,fidelity_ceiling_unrecoverable|theoretical_ops|10
fidelity_ceiling_unrecoverable,chain1,theoretical_ops,siv_2024_theoretical_ops,11,0.9,10,REJECTED,,False,,,1,,,,4,0.3,,,,,,,,fidelity_ceiling_unrecoverable|theoretical_ops|11
fidelity_ceiling_unrecoverable,chain1,theoretical_ops,siv_2024_theoretical_ops,12,0.9,10,REJECTED,,False,,,1,,,,4,0.3,,,,,,,,fidelity_ceiling_unrecoverable|theoretical_ops|12
fidelity_ceiling_unrecoverable,chain1,theoretical_ops,siv_2024_theoretical_ops,13,0.9,10,REJECTED,,False,,,1,,,,4,0.3,,,,,,,,fidelity_ceiling_unrecoverable|theoretical_ops|13
fidelity_ceiling_unrecoverable,chain1,theoretical_ops,siv_2024_theoretical_ops,14,0.9,10,REJECTED,,False,,,1,,,,4,0.3,,,,,,,,fidelity_ceiling_unrecoverable|theoretical_ops|14
fidelity_ceiling_unrecoverable,chain1,theoretical_ops,siv_2024_theoretical_ops,15,0.9,10,REJECTED,,False,,,1,,,,4,0.3,,,,,,,,fidelity_ceiling_unrecoverable|theoretical_ops|15
fidelity_ceiling_unrecoverable,chain1,theoretical_ops,siv_2024_theoretical_ops,16,0.9,10,REJECTED,,False,,,1,,,,4,0.3,,,,,,,,fidelity_ceiling_unrecoverable|theoretical_ops|16
fidelity_ceiling_unrecoverable,chain1,theoretical_ops,siv_2024_theoretical_ops,17,0.9,10,REJECTED,,False,,,1,,,,4,0.3,,,,,,,,fidelity_ceiling_unrecoverable|theoretical_ops|17
fidelity_ceiling_unrecoverable,chain1,theoretical_ops,siv_2024_theoretical_ops,18,0.9,10,REJECTED,,False,,,1,,,,4,0.3,,,,,,,,fidelity_ceiling_unrecoverable|theoretical_ops|18
fidelity_ceiling_unrecoverable,chain1,theoretical_ops,siv_2024_theoretical_ops,19,0.9,10,REJECTED,,False,,,1,,,,4,0.3,,,,,,,,fidelity_ceiling_unrecoverable|theoretical_ops|19
severe_loss_attempt,chain1,theoretical_ops,siv_2024_theoretical_ops,15,0.6,30,VIOLATED,duration_increase,True,False,34.636,2,a->r1->b,8.0,0.736696702760764,4,0.15,25.842,a->r1->b,15.0,0.7354101971860786,4.0,0.3,VIOLATED,severe_loss_attempt|theoretical_ops|15
severe_loss_attempt,chain1,theoretical_ops,siv_2024_theoretical_ops,16,0.6,30,VIOLATED,duration_increase,True,False,35.407,2,a->r1->b,8.0,0.7246204023976816,4,0.15,24.971,a->r1->b,20.0,0.7340824938661622,4.0,0.3,VIOLATED,severe_loss_attempt|theoretical_ops|16
severe_loss_attempt,chain1,theoretical_ops,siv_2024_theoretical_ops,17,0.6,30,VIOLATED,duration_increase,True,False,31.35,2,a->r1->b,9.0,0.7295002711574592,4,0.15,15.503,a->r1->b,23.0,0.735616489675991,4.0,0.3,VIOLATED,severe_loss_attempt|theoretical_ops|17
severe_loss_attempt,chain1,theoretical_ops,siv_2024_theoretical_ops,18,0.6,30,VIOLATED,duration_increase,True,False,32.143,2,a->r1->b,3.0,0.7273290260994618,4,0.15,14.338,a->r1->b,17.0,0.7371026456172138,4.0,0.3,VIOLATED,severe_loss_attempt|theoretical_ops|18
severe_loss_attempt,chain1,theoretical_ops,siv_2024_theoretical_ops,19,0.6,30,VIOLATED,duration_increase,True,False,26.437,2,a->r1->b,8.0,0.7411335544781189,4,0.15,18.954,a->r1->b,18.0,0.7328936387120027,4.0,0.3,VIOLATED,severe_loss_attempt|theoretical_ops|19
