hardware,condition,topology,seeds,accepted_count,accepted_of,accepted_rate,accepted_ci_low,accepted_ci_high,outcome_evaluated,satisfied_count,satisfied_of,satisfied_rate,satisfied_ci_low,satisfied_ci_high,delivered_pairs_mean,delivered_pairs_ci_low,delivered_pairs_ci_high,delivered_pairs_n,average_fidelity_mean,average_fidelity_ci_low,average_fidelity_ci_high,average_fidelity_n,route,episodes_mean,total_wall_time_s_median
literature,native_sequence,diamond,20,20,20,1.0,0.8388748419471806,1.0,20,20,20,1.0,0.8388748419471806,1.0,43.45,41.59977695431496,45.300223045685044,20,0.586565586107057,0.5860284351798735,0.5871027370342405,20,r1 -> good1 -> good2 -> r3,1.0,19.616873499999997
literature,static_provisioning,diamond,20,20,20,1.0,0.8388748419471806,1.0,20,0,20,0.0,0.0,0.16112515805281938,1.15,0.6875610800140457,1.6124389199859541,20,0.6721535927230895,0.6595056695467894,0.6848015158993896,15,r1 -> bad -> r3,1.0,3.519411
literature,ibqn_without_assurance,diamond,20,20,20,1.0,0.8388748419471806,1.0,0,0,0,,,,,,,0,,,,0,r1 -> bad -> r3,1.0,3.460943700003554
literature,ibqn_with_assurance,diamond,20,20,20,1.0,0.8388748419471806,1.0,20,0,20,0.0,0.0,0.16112515805281938,1.15,0.6875610800140457,1.6124389199859541,20,0.6721535927230895,0.6595056695467894,0.6848015158993896,15,r1 -> bad -> r3,1.0,3.4103339999999998
literature,ibqn_with_reconciliation,diamond,20,20,20,1.0,0.8388748419471806,1.0,20,20,20,1.0,0.8388748419471806,1.0,41.6,38.71336752488966,44.48663247511034,20,0.5854249376089667,0.5843803913751209,0.5864694838428126,20,r1 -> good1 -> good2 -> r3,2.0,24.8361935
literature,ibqn_resource_aware_planner,diamond,20,20,20,1.0,0.8388748419471806,1.0,20,20,20,1.0,0.8388748419471806,1.0,43.45,41.59977695431496,45.300223045685044,20,0.586565586107057,0.5860284351798735,0.5871027370342405,20,r1 -> good1 -> good2 -> r3,1.0,22.7208735
literature,offline_oracle,diamond,20,20,20,1.0,0.8388748419471806,1.0,20,20,20,1.0,0.8388748419471806,1.0,43.45,41.59977695431496,45.300223045685044,20,0.586565586107057,0.5860284351798735,0.5871027370342405,20,r1 -> good1 -> good2 -> r3,2.0,24.3703755
theoretical_ops,native_sequence,diamond,20,20,20,1.0,0.8388748419471806,1.0,20,20,20,1.0,0.8388748419471806,1.0,44.3,42.89924494267624,45.700755057323754,20,0.6436804327096182,0.6431148455604548,0.6442460198587815,20,r1 -> good1 -> good2 -> r3,1.0,21.2036545
theoretical_ops,static_provisioning,diamond,20,20,20,1.0,0.8388748419471806,1.0,20,0,20,0.0,0.0,0.16112515805281938,1.15,0.6875610800140457,1.6124389199859541,20,0.7066103701352745,0.6929301054578609,0.7202906348126881,15,r1 -> bad -> r3,1.0,3.5515670000000004
theoretical_ops,ibqn_without_assurance,diamond,20,20,20,1.0,0.8388748419471806,1.0,0,0,0,,,,,,,0,,,,0,r1 -> bad -> r3,1.0,3.2577952000137884
theoretical_ops,ibqn_with_assurance,diamond,20,20,20,1.0,0.8388748419471806,1.0,20,0,20,0.0,0.0,0.16112515805281938,1.15,0.6875610800140457,1.6124389199859541,20,0.7066103701352745,0.6929301054578609,0.7202906348126881,15,r1 -> bad -> r3,1.0,3.8957215
theoretical_ops,ibqn_with_reconciliation,diamond,20,20,20,1.0,0.8388748419471806,1.0,20,20,20,1.0,0.8388748419471806,1.0,42.3,39.79066716669674,44.80933283330325,20,0.6421956741379612,0.6408874890585908,0.6435038592173316,20,r1 -> good1 -> good2 -> r3,2.0,25.763116
theoretical_ops,ibqn_resource_aware_planner,diamond,20,20,20,1.0,0.8388748419471806,1.0,20,20,20,1.0,0.8388748419471806,1.0,44.3,42.89924494267624,45.700755057323754,20,0.6436804327096183,0.643114845560455,0.6442460198587816,20,r1 -> good1 -> good2 -> r3,1.0,19.952188
theoretical_ops,offline_oracle,diamond,20,20,20,1.0,0.8388748419471806,1.0,20,20,20,1.0,0.8388748419471806,1.0,44.3,42.89924494267624,45.700755057323754,20,0.6436804327096182,0.6431148455604548,0.6442460198587815,20,r1 -> good1 -> good2 -> r3,2.0,22.653900999999998
