hardware,topology,routing_strategy,seeds,route,distinct_routes,hop_count,requested_fidelity,min_delivered_pairs,satisfied_count,satisfied_of,satisfied_rate,satisfied_ci_low,satisfied_ci_high,delivered_pairs_mean,delivered_pairs_ci_low,delivered_pairs_ci_high,delivered_pairs_n,average_fidelity_mean,average_fidelity_ci_low,average_fidelity_ci_high,average_fidelity_n,estimated_fidelity
literature,diamond,highest_fidelity,20,r1 -> bad -> r3,1,2,0.55,10,0,20,0.0,0.0,0.16112515805281938,1.15,0.6875610800140457,1.6124389199859541,20,0.6721535927230895,0.6595056695467894,0.6848015158993896,15,0.70869407012
literature,diamond,least_loss,20,r1 -> good1 -> good2 -> r3,1,3,0.55,10,20,20,1.0,0.8388748419471806,1.0,43.45,41.59977695431496,45.300223045685044,20,0.586565586107057,0.5860284351798735,0.5871027370342405,20,0.5949184425627075
literature,diamond,shortest_hop_count,20,r1 -> bad -> r3,1,2,0.55,10,0,20,0.0,0.0,0.16112515805281938,1.15,0.6875610800140457,1.6124389199859541,20,0.6721535927230895,0.6595056695467894,0.6848015158993896,15,0.70869407012
literature,mesh,highest_fidelity,20,a0 -> a1 -> a2 -> b2,1,3,0.5,10,20,20,1.0,0.8388748419471806,1.0,48.65,46.335811913677794,50.9641880863222,20,0.5873067021039189,0.5864273231399302,0.5881860810679076,20,0.5949184425627075
literature,mesh,least_loss,20,a0 -> a1 -> a2 -> b2,1,3,0.5,10,20,20,1.0,0.8388748419471806,1.0,48.65,46.335811913677794,50.9641880863222,20,0.5873067021039188,0.5864273231399301,0.5881860810679075,20,0.5949184425627075
literature,mesh,shortest_hop_count,20,a0 -> a1 -> a2 -> b2,1,3,0.5,10,20,20,1.0,0.8388748419471806,1.0,48.65,46.335811913677794,50.9641880863222,20,0.5873067021039188,0.5864273231399301,0.5881860810679075,20,0.5949184425627075
theoretical_ops,diamond,highest_fidelity,20,r1 -> bad -> r3,1,2,0.55,10,0,20,0.0,0.0,0.16112515805281938,1.15,0.6875610800140457,1.6124389199859541,20,0.7066103701352745,0.6929301054578609,0.7202906348126881,15,0.7461333333333331
theoretical_ops,diamond,least_loss,20,r1 -> good1 -> good2 -> r3,1,3,0.55,10,20,20,1.0,0.8388748419471806,1.0,44.3,42.89924494267624,45.700755057323754,20,0.6436804327096182,0.6431148455604548,0.6442460198587815,20,0.6535217777777778
theoretical_ops,diamond,shortest_hop_count,20,r1 -> bad -> r3,1,2,0.55,10,0,20,0.0,0.0,0.16112515805281938,1.15,0.6875610800140457,1.6124389199859541,20,0.7066103701352745,0.6929301054578609,0.7202906348126881,15,0.7461333333333331
theoretical_ops,mesh,highest_fidelity,20,a0 -> a1 -> a2 -> b2,1,3,0.5,10,20,20,1.0,0.8388748419471806,1.0,48.65,46.335811913677794,50.9641880863222,20,0.6446167652794825,0.6435879755161615,0.6456455550428035,20,0.6535217777777778
theoretical_ops,mesh,least_loss,20,a0 -> a1 -> a2 -> b2,1,3,0.5,10,20,20,1.0,0.8388748419471806,1.0,48.65,46.335811913677794,50.9641880863222,20,0.6446167652794825,0.6435879755161615,0.6456455550428035,20,0.6535217777777778
theoretical_ops,mesh,shortest_hop_count,20,a0 -> a1 -> a2 -> b2,1,3,0.5,10,20,20,1.0,0.8388748419471806,1.0,48.65,46.335811913677794,50.9641880863222,20,0.6446167652794825,0.6435879755161615,0.6456455550428035,20,0.6535217777777778
