hardware,regime,planner_level,trials,n_satisfied,n_violated,n_rejected,n_failed,n_simulation_error,admitted_count,admitted_of,admitted_rate,admitted_ci_low,admitted_ci_high,satisfied_of_all_count,satisfied_of_all_of,satisfied_of_all_rate,satisfied_of_all_ci_low,satisfied_of_all_ci_high,false_feasibility_count,false_feasibility_of,false_feasibility_rate,false_feasibility_ci_low,false_feasibility_ci_high,planning_time_s_median,false_rejection_count,false_rejection_of,false_rejection_rate,false_rejection_ci_low,false_rejection_ci_high,rejected_not_oracle_tested
literature,generous,L1,60,50,10,0,0,0,60,60,1.0,0.93982814785791,0.9999999999999998,50,60,0.8333333333333334,0.7196838683638547,0.9068682302080855,10,60,0.16666666666666666,0.0931317697919145,0.2803161316361453,0.0010795000000000002,0,0,,,,0
literature,generous,L2,60,50,10,0,0,0,60,60,1.0,0.93982814785791,0.9999999999999998,50,60,0.8333333333333334,0.7196838683638547,0.9068682302080855,10,60,0.16666666666666666,0.0931317697919145,0.2803161316361453,0.0015545,0,0,,,,0
literature,generous,L2-R,60,0,0,60,0,0,0,60,0.0,0.0,0.06017185214208986,0,60,0.0,0.0,0.06017185214208986,0,0,,,,0.0007520000000000001,60,60,1.0,0.93982814785791,0.9999999999999998,0
literature,generous,L2-RB,60,60,0,0,0,0,60,60,1.0,0.93982814785791,0.9999999999999998,60,60,1.0,0.93982814785791,0.9999999999999998,0,60,0.0,0.0,0.06017185214208986,0.0007875,0,0,,,,0
literature,generous,L3,60,50,10,0,0,0,60,60,1.0,0.93982814785791,0.9999999999999998,50,60,0.8333333333333334,0.7196838683638547,0.9068682302080855,10,60,0.16666666666666666,0.0931317697919145,0.2803161316361453,0.0141455,0,0,,,,0
literature,generous,L3-R,60,60,0,0,0,0,60,60,1.0,0.93982814785791,0.9999999999999998,60,60,1.0,0.93982814785791,0.9999999999999998,0,60,0.0,0.0,0.06017185214208986,0.01106,0,0,,,,0
literature,generous,L3-RB,60,60,0,0,0,0,60,60,1.0,0.93982814785791,0.9999999999999998,60,60,1.0,0.93982814785791,0.9999999999999998,0,60,0.0,0.0,0.06017185214208986,0.0093565,0,0,,,,0
literature,generous_no_purification,L1,20,20,0,0,0,0,20,20,1.0,0.8388748419471806,1.0,20,20,1.0,0.8388748419471806,1.0,0,20,0.0,0.0,0.16112515805281938,0.0008255000000000001,0,0,,,,0
literature,generous_no_purification,L2,20,20,0,0,0,0,20,20,1.0,0.8388748419471806,1.0,20,20,1.0,0.8388748419471806,1.0,0,20,0.0,0.0,0.16112515805281938,0.0007325000000000001,0,0,,,,0
literature,generous_no_purification,L2-R,20,0,0,20,0,0,0,20,0.0,0.0,0.16112515805281938,0,20,0.0,0.0,0.16112515805281938,0,0,,,,0.0005020000000000001,20,20,1.0,0.8388748419471806,1.0,0
literature,generous_no_purification,L2-RB,20,20,0,0,0,0,20,20,1.0,0.8388748419471806,1.0,20,20,1.0,0.8388748419471806,1.0,0,20,0.0,0.0,0.16112515805281938,0.0006355,0,0,,,,0
literature,generous_no_purification,L3,20,20,0,0,0,0,20,20,1.0,0.8388748419471806,1.0,20,20,1.0,0.8388748419471806,1.0,0,20,0.0,0.0,0.16112515805281938,0.0094515,0,0,,,,0
literature,generous_no_purification,L3-R,20,20,0,0,0,0,20,20,1.0,0.8388748419471806,1.0,20,20,1.0,0.8388748419471806,1.0,0,20,0.0,0.0,0.16112515805281938,0.008971,0,0,,,,0
literature,generous_no_purification,L3-RB,20,20,0,0,0,0,20,20,1.0,0.8388748419471806,1.0,20,20,1.0,0.8388748419471806,1.0,0,20,0.0,0.0,0.16112515805281938,0.008153,0,0,,,,0
literature,generous_small_goal,L1,10,4,6,0,0,0,10,10,1.0,0.7224672001371107,0.9999999999999999,4,10,0.4,0.16818032970623614,0.6873262302663417,6,10,0.6,0.31267376973365824,0.8318196702937638,0.00818,0,0,,,,0
literature,generous_small_goal,L2,10,4,6,0,0,0,10,10,1.0,0.7224672001371107,0.9999999999999999,4,10,0.4,0.16818032970623614,0.6873262302663417,6,10,0.6,0.31267376973365824,0.8318196702937638,0.001288,0,0,,,,0
literature,generous_small_goal,L2-R,10,0,0,10,0,0,0,10,0.0,0.0,0.2775327998628892,0,10,0.0,0.0,0.2775327998628892,0,0,,,,0.0008825,7,10,0.7,0.39677814746114537,0.8922087325936989,0
literature,generous_small_goal,L2-RB,10,4,6,0,0,0,10,10,1.0,0.7224672001371107,0.9999999999999999,4,10,0.4,0.16818032970623614,0.6873262302663417,6,10,0.6,0.31267376973365824,0.8318196702937638,0.0009925,0,0,,,,0
literature,generous_small_goal,L3,10,4,6,0,0,0,10,10,1.0,0.7224672001371107,0.9999999999999999,4,10,0.4,0.16818032970623614,0.6873262302663417,6,10,0.6,0.31267376973365824,0.8318196702937638,0.0162925,0,0,,,,0
literature,generous_small_goal,L3-R,10,4,6,0,0,0,10,10,1.0,0.7224672001371107,0.9999999999999999,4,10,0.4,0.16818032970623614,0.6873262302663417,6,10,0.6,0.31267376973365824,0.8318196702937638,0.015280499999999999,0,0,,,,0
literature,generous_small_goal,L3-RB,10,4,6,0,0,0,10,10,1.0,0.7224672001371107,0.9999999999999999,4,10,0.4,0.16818032970623614,0.6873262302663417,6,10,0.6,0.31267376973365824,0.8318196702937638,0.017079999999999998,0,0,,,,0
literature,marginal_fidelity,L1,40,30,10,0,0,0,40,40,1.0,0.9123783988027135,1.0,30,40,0.75,0.5980603857923197,0.858128813609037,10,40,0.25,0.14187118639096302,0.40193961420768026,0.0014185,0,0,,,,0
literature,marginal_fidelity,L2,40,30,10,0,0,0,40,40,1.0,0.9123783988027135,1.0,30,40,0.75,0.5980603857923197,0.858128813609037,10,40,0.25,0.14187118639096302,0.40193961420768026,0.0062375,0,0,,,,0
literature,marginal_fidelity,L2-R,40,0,0,40,0,0,0,40,0.0,0.0,0.08762160119728664,0,40,0.0,0.0,0.08762160119728664,0,0,,,,0.001189,30,40,0.75,0.5980603857923197,0.858128813609037,0
literature,marginal_fidelity,L2-RB,40,30,0,10,0,0,30,40,0.75,0.5980603857923197,0.858128813609037,30,40,0.75,0.5980603857923197,0.858128813609037,0,30,0.0,0.0,0.11351339317396876,0.001093,0,10,0.0,0.0,0.2775327998628892,0
literature,marginal_fidelity,L3,40,30,10,0,0,0,40,40,1.0,0.9123783988027135,1.0,30,40,0.75,0.5980603857923197,0.858128813609037,10,40,0.25,0.14187118639096302,0.40193961420768026,0.0164535,0,0,,,,0
literature,marginal_fidelity,L3-R,40,30,10,0,0,0,40,40,1.0,0.9123783988027135,1.0,30,40,0.75,0.5980603857923197,0.858128813609037,10,40,0.25,0.14187118639096302,0.40193961420768026,0.012688999999999999,0,0,,,,0
literature,marginal_fidelity,L3-RB,40,30,10,0,0,0,40,40,1.0,0.9123783988027135,1.0,30,40,0.75,0.5980603857923197,0.858128813609037,10,40,0.25,0.14187118639096302,0.40193961420768026,0.0148935,0,0,,,,0
literature,marginal_resources,L1,30,3,27,0,0,0,30,30,1.0,0.8864866068260312,0.9999999999999999,3,30,0.1,0.03459988874733419,0.25621082579184085,27,30,0.9,0.7437891742081593,0.9654001112526658,0.0007884999999999999,0,0,,,,0
literature,marginal_resources,L2,30,3,27,0,0,0,30,30,1.0,0.8864866068260312,0.9999999999999999,3,30,0.1,0.03459988874733419,0.25621082579184085,27,30,0.9,0.7437891742081593,0.9654001112526658,0.0013665,0,0,,,,0
literature,marginal_resources,L2-R,30,0,0,30,0,0,0,30,0.0,0.0,0.11351339317396876,0,30,0.0,0.0,0.11351339317396876,0,0,,,,0.000546,5,30,0.16666666666666666,0.0733654237184855,0.3356435050641603,0
literature,marginal_resources,L2-RB,30,0,0,30,0,0,0,30,0.0,0.0,0.11351339317396876,0,30,0.0,0.0,0.11351339317396876,0,0,,,,0.0016025000000000002,5,30,0.16666666666666666,0.0733654237184855,0.3356435050641603,0
literature,marginal_resources,L3,30,3,27,0,0,0,30,30,1.0,0.8864866068260312,0.9999999999999999,3,30,0.1,0.03459988874733419,0.25621082579184085,27,30,0.9,0.7437891742081593,0.9654001112526658,0.0097765,0,0,,,,0
literature,marginal_resources,L3-R,30,3,27,0,0,0,30,30,1.0,0.8864866068260312,0.9999999999999999,3,30,0.1,0.03459988874733419,0.25621082579184085,27,30,0.9,0.7437891742081593,0.9654001112526658,0.012615999999999999,0,0,,,,0
literature,marginal_resources,L3-RB,30,3,27,0,0,0,30,30,1.0,0.8864866068260312,0.9999999999999999,3,30,0.1,0.03459988874733419,0.25621082579184085,27,30,0.9,0.7437891742081593,0.9654001112526658,0.010423,0,0,,,,0
literature,purification_1_round,L1,30,0,0,30,0,0,0,30,0.0,0.0,0.11351339317396876,0,30,0.0,0.0,0.11351339317396876,0,0,,,,0.0056655,0,30,0.0,0.0,0.11351339317396876,0
literature,purification_1_round,L2,30,0,0,30,0,0,0,30,0.0,0.0,0.11351339317396876,0,30,0.0,0.0,0.11351339317396876,0,0,,,,0.0062945,0,30,0.0,0.0,0.11351339317396876,0
literature,purification_1_round,L2-R,30,0,0,30,0,0,0,30,0.0,0.0,0.11351339317396876,0,30,0.0,0.0,0.11351339317396876,0,0,,,,0.0008275,0,30,0.0,0.0,0.11351339317396876,0
literature,purification_1_round,L2-RB,30,0,0,30,0,0,0,30,0.0,0.0,0.11351339317396876,0,30,0.0,0.0,0.11351339317396876,0,0,,,,0.0033295,0,30,0.0,0.0,0.11351339317396876,0
literature,purification_1_round,L3,30,0,30,0,0,0,30,30,1.0,0.8864866068260312,0.9999999999999999,0,30,0.0,0.0,0.11351339317396876,30,30,1.0,0.8864866068260312,0.9999999999999999,0.017765,0,0,,,,0
literature,purification_1_round,L3-R,30,0,30,0,0,0,30,30,1.0,0.8864866068260312,0.9999999999999999,0,30,0.0,0.0,0.11351339317396876,30,30,1.0,0.8864866068260312,0.9999999999999999,0.0185035,0,0,,,,0
literature,purification_1_round,L3-RB,30,0,30,0,0,0,30,30,1.0,0.8864866068260312,0.9999999999999999,0,30,0.0,0.0,0.11351339317396876,30,30,1.0,0.8864866068260312,0.9999999999999999,0.016445,0,0,,,,0
literature,purification_2_rounds,L1,20,0,0,20,0,0,0,20,0.0,0.0,0.16112515805281938,0,20,0.0,0.0,0.16112515805281938,0,0,,,,0.000694,0,20,0.0,0.0,0.16112515805281938,0
literature,purification_2_rounds,L2,20,0,0,20,0,0,0,20,0.0,0.0,0.16112515805281938,0,20,0.0,0.0,0.16112515805281938,0,0,,,,0.0007655,0,20,0.0,0.0,0.16112515805281938,0
literature,purification_2_rounds,L2-R,20,0,0,20,0,0,0,20,0.0,0.0,0.16112515805281938,0,20,0.0,0.0,0.16112515805281938,0,0,,,,0.0005845,0,20,0.0,0.0,0.16112515805281938,0
literature,purification_2_rounds,L2-RB,20,0,0,20,0,0,0,20,0.0,0.0,0.16112515805281938,0,20,0.0,0.0,0.16112515805281938,0,0,,,,0.000744,0,20,0.0,0.0,0.16112515805281938,0
literature,purification_2_rounds,L3,20,0,20,0,0,0,20,20,1.0,0.8388748419471806,1.0,0,20,0.0,0.0,0.16112515805281938,20,20,1.0,0.8388748419471806,1.0,0.0110505,0,0,,,,0
literature,purification_2_rounds,L3-R,20,0,20,0,0,0,20,20,1.0,0.8388748419471806,1.0,0,20,0.0,0.0,0.16112515805281938,20,20,1.0,0.8388748419471806,1.0,0.0179915,0,0,,,,0
literature,purification_2_rounds,L3-RB,20,0,20,0,0,0,20,20,1.0,0.8388748419471806,1.0,0,20,0.0,0.0,0.16112515805281938,20,20,1.0,0.8388748419471806,1.0,0.010809,0,0,,,,0
literature,purification_2_rounds_small_goal,L1,10,0,0,10,0,0,0,10,0.0,0.0,0.2775327998628892,0,10,0.0,0.0,0.2775327998628892,0,0,,,,0.000582,0,10,0.0,0.0,0.2775327998628892,0
literature,purification_2_rounds_small_goal,L2,10,0,0,10,0,0,0,10,0.0,0.0,0.2775327998628892,0,10,0.0,0.0,0.2775327998628892,0,0,,,,0.0009354999999999999,0,10,0.0,0.0,0.2775327998628892,0
literature,purification_2_rounds_small_goal,L2-R,10,0,0,10,0,0,0,10,0.0,0.0,0.2775327998628892,0,10,0.0,0.0,0.2775327998628892,0,0,,,,0.0036385000000000002,0,10,0.0,0.0,0.2775327998628892,0
literature,purification_2_rounds_small_goal,L2-RB,10,0,0,10,0,0,0,10,0.0,0.0,0.2775327998628892,0,10,0.0,0.0,0.2775327998628892,0,0,,,,0.000847,0,10,0.0,0.0,0.2775327998628892,0
literature,purification_2_rounds_small_goal,L3,10,0,10,0,0,0,10,10,1.0,0.7224672001371107,0.9999999999999999,0,10,0.0,0.0,0.2775327998628892,10,10,1.0,0.7224672001371107,0.9999999999999999,0.0118475,0,0,,,,0
literature,purification_2_rounds_small_goal,L3-R,10,0,10,0,0,0,10,10,1.0,0.7224672001371107,0.9999999999999999,0,10,0.0,0.0,0.2775327998628892,10,10,1.0,0.7224672001371107,0.9999999999999999,0.015959,0,0,,,,0
literature,purification_2_rounds_small_goal,L3-RB,10,0,10,0,0,0,10,10,1.0,0.7224672001371107,0.9999999999999999,0,10,0.0,0.0,0.2775327998628892,10,10,1.0,0.7224672001371107,0.9999999999999999,0.017042500000000002,0,0,,,,0
theoretical_ops,generous,L1,60,50,10,0,0,0,60,60,1.0,0.93982814785791,0.9999999999999998,50,60,0.8333333333333334,0.7196838683638547,0.9068682302080855,10,60,0.16666666666666666,0.0931317697919145,0.2803161316361453,0.0006889999999999999,0,0,,,,0
theoretical_ops,generous,L2,60,50,10,0,0,0,60,60,1.0,0.93982814785791,0.9999999999999998,50,60,0.8333333333333334,0.7196838683638547,0.9068682302080855,10,60,0.16666666666666666,0.0931317697919145,0.2803161316361453,0.0009739999999999999,0,0,,,,0
theoretical_ops,generous,L2-R,60,0,0,60,0,0,0,60,0.0,0.0,0.06017185214208986,0,60,0.0,0.0,0.06017185214208986,0,0,,,,0.000585,60,60,1.0,0.93982814785791,0.9999999999999998,0
theoretical_ops,generous,L2-RB,60,60,0,0,0,0,60,60,1.0,0.93982814785791,0.9999999999999998,60,60,1.0,0.93982814785791,0.9999999999999998,0,60,0.0,0.0,0.06017185214208986,0.0007524999999999999,0,0,,,,0
theoretical_ops,generous,L3,60,50,10,0,0,0,60,60,1.0,0.93982814785791,0.9999999999999998,50,60,0.8333333333333334,0.7196838683638547,0.9068682302080855,10,60,0.16666666666666666,0.0931317697919145,0.2803161316361453,0.008345499999999999,0,0,,,,0
theoretical_ops,generous,L3-R,60,60,0,0,0,0,60,60,1.0,0.93982814785791,0.9999999999999998,60,60,1.0,0.93982814785791,0.9999999999999998,0,60,0.0,0.0,0.06017185214208986,0.0083555,0,0,,,,0
theoretical_ops,generous,L3-RB,60,60,0,0,0,0,60,60,1.0,0.93982814785791,0.9999999999999998,60,60,1.0,0.93982814785791,0.9999999999999998,0,60,0.0,0.0,0.06017185214208986,0.008471,0,0,,,,0
theoretical_ops,generous_no_purification,L1,20,20,0,0,0,0,20,20,1.0,0.8388748419471806,1.0,20,20,1.0,0.8388748419471806,1.0,0,20,0.0,0.0,0.16112515805281938,0.000678,0,0,,,,0
theoretical_ops,generous_no_purification,L2,20,20,0,0,0,0,20,20,1.0,0.8388748419471806,1.0,20,20,1.0,0.8388748419471806,1.0,0,20,0.0,0.0,0.16112515805281938,0.001095,0,0,,,,0
theoretical_ops,generous_no_purification,L2-R,20,0,0,20,0,0,0,20,0.0,0.0,0.16112515805281938,0,20,0.0,0.0,0.16112515805281938,0,0,,,,0.0005989999999999999,20,20,1.0,0.8388748419471806,1.0,0
theoretical_ops,generous_no_purification,L2-RB,20,20,0,0,0,0,20,20,1.0,0.8388748419471806,1.0,20,20,1.0,0.8388748419471806,1.0,0,20,0.0,0.0,0.16112515805281938,0.000702,0,0,,,,0
theoretical_ops,generous_no_purification,L3,20,20,0,0,0,0,20,20,1.0,0.8388748419471806,1.0,20,20,1.0,0.8388748419471806,1.0,0,20,0.0,0.0,0.16112515805281938,0.006719,0,0,,,,0
theoretical_ops,generous_no_purification,L3-R,20,20,0,0,0,0,20,20,1.0,0.8388748419471806,1.0,20,20,1.0,0.8388748419471806,1.0,0,20,0.0,0.0,0.16112515805281938,0.006397,0,0,,,,0
theoretical_ops,generous_no_purification,L3-RB,20,20,0,0,0,0,20,20,1.0,0.8388748419471806,1.0,20,20,1.0,0.8388748419471806,1.0,0,20,0.0,0.0,0.16112515805281938,0.0062915,0,0,,,,0
theoretical_ops,generous_small_goal,L1,10,6,4,0,0,0,10,10,1.0,0.7224672001371107,0.9999999999999999,6,10,0.6,0.31267376973365824,0.8318196702937638,4,10,0.4,0.16818032970623614,0.6873262302663417,0.000959,0,0,,,,0
theoretical_ops,generous_small_goal,L2,10,6,4,0,0,0,10,10,1.0,0.7224672001371107,0.9999999999999999,6,10,0.6,0.31267376973365824,0.8318196702937638,4,10,0.4,0.16818032970623614,0.6873262302663417,0.0006615,0,0,,,,0
theoretical_ops,generous_small_goal,L2-R,10,0,0,10,0,0,0,10,0.0,0.0,0.2775327998628892,0,10,0.0,0.0,0.2775327998628892,0,0,,,,0.0008405000000000001,10,10,1.0,0.7224672001371107,0.9999999999999999,0
theoretical_ops,generous_small_goal,L2-RB,10,10,0,0,0,0,10,10,1.0,0.7224672001371107,0.9999999999999999,10,10,1.0,0.7224672001371107,0.9999999999999999,0,10,0.0,0.0,0.2775327998628892,0.002739,0,0,,,,0
theoretical_ops,generous_small_goal,L3,10,6,4,0,0,0,10,10,1.0,0.7224672001371107,0.9999999999999999,6,10,0.6,0.31267376973365824,0.8318196702937638,4,10,0.4,0.16818032970623614,0.6873262302663417,0.006266,0,0,,,,0
theoretical_ops,generous_small_goal,L3-R,10,10,0,0,0,0,10,10,1.0,0.7224672001371107,0.9999999999999999,10,10,1.0,0.7224672001371107,0.9999999999999999,0,10,0.0,0.0,0.2775327998628892,0.007461499999999999,0,0,,,,0
theoretical_ops,generous_small_goal,L3-RB,10,10,0,0,0,0,10,10,1.0,0.7224672001371107,0.9999999999999999,10,10,1.0,0.7224672001371107,0.9999999999999999,0,10,0.0,0.0,0.2775327998628892,0.0068495,0,0,,,,0
theoretical_ops,marginal_fidelity,L1,40,30,10,0,0,0,40,40,1.0,0.9123783988027135,1.0,30,40,0.75,0.5980603857923197,0.858128813609037,10,40,0.25,0.14187118639096302,0.40193961420768026,0.001075,0,0,,,,0
theoretical_ops,marginal_fidelity,L2,40,30,10,0,0,0,40,40,1.0,0.9123783988027135,1.0,30,40,0.75,0.5980603857923197,0.858128813609037,10,40,0.25,0.14187118639096302,0.40193961420768026,0.0011505,0,0,,,,0
theoretical_ops,marginal_fidelity,L2-R,40,0,0,40,0,0,0,40,0.0,0.0,0.08762160119728664,0,40,0.0,0.0,0.08762160119728664,0,0,,,,0.000693,40,40,1.0,0.9123783988027135,1.0,0
theoretical_ops,marginal_fidelity,L2-RB,40,40,0,0,0,0,40,40,1.0,0.9123783988027135,1.0,40,40,1.0,0.9123783988027135,1.0,0,40,0.0,0.0,0.08762160119728664,0.000704,0,0,,,,0
theoretical_ops,marginal_fidelity,L3,40,30,10,0,0,0,40,40,1.0,0.9123783988027135,1.0,30,40,0.75,0.5980603857923197,0.858128813609037,10,40,0.25,0.14187118639096302,0.40193961420768026,0.007841,0,0,,,,0
theoretical_ops,marginal_fidelity,L3-R,40,40,0,0,0,0,40,40,1.0,0.9123783988027135,1.0,40,40,1.0,0.9123783988027135,1.0,0,40,0.0,0.0,0.08762160119728664,0.0079725,0,0,,,,0
theoretical_ops,marginal_fidelity,L3-RB,40,40,0,0,0,0,40,40,1.0,0.9123783988027135,1.0,40,40,1.0,0.9123783988027135,1.0,0,40,0.0,0.0,0.08762160119728664,0.0079,0,0,,,,0
theoretical_ops,marginal_resources,L1,30,3,27,0,0,0,30,30,1.0,0.8864866068260312,0.9999999999999999,3,30,0.1,0.03459988874733419,0.25621082579184085,27,30,0.9,0.7437891742081593,0.9654001112526658,0.00079,0,0,,,,0
theoretical_ops,marginal_resources,L2,30,3,27,0,0,0,30,30,1.0,0.8864866068260312,0.9999999999999999,3,30,0.1,0.03459988874733419,0.25621082579184085,27,30,0.9,0.7437891742081593,0.9654001112526658,0.0011015,0,0,,,,0
theoretical_ops,marginal_resources,L2-R,30,0,0,30,0,0,0,30,0.0,0.0,0.11351339317396876,0,30,0.0,0.0,0.11351339317396876,0,0,,,,0.0009735,5,30,0.16666666666666666,0.0733654237184855,0.3356435050641603,0
theoretical_ops,marginal_resources,L2-RB,30,0,0,30,0,0,0,30,0.0,0.0,0.11351339317396876,0,30,0.0,0.0,0.11351339317396876,0,0,,,,0.000651,5,30,0.16666666666666666,0.0733654237184855,0.3356435050641603,0
theoretical_ops,marginal_resources,L3,30,3,27,0,0,0,30,30,1.0,0.8864866068260312,0.9999999999999999,3,30,0.1,0.03459988874733419,0.25621082579184085,27,30,0.9,0.7437891742081593,0.9654001112526658,0.011279999999999998,0,0,,,,0
theoretical_ops,marginal_resources,L3-R,30,3,27,0,0,0,30,30,1.0,0.8864866068260312,0.9999999999999999,3,30,0.1,0.03459988874733419,0.25621082579184085,27,30,0.9,0.7437891742081593,0.9654001112526658,0.008604,0,0,,,,0
theoretical_ops,marginal_resources,L3-RB,30,3,27,0,0,0,30,30,1.0,0.8864866068260312,0.9999999999999999,3,30,0.1,0.03459988874733419,0.25621082579184085,27,30,0.9,0.7437891742081593,0.9654001112526658,0.008855,0,0,,,,0
theoretical_ops,purification_1_round,L1,30,13,17,0,0,0,30,30,1.0,0.8864866068260312,0.9999999999999999,13,30,0.43333333333333335,0.2737748557646652,0.6080269299918639,17,30,0.5666666666666667,0.3919730700081361,0.7262251442353347,0.000863,0,0,,,,0
theoretical_ops,purification_1_round,L2,30,13,17,0,0,0,30,30,1.0,0.8864866068260312,0.9999999999999999,13,30,0.43333333333333335,0.2737748557646652,0.6080269299918639,17,30,0.5666666666666667,0.3919730700081361,0.7262251442353347,0.0012195,0,0,,,,0
theoretical_ops,purification_1_round,L2-R,30,0,0,30,0,0,0,30,0.0,0.0,0.11351339317396876,0,30,0.0,0.0,0.11351339317396876,0,0,,,,0.003477,25,30,0.8333333333333334,0.6643564949358398,0.9266345762815145,0
theoretical_ops,purification_1_round,L2-RB,30,13,17,0,0,0,30,30,1.0,0.8864866068260312,0.9999999999999999,13,30,0.43333333333333335,0.2737748557646652,0.6080269299918639,17,30,0.5666666666666667,0.3919730700081361,0.7262251442353347,0.000851,0,0,,,,0
theoretical_ops,purification_1_round,L3,30,13,17,0,0,0,30,30,1.0,0.8864866068260312,0.9999999999999999,13,30,0.43333333333333335,0.2737748557646652,0.6080269299918639,17,30,0.5666666666666667,0.3919730700081361,0.7262251442353347,0.0093875,0,0,,,,0
theoretical_ops,purification_1_round,L3-R,30,13,17,0,0,0,30,30,1.0,0.8864866068260312,0.9999999999999999,13,30,0.43333333333333335,0.2737748557646652,0.6080269299918639,17,30,0.5666666666666667,0.3919730700081361,0.7262251442353347,0.0089915,0,0,,,,0
theoretical_ops,purification_1_round,L3-RB,30,13,17,0,0,0,30,30,1.0,0.8864866068260312,0.9999999999999999,13,30,0.43333333333333335,0.2737748557646652,0.6080269299918639,17,30,0.5666666666666667,0.3919730700081361,0.7262251442353347,0.0105395,0,0,,,,0
theoretical_ops,purification_2_rounds,L1,20,0,0,20,0,0,0,20,0.0,0.0,0.16112515805281938,0,20,0.0,0.0,0.16112515805281938,0,0,,,,0.000645,0,20,0.0,0.0,0.16112515805281938,0
theoretical_ops,purification_2_rounds,L2,20,0,20,0,0,0,20,20,1.0,0.8388748419471806,1.0,0,20,0.0,0.0,0.16112515805281938,20,20,1.0,0.8388748419471806,1.0,0.0011715,0,0,,,,0
theoretical_ops,purification_2_rounds,L2-R,20,0,0,20,0,0,0,20,0.0,0.0,0.16112515805281938,0,20,0.0,0.0,0.16112515805281938,0,0,,,,0.000879,0,20,0.0,0.0,0.16112515805281938,0
theoretical_ops,purification_2_rounds,L2-RB,20,0,0,20,0,0,0,20,0.0,0.0,0.16112515805281938,0,20,0.0,0.0,0.16112515805281938,0,0,,,,0.0005825,0,20,0.0,0.0,0.16112515805281938,0
theoretical_ops,purification_2_rounds,L3,20,0,20,0,0,0,20,20,1.0,0.8388748419471806,1.0,0,20,0.0,0.0,0.16112515805281938,20,20,1.0,0.8388748419471806,1.0,0.0073035,0,0,,,,0
theoretical_ops,purification_2_rounds,L3-R,20,0,20,0,0,0,20,20,1.0,0.8388748419471806,1.0,0,20,0.0,0.0,0.16112515805281938,20,20,1.0,0.8388748419471806,1.0,0.0069205,0,0,,,,0
theoretical_ops,purification_2_rounds,L3-RB,20,0,20,0,0,0,20,20,1.0,0.8388748419471806,1.0,0,20,0.0,0.0,0.16112515805281938,20,20,1.0,0.8388748419471806,1.0,0.0063625,0,0,,,,0
theoretical_ops,purification_2_rounds_small_goal,L1,10,0,0,10,0,0,0,10,0.0,0.0,0.2775327998628892,0,10,0.0,0.0,0.2775327998628892,0,0,,,,0.000444,8,10,0.8,0.49016247153664183,0.9433178485456247,0
theoretical_ops,purification_2_rounds_small_goal,L2,10,9,1,0,0,0,10,10,1.0,0.7224672001371107,0.9999999999999999,9,10,0.9,0.5958499732047615,0.9821237869049271,1,10,0.1,0.017876213095072896,0.4041500267952385,0.004861,0,0,,,,0
theoretical_ops,purification_2_rounds_small_goal,L2-R,10,0,0,10,0,0,0,10,0.0,0.0,0.2775327998628892,0,10,0.0,0.0,0.2775327998628892,0,0,,,,0.0006475000000000001,8,10,0.8,0.49016247153664183,0.9433178485456247,0
theoretical_ops,purification_2_rounds_small_goal,L2-RB,10,9,1,0,0,0,10,10,1.0,0.7224672001371107,0.9999999999999999,9,10,0.9,0.5958499732047615,0.9821237869049271,1,10,0.1,0.017876213095072896,0.4041500267952385,0.00044249999999999997,0,0,,,,0
theoretical_ops,purification_2_rounds_small_goal,L3,10,9,1,0,0,0,10,10,1.0,0.7224672001371107,0.9999999999999999,9,10,0.9,0.5958499732047615,0.9821237869049271,1,10,0.1,0.017876213095072896,0.4041500267952385,0.006295,0,0,,,,0
theoretical_ops,purification_2_rounds_small_goal,L3-R,10,9,1,0,0,0,10,10,1.0,0.7224672001371107,0.9999999999999999,9,10,0.9,0.5958499732047615,0.9821237869049271,1,10,0.1,0.017876213095072896,0.4041500267952385,0.006413,0,0,,,,0
theoretical_ops,purification_2_rounds_small_goal,L3-RB,10,9,1,0,0,0,10,10,1.0,0.7224672001371107,0.9999999999999999,9,10,0.9,0.5958499732047615,0.9821237869049271,1,10,0.1,0.017876213095072896,0.4041500267952385,0.005554999999999999,0,0,,,,0
