hardware,planner_level,bin_low,bin_high,trials,mean_predicted,satisfied_count,satisfied_of,satisfied_rate,satisfied_ci_low,satisfied_ci_high
literature,L3,0.0,0.05,220,0.000188041858719748,107,220,0.4863636363636364,0.42112061813657886,0.5520746959414703
literature,L3-R,0.0,0.05,220,7.530966757046689e-05,117,220,0.5318181818181819,0.4659016283365992,0.5966426388146194
literature,L3-RB,0.0,0.05,70,2.5724907112807933e-06,0,70,0.0,0.0,0.05202306241026692
literature,L3-RB,0.05,0.25,30,0.17438424746299427,3,30,0.1,0.03459988874733419,0.25621082579184085
literature,L3-RB,0.75,0.95,10,0.8320737899774354,4,10,0.4,0.16818032970623614,0.6873262302663417
literature,L3-RB,0.95,1.0,110,0.9999999999462726,110,110,1.0,0.9662560647018358,0.9999999999999999
theoretical_ops,L3,0.0,0.05,220,0.00019563778541360262,131,220,0.5954545454545455,0.529499262990764,0.6581335384628919
theoretical_ops,L3-R,0.0,0.05,220,7.788605176502103e-05,155,220,0.7045454545454546,0.6411629192622811,0.7609073695669816
theoretical_ops,L3-RB,0.0,0.05,10,0.024476759168528296,0,10,0.0,0.0,0.2775327998628892
theoretical_ops,L3-RB,0.05,0.25,40,0.16224287365231166,3,40,0.075,0.025836025774588198,0.19864233524310543
theoretical_ops,L3-RB,0.75,0.95,10,0.905441019208887,1,10,0.1,0.017876213095072896,0.4041500267952385
theoretical_ops,L3-RB,0.95,1.0,160,0.9929782924351833,151,160,0.94375,0.8965638035410534,0.9701276982442358
