hardware,planner_level,executed,fidelity_error_mean,fidelity_error_ci_low,fidelity_error_ci_high,fidelity_error_n,fidelity_abs_error_mean,with_delivery_prediction,delivered_over_predicted_all,no_purification_trials,delivered_over_predicted_no_purification
literature,L1,160,-0.010002375591129188,-0.011834345553987767,-0.00817040562827061,144,0.010002375591129188,0,,0,
literature,L2,160,-0.010002375591129188,-0.011834345553987767,-0.00817040562827061,144,0.010002375591129188,0,,0,
literature,L2-RB,120,-0.007673254817426752,-0.008729992508232493,-0.006616517126621011,114,0.007673254817426752,120,0.8571709233791749,120,0.8571709233791749
literature,L3,220,-0.010002375591129188,-0.011834345553987767,-0.00817040562827061,144,0.010002375591129188,220,104.78967219193159,160,129.53928808471323
literature,L3-R,220,-0.008633815229323884,-0.009803832519138979,-0.00746379793950879,148,0.008633815229323884,220,287.95964772956296,160,355.94789086712626
literature,L3-RB,220,-0.008633815229323884,-0.009803832519138979,-0.00746379793950879,148,0.008633815229323884,220,0.7273175206459924,160,0.8470770203953741
theoretical_ops,L1,190,-0.012525421192675747,-0.014651516807662773,-0.01039932557768872,178,0.01252542119267575,0,,0,
theoretical_ops,L2,220,-0.013218867840894623,-0.015111784179563088,-0.011325951502226159,202,0.013218867840894622,0,,0,
theoretical_ops,L2-RB,170,-0.007255677802099687,-0.00819254057393868,-0.006318815030260696,170,0.008920498332654727,170,0.837037037037037,130,0.8553691275167785
theoretical_ops,L3,220,-0.013218867840894623,-0.015111784179563088,-0.011325951502226159,202,0.013218867840894622,220,134.18656481230414,160,142.7371585752369
theoretical_ops,L3-R,220,-0.008494927262291119,-0.009391764859820146,-0.0075980896647620914,214,0.00981744824450774,220,384.019594289755,160,412.7170440843919
theoretical_ops,L3-RB,220,-0.008494927262291119,-0.009391764859820146,-0.0075980896647620914,214,0.00981744824450774,220,0.8211367832356475,160,0.8474634144749049
