hardware,planner_level,intents,admitted,satisfied,violated,rejected,not_evaluated,false_feasibility_count,false_feasibility_of,false_feasibility_rate,false_feasibility_ci_low,false_feasibility_ci_high,false_rejection_count,false_rejection_of,false_rejection_rate,false_rejection_ci_low,false_rejection_ci_high,false_rejection_basis
literature,L1,220,160,107,53,60,0,53,160,0.33125,0.2630294299312559,0.40738366093912715,0,60,0.0,0.0,0.06017185214208986,offline oracle
literature,L2,220,160,107,53,60,0,53,160,0.33125,0.2630294299312559,0.40738366093912715,0,60,0.0,0.0,0.06017185214208986,offline oracle
literature,L2-R,220,0,0,0,220,0,0,0,,,,122,220,0.5545454545454546,0.48849258258675454,0.6187261611010488,offline oracle
literature,L2-RB,220,120,114,6,100,0,6,120,0.05,0.023114364414465793,0.10480288536236734,5,100,0.05,0.02154367915436796,0.11175046923191913,offline oracle
literature,L3,220,0,0,0,220,0,0,0,,,,107,220,0.4863636363636364,0.42112061813657886,0.5520746959414703,same execution
literature,L3-R,220,0,0,0,220,0,0,0,,,,117,220,0.5318181818181819,0.4659016283365992,0.5966426388146194,same execution
literature,L3-RB,220,120,114,6,100,0,6,120,0.05,0.023114364414465793,0.10480288536236734,3,100,0.03,0.010254524024038925,0.0845193642905276,same execution
theoretical_ops,L1,220,190,122,68,30,0,68,190,0.35789473684210527,0.2931674454505988,0.4282543787116373,8,30,0.26666666666666666,0.14182663319596317,0.4444796169518888,offline oracle
theoretical_ops,L2,220,220,131,89,0,0,89,220,0.40454545454545454,0.3418664615371081,0.470500737009236,0,0,,,,offline oracle
theoretical_ops,L2-R,220,0,0,0,220,0,0,0,,,,168,220,0.7636363636363637,0.7032724353438924,0.8149514924804906,offline oracle
theoretical_ops,L2-RB,220,170,152,18,50,0,18,170,0.10588235294117647,0.06803125056212436,0.16115147196546284,5,50,0.1,0.04347576493189041,0.21360231437479654,offline oracle
theoretical_ops,L3,220,0,0,0,220,0,0,0,,,,131,220,0.5954545454545455,0.529499262990764,0.6581335384628919,same execution
theoretical_ops,L3-R,220,0,0,0,220,0,0,0,,,,155,220,0.7045454545454546,0.6411629192622811,0.7609073695669816,same execution
theoretical_ops,L3-RB,220,170,152,18,50,0,18,170,0.10588235294117647,0.06803125056212436,0.16115147196546284,3,50,0.06,0.02061497034897397,0.16217091688838173,same execution
