hardware,topology,planner_level,trials,n_satisfied,n_violated,n_rejected,n_failed,n_simulation_error,admitted_count,admitted_of,admitted_rate,admitted_ci_low,admitted_ci_high,satisfied_of_all_count,satisfied_of_all_of,satisfied_of_all_rate,satisfied_of_all_ci_low,satisfied_of_all_ci_high,false_feasibility_count,false_feasibility_of,false_feasibility_rate,false_feasibility_ci_low,false_feasibility_ci_high,planning_time_s_median,false_rejection_count,false_rejection_of,false_rejection_rate,false_rejection_ci_low,false_rejection_ci_high,rejected_not_oracle_tested
literature,chain1,L1,80,42,8,30,0,0,50,80,0.625,0.5154872546314301,0.7230582129846882,42,80,0.525,0.41695642649729936,0.6307526670259243,8,50,0.16,0.08337420678033404,0.2851421606303499,0.0006555,0,30,0.0,0.0,0.11351339317396876,0
literature,chain1,L2,80,42,8,30,0,0,50,80,0.625,0.5154872546314301,0.7230582129846882,42,80,0.525,0.41695642649729936,0.6307526670259243,8,50,0.16,0.08337420678033404,0.2851421606303499,0.0008525,0,30,0.0,0.0,0.11351339317396876,0
literature,chain1,L2-R,80,0,0,80,0,0,0,80,0.0,0.0,0.0458181295355271,0,80,0.0,0.0,0.0458181295355271,0,0,,,,0.0005510000000000001,42,80,0.525,0.41695642649729936,0.6307526670259243,0
literature,chain1,L2-RB,80,40,0,40,0,0,40,80,0.5,0.3929741508611972,0.6070258491388028,40,80,0.5,0.3929741508611972,0.6070258491388028,0,40,0.0,0.0,0.08762160119728664,0.0006234999999999999,2,40,0.05,0.013820667386148344,0.16503877369140962,0
literature,chain1,L3,80,42,38,0,0,0,80,80,1.0,0.9541818704644728,0.9999999999999999,42,80,0.525,0.41695642649729936,0.6307526670259243,38,80,0.475,0.36924733297407564,0.5830435735027005,0.010765,0,0,,,,0
literature,chain1,L3-R,80,42,38,0,0,0,80,80,1.0,0.9541818704644728,0.9999999999999999,42,80,0.525,0.41695642649729936,0.6307526670259243,38,80,0.475,0.36924733297407564,0.5830435735027005,0.0112165,0,0,,,,0
literature,chain1,L3-RB,80,42,38,0,0,0,80,80,1.0,0.9541818704644728,0.9999999999999999,42,80,0.525,0.41695642649729936,0.6307526670259243,38,80,0.475,0.36924733297407564,0.5830435735027005,0.0106865,0,0,,,,0
literature,chain2,L1,70,40,10,20,0,0,50,70,0.7142857142857143,0.5994980341827975,0.8067777962128025,40,70,0.5714285714285714,0.45477836559850204,0.6806469112000313,10,50,0.2,0.1124375001577611,0.3303710593222542,0.000931,0,20,0.0,0.0,0.16112515805281938,0
literature,chain2,L2,70,40,10,20,0,0,50,70,0.7142857142857143,0.5994980341827975,0.8067777962128025,40,70,0.5714285714285714,0.45477836559850204,0.6806469112000313,10,50,0.2,0.1124375001577611,0.3303710593222542,0.0010705,0,20,0.0,0.0,0.16112515805281938,0
literature,chain2,L2-R,70,0,0,70,0,0,0,70,0.0,0.0,0.05202306241026692,0,70,0.0,0.0,0.05202306241026692,0,0,,,,0.0007155,42,70,0.6,0.48293796477356277,0.7066574227443838,0
literature,chain2,L2-RB,70,40,0,30,0,0,40,70,0.5714285714285714,0.45477836559850204,0.6806469112000313,40,70,0.5714285714285714,0.45477836559850204,0.6806469112000313,0,40,0.0,0.0,0.08762160119728664,0.000863,2,30,0.06666666666666667,0.018477023791270378,0.2132345836261692,0
literature,chain2,L3,70,40,30,0,0,0,70,70,1.0,0.9479769375897331,1.0,40,70,0.5714285714285714,0.45477836559850204,0.6806469112000313,30,70,0.42857142857142855,0.3193530887999687,0.545221634401498,0.009764499999999999,0,0,,,,0
literature,chain2,L3-R,70,40,30,0,0,0,70,70,1.0,0.9479769375897331,1.0,40,70,0.5714285714285714,0.45477836559850204,0.6806469112000313,30,70,0.42857142857142855,0.3193530887999687,0.545221634401498,0.01088,0,0,,,,0
literature,chain2,L3-RB,70,40,30,0,0,0,70,70,1.0,0.9479769375897331,1.0,40,70,0.5714285714285714,0.45477836559850204,0.6806469112000313,30,70,0.42857142857142855,0.3193530887999687,0.545221634401498,0.010208,0,0,,,,0
literature,diamond,L1,30,4,26,0,0,0,30,30,1.0,0.8864866068260312,0.9999999999999999,4,30,0.13333333333333333,0.053096554840547455,0.296813266820363,26,30,0.8666666666666667,0.703186733179637,0.9469034451594526,0.0031335,0,0,,,,0
literature,diamond,L2,30,4,26,0,0,0,30,30,1.0,0.8864866068260312,0.9999999999999999,4,30,0.13333333333333333,0.053096554840547455,0.296813266820363,26,30,0.8666666666666667,0.703186733179637,0.9469034451594526,0.0059865,0,0,,,,0
literature,diamond,L2-R,30,0,0,30,0,0,0,30,0.0,0.0,0.11351339317396876,0,30,0.0,0.0,0.11351339317396876,0,0,,,,0.0008470000000000001,17,30,0.5666666666666667,0.3919730700081361,0.7262251442353347,0
literature,diamond,L2-RB,30,14,6,10,0,0,20,30,0.6666666666666666,0.4878005164454384,0.8076950191632386,14,30,0.4666666666666667,0.30232388907699753,0.638577003801267,6,20,0.3,0.1454772448676043,0.5189728183535235,0.0019979999999999998,0,10,0.0,0.0,0.2775327998628892,0
literature,diamond,L3,30,4,26,0,0,0,30,30,1.0,0.8864866068260312,0.9999999999999999,4,30,0.13333333333333333,0.053096554840547455,0.296813266820363,26,30,0.8666666666666667,0.703186733179637,0.9469034451594526,0.016728,0,0,,,,0
literature,diamond,L3-R,30,14,16,0,0,0,30,30,1.0,0.8864866068260312,0.9999999999999999,14,30,0.4666666666666667,0.30232388907699753,0.638577003801267,16,30,0.5333333333333333,0.36142299619873297,0.6976761109230025,0.016076,0,0,,,,0
literature,diamond,L3-RB,30,14,16,0,0,0,30,30,1.0,0.8864866068260312,0.9999999999999999,14,30,0.4666666666666667,0.30232388907699753,0.638577003801267,16,30,0.5333333333333333,0.36142299619873297,0.6976761109230025,0.017079999999999998,0,0,,,,0
literature,mesh,L1,40,21,9,10,0,0,30,40,0.75,0.5980603857923197,0.858128813609037,21,40,0.525,0.3749736210669248,0.670645298873211,9,30,0.3,0.16664748268243793,0.47875787458714947,0.00558,0,10,0.0,0.0,0.2775327998628892,0
literature,mesh,L2,40,21,9,10,0,0,30,40,0.75,0.5980603857923197,0.858128813609037,21,40,0.525,0.3749736210669248,0.670645298873211,9,30,0.3,0.16664748268243793,0.47875787458714947,0.006403,0,10,0.0,0.0,0.2775327998628892,0
literature,mesh,L2-R,40,0,0,40,0,0,0,40,0.0,0.0,0.08762160119728664,0,40,0.0,0.0,0.08762160119728664,0,0,,,,0.0014320000000000001,21,40,0.525,0.3749736210669248,0.670645298873211,0
literature,mesh,L2-RB,40,20,0,20,0,0,20,40,0.5,0.35199526933465386,0.6480047306653461,20,40,0.5,0.35199526933465386,0.6480047306653461,0,20,0.0,0.0,0.16112515805281938,0.0054405,1,20,0.05,0.008881448800795402,0.23613119344674205,0
literature,mesh,L3,40,21,19,0,0,0,40,40,1.0,0.9123783988027135,1.0,21,40,0.525,0.3749736210669248,0.670645298873211,19,40,0.475,0.329354701126789,0.6250263789330753,0.020807,0,0,,,,0
literature,mesh,L3-R,40,21,19,0,0,0,40,40,1.0,0.9123783988027135,1.0,21,40,0.525,0.3749736210669248,0.670645298873211,19,40,0.475,0.329354701126789,0.6250263789330753,0.0203775,0,0,,,,0
literature,mesh,L3-RB,40,21,19,0,0,0,40,40,1.0,0.9123783988027135,1.0,21,40,0.525,0.3749736210669248,0.670645298873211,19,40,0.475,0.329354701126789,0.6250263789330753,0.021012999999999997,0,0,,,,0
theoretical_ops,chain1,L1,80,52,8,20,0,0,60,80,0.75,0.6451532538076602,0.8319376814245761,52,80,0.65,0.5408000664880767,0.7454544946512652,8,60,0.13333333333333333,0.06914109480586972,0.24165159676499615,0.0006770000000000001,8,20,0.4,0.21880653237281705,0.6134184992377469,0
theoretical_ops,chain1,L2,80,61,19,0,0,0,80,80,1.0,0.9541818704644728,0.9999999999999999,61,80,0.7625,0.6585922106615945,0.8423532713322537,19,80,0.2375,0.15764672866774618,0.34140778933840543,0.001062,0,0,,,,0
theoretical_ops,chain1,L2-R,80,0,0,80,0,0,0,80,0.0,0.0,0.0458181295355271,0,80,0.0,0.0,0.0458181295355271,0,0,,,,0.000669,60,80,0.75,0.6451532538076602,0.8319376814245761,0
theoretical_ops,chain1,L2-RB,80,59,1,20,0,0,60,80,0.75,0.6451532538076602,0.8319376814245761,59,80,0.7375,0.6318104033557184,0.8214259851149064,1,60,0.016666666666666666,0.0029481597947862495,0.08855129727590061,0.0006540000000000001,2,20,0.1,0.027866481213768224,0.3010336452284873,0
theoretical_ops,chain1,L3,80,61,19,0,0,0,80,80,1.0,0.9541818704644728,0.9999999999999999,61,80,0.7625,0.6585922106615945,0.8423532713322537,19,80,0.2375,0.15764672866774618,0.34140778933840543,0.008511,0,0,,,,0
theoretical_ops,chain1,L3-R,80,61,19,0,0,0,80,80,1.0,0.9541818704644728,0.9999999999999999,61,80,0.7625,0.6585922106615945,0.8423532713322537,19,80,0.2375,0.15764672866774618,0.34140778933840543,0.0081355,0,0,,,,0
theoretical_ops,chain1,L3-RB,80,61,19,0,0,0,80,80,1.0,0.9541818704644728,0.9999999999999999,61,80,0.7625,0.6585922106615945,0.8423532713322537,19,80,0.2375,0.15764672866774618,0.34140778933840543,0.007316,0,0,,,,0
theoretical_ops,chain2,L1,70,41,19,10,0,0,60,70,0.8571428571428571,0.7566158011633325,0.920510582829334,41,70,0.5857142857142857,0.46881211784560456,0.6936982143126353,19,60,0.31666666666666665,0.21305867552366523,0.44233767026176773,0.000643,0,10,0.0,0.0,0.2775327998628892,0
theoretical_ops,chain2,L2,70,41,29,0,0,0,70,70,1.0,0.9479769375897331,1.0,41,70,0.5857142857142857,0.46881211784560456,0.6936982143126353,29,70,0.4142857142857143,0.30630178568736466,0.5311878821543955,0.0007930000000000001,0,0,,,,0
theoretical_ops,chain2,L2-R,70,0,0,70,0,0,0,70,0.0,0.0,0.05202306241026692,0,70,0.0,0.0,0.05202306241026692,0,0,,,,0.000532,48,70,0.6857142857142857,0.5697286201420141,0.7823770995341724,0
theoretical_ops,chain2,L2-RB,70,41,9,20,0,0,50,70,0.7142857142857143,0.5994980341827975,0.8067777962128025,41,70,0.5857142857142857,0.46881211784560456,0.6936982143126353,9,50,0.18,0.09770192670234178,0.30796053674300783,0.000602,2,20,0.1,0.027866481213768224,0.3010336452284873,0
theoretical_ops,chain2,L3,70,41,29,0,0,0,70,70,1.0,0.9479769375897331,1.0,41,70,0.5857142857142857,0.46881211784560456,0.6936982143126353,29,70,0.4142857142857143,0.30630178568736466,0.5311878821543955,0.006271,0,0,,,,0
theoretical_ops,chain2,L3-R,70,41,29,0,0,0,70,70,1.0,0.9479769375897331,1.0,41,70,0.5857142857142857,0.46881211784560456,0.6936982143126353,29,70,0.4142857142857143,0.30630178568736466,0.5311878821543955,0.005816,0,0,,,,0
theoretical_ops,chain2,L3-RB,70,41,29,0,0,0,70,70,1.0,0.9479769375897331,1.0,41,70,0.5857142857142857,0.46881211784560456,0.6936982143126353,29,70,0.4142857142857143,0.30630178568736466,0.5311878821543955,0.0056489999999999995,0,0,,,,0
theoretical_ops,diamond,L1,30,6,24,0,0,0,30,30,1.0,0.8864866068260312,0.9999999999999999,6,30,0.2,0.0950510717728987,0.3730569641314825,24,30,0.8,0.6269430358685175,0.9049489282271013,0.000575,0,0,,,,0
theoretical_ops,diamond,L2,30,6,24,0,0,0,30,30,1.0,0.8864866068260312,0.9999999999999999,6,30,0.2,0.0950510717728987,0.3730569641314825,24,30,0.8,0.6269430358685175,0.9049489282271013,0.002391,0,0,,,,0
theoretical_ops,diamond,L2-R,30,0,0,30,0,0,0,30,0.0,0.0,0.11351339317396876,0,30,0.0,0.0,0.11351339317396876,0,0,,,,0.0005855,30,30,1.0,0.8864866068260312,0.9999999999999999,0
theoretical_ops,diamond,L2-RB,30,30,0,0,0,0,30,30,1.0,0.8864866068260312,0.9999999999999999,30,30,1.0,0.8864866068260312,0.9999999999999999,0,30,0.0,0.0,0.11351339317396876,0.0009675,0,0,,,,0
theoretical_ops,diamond,L3,30,6,24,0,0,0,30,30,1.0,0.8864866068260312,0.9999999999999999,6,30,0.2,0.0950510717728987,0.3730569641314825,24,30,0.8,0.6269430358685175,0.9049489282271013,0.0064265,0,0,,,,0
theoretical_ops,diamond,L3-R,30,30,0,0,0,0,30,30,1.0,0.8864866068260312,0.9999999999999999,30,30,1.0,0.8864866068260312,0.9999999999999999,0,30,0.0,0.0,0.11351339317396876,0.007507,0,0,,,,0
theoretical_ops,diamond,L3-RB,30,30,0,0,0,0,30,30,1.0,0.8864866068260312,0.9999999999999999,30,30,1.0,0.8864866068260312,0.9999999999999999,0,30,0.0,0.0,0.11351339317396876,0.0082535,0,0,,,,0
theoretical_ops,mesh,L1,40,23,17,0,0,0,40,40,1.0,0.9123783988027135,1.0,23,40,0.575,0.42195068541991065,0.7149060744004962,17,40,0.425,0.28509392559950375,0.5780493145800892,0.001334,0,0,,,,0
theoretical_ops,mesh,L2,40,23,17,0,0,0,40,40,1.0,0.9123783988027135,1.0,23,40,0.575,0.42195068541991065,0.7149060744004962,17,40,0.425,0.28509392559950375,0.5780493145800892,0.0042315,0,0,,,,0
theoretical_ops,mesh,L2-R,40,0,0,40,0,0,0,40,0.0,0.0,0.08762160119728664,0,40,0.0,0.0,0.08762160119728664,0,0,,,,0.0042525,30,40,0.75,0.5980603857923197,0.858128813609037,0
theoretical_ops,mesh,L2-RB,40,22,8,10,0,0,30,40,0.75,0.5980603857923197,0.858128813609037,22,40,0.55,0.39829091798932054,0.6929469218909508,8,30,0.26666666666666666,0.14182663319596317,0.4444796169518888,0.0019485,1,10,0.1,0.017876213095072896,0.4041500267952385,0
theoretical_ops,mesh,L3,40,23,17,0,0,0,40,40,1.0,0.9123783988027135,1.0,23,40,0.575,0.42195068541991065,0.7149060744004962,17,40,0.425,0.28509392559950375,0.5780493145800892,0.015747,0,0,,,,0
theoretical_ops,mesh,L3-R,40,23,17,0,0,0,40,40,1.0,0.9123783988027135,1.0,23,40,0.575,0.42195068541991065,0.7149060744004962,17,40,0.425,0.28509392559950375,0.5780493145800892,0.017010499999999998,0,0,,,,0
theoretical_ops,mesh,L3-RB,40,23,17,0,0,0,40,40,1.0,0.9123783988027135,1.0,23,40,0.575,0.42195068541991065,0.7149060744004962,17,40,0.425,0.28509392559950375,0.5780493145800892,0.017402,0,0,,,,0
