hardware,case,topology,seeds,requested_fidelity,min_delivered_pairs,initial_satisfied,initial_violated,initial_rejected,action,recovered_count,recovered_of,recovered_rate,recovered_ci_low,recovered_ci_high,episode1_delivered_pairs_mean,episode1_delivered_pairs_ci_low,episode1_delivered_pairs_ci_high,episode1_delivered_pairs_n,episode2_delivered_pairs_mean,episode2_delivered_pairs_ci_low,episode2_delivered_pairs_ci_high,episode2_delivered_pairs_n,episode1_fidelity_mean,episode2_fidelity_mean,episode1_route,episode2_route
literature,decoherence_margin,chain1,20,0.705,30,0,20,0,duration_increase,20,20,1.0,0.8388748419471806,1.0,19.75,17.878712293178992,21.621287706821008,20,39.65,37.005669557493235,42.29433044250676,20,0.70706816072134,0.707079667644947,a->r1->b,a->r1->b
literature,duration_increase_recoverable,chain1,20,0.6,30,1,19,0,duration_increase,19,19,1.0,0.8318207759473837,1.0,23.25,21.294364613663298,25.205635386336702,20,47.63157894736842,45.52323370143212,49.73992419330472,19,0.7029471462957033,0.703086693881576,a->r1->b,a->r1->b
literature,fidelity_ceiling_unrecoverable,chain1,20,0.9,10,0,0,20,,0,0,,,,,,,0,,,,0,,,,
literature,route_change_recoverable,diamond,20,0.55,10,0,20,0,route_change,20,20,1.0,0.8388748419471806,1.0,1.15,0.6875610800140457,1.6124389199859541,20,41.6,38.71336752488966,44.48663247511034,20,0.6721535927230894,0.5854249376089667,r1->bad->r3,r1->good1->good2->r3
literature,severe_loss_attempt,chain1,20,0.6,30,0,20,0,duration_increase,0,20,0.0,0.0,0.16112515805281938,8.1,6.944588459770808,9.255411540229192,20,15.6,13.833121234996694,17.366878765003307,20,0.6970020639137198,0.6946097525200357,a->r1->b,a->r1->b
literature,slot_increase_recoverable,chain1,20,0.6,30,0,20,0,slot_increase,20,20,1.0,0.8388748419471806,1.0,21.7,19.935079719358068,23.46492028064193,20,47.35,45.27203933648569,49.42796066351431,20,0.700547095368226,0.7030456224337299,a->r1->b,a->r1->b
theoretical_ops,decoherence_margin,chain1,20,0.705,30,20,0,0,,0,0,,,,45.35,41.7815870132711,48.9184129867289,20,,,,0,0.7402768054114117,,a->r1->b,
theoretical_ops,duration_increase_recoverable,chain1,20,0.6,30,1,19,0,duration_increase,19,19,1.0,0.8318207759473837,1.0,23.25,21.294364613663298,25.205635386336702,20,47.63157894736842,45.52323370143212,49.73992419330472,19,0.7399173374025046,0.7400682750610612,a->r1->b,a->r1->b
theoretical_ops,fidelity_ceiling_unrecoverable,chain1,20,0.9,10,0,0,20,,0,0,,,,,,,0,,,,0,,,,
theoretical_ops,route_change_recoverable,diamond,20,0.55,10,0,20,0,route_change,20,20,1.0,0.8388748419471806,1.0,1.15,0.6875610800140457,1.6124389199859541,20,42.3,39.79066716669674,44.80933283330325,20,0.7066103701352744,0.6421956741379612,r1->bad->r3,r1->good1->good2->r3
theoretical_ops,severe_loss_attempt,chain1,20,0.6,30,0,20,0,duration_increase,0,20,0.0,0.0,0.16112515805281938,8.1,6.944588459770808,9.255411540229192,20,15.65,13.916882689656212,17.38311731034379,20,0.7334870089303203,0.7304709419478101,a->r1->b,a->r1->b
theoretical_ops,slot_increase_recoverable,chain1,20,0.6,30,0,20,0,slot_increase,20,20,1.0,0.8388748419471806,1.0,21.7,19.935079719358068,23.46492028064193,20,47.35,45.27203933648569,49.42796066351431,20,0.7373213909004983,0.7400238513031535,a->r1->b,a->r1->b
