group_id,intent_id,group_role,scenario,topology,hardware,platform,planner_level,seed,source,destination,min_fidelity,reserved_memory_slots,min_delivered_pairs,duration_s,decision_feasible,route,final_status,satisfied,delivered_pairs,average_fidelity,failure_class,rejection_reason,failed_reason,planning_wall_time_s,orchestration_wall_time_s,simulation_wall_time_s_shared,lifecycle_history_length
C1_non_conflicting-literature-L1-seed2,C1_non_conflicting-literature-L1-seed2-A,A,C1_non_conflicting,mesh,literature,siv_2024,L1,2,a0,a3,0.5,3,5,0.3,True,a0 -> a1 -> a2 -> a3,SATISFIED,True,27.0,0.5819529291560878,none,,,0.002234499988844618,0.00043200000072829425,27.095769799983827,7
C1_non_conflicting-literature-L1-seed2,C1_non_conflicting-literature-L1-seed2-B,B,C1_non_conflicting,mesh,literature,siv_2024,L1,2,b0,b3,0.5,3,5,0.3,True,b0 -> b1 -> b2 -> b3,SATISFIED,True,36.0,0.584951793055206,none,,,0.001225999993039295,0.00027439999394118786,27.095769799983827,7
C1_non_conflicting-literature-L1-seed1,C1_non_conflicting-literature-L1-seed1-A,A,C1_non_conflicting,mesh,literature,siv_2024,L1,1,a0,a3,0.5,3,5,0.3,True,a0 -> a1 -> a2 -> a3,SATISFIED,True,35.0,0.584472895667437,none,,,0.0020179999992251396,0.0004186999867670238,28.11239180000848,7
C1_non_conflicting-literature-L1-seed1,C1_non_conflicting-literature-L1-seed1-B,B,C1_non_conflicting,mesh,literature,siv_2024,L1,1,b0,b3,0.5,3,5,0.3,True,b0 -> b1 -> b2 -> b3,SATISFIED,True,35.0,0.5867044753873369,none,,,0.001222599996253848,0.0003173000004608184,28.11239180000848,7
C1_non_conflicting-literature-L1-seed4,C1_non_conflicting-literature-L1-seed4-A,A,C1_non_conflicting,mesh,literature,siv_2024,L1,4,a0,a3,0.5,3,5,0.3,True,a0 -> a1 -> a2 -> a3,SATISFIED,True,34.0,0.5858053205668268,none,,,0.002624799992190674,0.00042910000775009394,29.06104139998206,7
C1_non_conflicting-literature-L1-seed4,C1_non_conflicting-literature-L1-seed4-B,B,C1_non_conflicting,mesh,literature,siv_2024,L1,4,b0,b3,0.5,3,5,0.3,True,b0 -> b1 -> b2 -> b3,SATISFIED,True,50.0,0.588200285668568,none,,,0.0013957000046502799,0.0003003000165335834,29.06104139998206,7
C1_non_conflicting-literature-L1-seed5,C1_non_conflicting-literature-L1-seed5-A,A,C1_non_conflicting,mesh,literature,siv_2024,L1,5,a0,a3,0.5,3,5,0.3,True,a0 -> a1 -> a2 -> a3,SATISFIED,True,34.0,0.5868027486955348,none,,,0.002417700015939772,0.0004115000192541629,28.8413528999954,7
C1_non_conflicting-literature-L1-seed5,C1_non_conflicting-literature-L1-seed5-B,B,C1_non_conflicting,mesh,literature,siv_2024,L1,5,b0,b3,0.5,3,5,0.3,True,b0 -> b1 -> b2 -> b3,SATISFIED,True,38.0,0.5860080142346554,none,,,0.0031447999936062843,0.0003802000137511641,28.8413528999954,7
C1_non_conflicting-literature-L1-seed0,C1_non_conflicting-literature-L1-seed0-A,A,C1_non_conflicting,mesh,literature,siv_2024,L1,0,a0,a3,0.5,3,5,0.3,True,a0 -> a1 -> a2 -> a3,SATISFIED,True,33.0,0.5855866748633534,none,,,0.002235899999504909,0.00046919999294914305,29.551839299994754,7
C1_non_conflicting-literature-L1-seed0,C1_non_conflicting-literature-L1-seed0-B,B,C1_non_conflicting,mesh,literature,siv_2024,L1,0,b0,b3,0.5,3,5,0.3,True,b0 -> b1 -> b2 -> b3,SATISFIED,True,35.0,0.5866740875467875,none,,,0.0013658000098075718,0.00031820000731386244,29.551839299994754,7
C1_non_conflicting-literature-L1-seed3,C1_non_conflicting-literature-L1-seed3-A,A,C1_non_conflicting,mesh,literature,siv_2024,L1,3,a0,a3,0.5,3,5,0.3,True,a0 -> a1 -> a2 -> a3,SATISFIED,True,34.0,0.5865784227134601,none,,,0.002371399983530864,0.00042749999556690454,29.46891549997963,7
C1_non_conflicting-literature-L1-seed3,C1_non_conflicting-literature-L1-seed3-B,B,C1_non_conflicting,mesh,literature,siv_2024,L1,3,b0,b3,0.5,3,5,0.3,True,b0 -> b1 -> b2 -> b3,SATISFIED,True,33.0,0.5858324009485446,none,,,0.0014399999927263707,0.00032130000181496143,29.46891549997963,7
C1_non_conflicting-literature-L1-seed6,C1_non_conflicting-literature-L1-seed6-A,A,C1_non_conflicting,mesh,literature,siv_2024,L1,6,a0,a3,0.5,3,5,0.3,True,a0 -> a1 -> a2 -> a3,SATISFIED,True,40.0,0.5872286277667311,none,,,0.0013806000060867518,0.00028559999191202223,31.70913269999437,7
C1_non_conflicting-literature-L1-seed6,C1_non_conflicting-literature-L1-seed6-B,B,C1_non_conflicting,mesh,literature,siv_2024,L1,6,b0,b3,0.5,3,5,0.3,True,b0 -> b1 -> b2 -> b3,SATISFIED,True,36.0,0.5869773405620217,none,,,0.0012311000027693808,0.00024319998919963837,31.70913269999437,7
C1_non_conflicting-literature-L1-seed9,C1_non_conflicting-literature-L1-seed9-A,A,C1_non_conflicting,mesh,literature,siv_2024,L1,9,a0,a3,0.5,3,5,0.3,True,a0 -> a1 -> a2 -> a3,SATISFIED,True,38.0,0.5864543208083228,none,,,0.0016704000008758157,0.0002796000044327229,30.318765200005146,7
C1_non_conflicting-literature-L1-seed9,C1_non_conflicting-literature-L1-seed9-B,B,C1_non_conflicting,mesh,literature,siv_2024,L1,9,b0,b3,0.5,3,5,0.3,True,b0 -> b1 -> b2 -> b3,SATISFIED,True,33.0,0.5851115588511328,none,,,0.0011687999940477312,0.00021689999266527593,30.318765200005146,7
C1_non_conflicting-literature-L1-seed7,C1_non_conflicting-literature-L1-seed7-A,A,C1_non_conflicting,mesh,literature,siv_2024,L1,7,a0,a3,0.5,3,5,0.3,True,a0 -> a1 -> a2 -> a3,SATISFIED,True,39.0,0.5858434672500866,none,,,0.001656600012211129,0.0002936999953817576,31.66511229999014,7
C1_non_conflicting-literature-L1-seed7,C1_non_conflicting-literature-L1-seed7-B,B,C1_non_conflicting,mesh,literature,siv_2024,L1,7,b0,b3,0.5,3,5,0.3,True,b0 -> b1 -> b2 -> b3,SATISFIED,True,41.0,0.5884209374400344,none,,,0.0014099999971222132,0.0002609000075608492,31.66511229999014,7
C1_non_conflicting-literature-L2-RB-seed1,C1_non_conflicting-literature-L2-RB-seed1-A,A,C1_non_conflicting,mesh,literature,siv_2024,L2-RB,1,a0,a3,0.5,3,5,0.3,True,a0 -> a1 -> a2 -> a3,SATISFIED,True,35.0,0.584472895667437,none,,,0.001645500015001744,0.00032610000926069915,30.42277600002126,7
C1_non_conflicting-literature-L2-RB-seed1,C1_non_conflicting-literature-L2-RB-seed1-B,B,C1_non_conflicting,mesh,literature,siv_2024,L2-RB,1,b0,b3,0.5,3,5,0.3,True,b0 -> b1 -> b2 -> b3,SATISFIED,True,35.0,0.5867044753873369,none,,,0.0014150000060908496,0.00028799998108297586,30.42277600002126,7
C1_non_conflicting-literature-L1-seed8,C1_non_conflicting-literature-L1-seed8-A,A,C1_non_conflicting,mesh,literature,siv_2024,L1,8,a0,a3,0.5,3,5,0.3,True,a0 -> a1 -> a2 -> a3,SATISFIED,True,38.0,0.5856253056844911,none,,,0.0014293999993242323,0.00028050001128576696,31.08328920000349,7
C1_non_conflicting-literature-L1-seed8,C1_non_conflicting-literature-L1-seed8-B,B,C1_non_conflicting,mesh,literature,siv_2024,L1,8,b0,b3,0.5,3,5,0.3,True,b0 -> b1 -> b2 -> b3,SATISFIED,True,34.0,0.5875999234374937,none,,,0.0012375999940559268,0.0002612999815028161,31.08328920000349,7
C1_non_conflicting-literature-L2-RB-seed0,C1_non_conflicting-literature-L2-RB-seed0-A,A,C1_non_conflicting,mesh,literature,siv_2024,L2-RB,0,a0,a3,0.5,3,5,0.3,True,a0 -> a1 -> a2 -> a3,SATISFIED,True,33.0,0.5855866748633534,none,,,0.0015663999947719276,0.00028959999326616526,31.553284900001017,7
C1_non_conflicting-literature-L2-RB-seed0,C1_non_conflicting-literature-L2-RB-seed0-B,B,C1_non_conflicting,mesh,literature,siv_2024,L2-RB,0,b0,b3,0.5,3,5,0.3,True,b0 -> b1 -> b2 -> b3,SATISFIED,True,35.0,0.5866740875467875,none,,,0.0012394000077620149,0.0002240000176243484,31.553284900001017,7
C1_non_conflicting-literature-L2-RB-seed2,C1_non_conflicting-literature-L2-RB-seed2-A,A,C1_non_conflicting,mesh,literature,siv_2024,L2-RB,2,a0,a3,0.5,3,5,0.3,True,a0 -> a1 -> a2 -> a3,SATISFIED,True,27.0,0.5819529291560878,none,,,0.001464499975554645,0.00025340000865980983,27.885292899998603,7
C1_non_conflicting-literature-L2-RB-seed2,C1_non_conflicting-literature-L2-RB-seed2-B,B,C1_non_conflicting,mesh,literature,siv_2024,L2-RB,2,b0,b3,0.5,3,5,0.3,True,b0 -> b1 -> b2 -> b3,SATISFIED,True,36.0,0.584951793055206,none,,,0.0013340000004973263,0.000315399985993281,27.885292899998603,7
C1_non_conflicting-literature-L2-RB-seed5,C1_non_conflicting-literature-L2-RB-seed5-A,A,C1_non_conflicting,mesh,literature,siv_2024,L2-RB,5,a0,a3,0.5,3,5,0.3,True,a0 -> a1 -> a2 -> a3,SATISFIED,True,34.0,0.5868027486955348,none,,,0.0011671999818645418,0.00026210001669824123,28.92324869998265,7
C1_non_conflicting-literature-L2-RB-seed5,C1_non_conflicting-literature-L2-RB-seed5-B,B,C1_non_conflicting,mesh,literature,siv_2024,L2-RB,5,b0,b3,0.5,3,5,0.3,True,b0 -> b1 -> b2 -> b3,SATISFIED,True,38.0,0.5860080142346554,none,,,0.0010519000061322004,0.00021810000180266798,28.92324869998265,7
C1_non_conflicting-literature-L2-RB-seed4,C1_non_conflicting-literature-L2-RB-seed4-A,A,C1_non_conflicting,mesh,literature,siv_2024,L2-RB,4,a0,a3,0.5,3,5,0.3,True,a0 -> a1 -> a2 -> a3,SATISFIED,True,34.0,0.5858053205668268,none,,,0.0015961999888531864,0.0003871000080835074,29.25165640001069,7
C1_non_conflicting-literature-L2-RB-seed4,C1_non_conflicting-literature-L2-RB-seed4-B,B,C1_non_conflicting,mesh,literature,siv_2024,L2-RB,4,b0,b3,0.5,3,5,0.3,True,b0 -> b1 -> b2 -> b3,SATISFIED,True,50.0,0.588200285668568,none,,,0.0015582999913021922,0.00030280000646598637,29.25165640001069,7
C1_non_conflicting-literature-L2-RB-seed3,C1_non_conflicting-literature-L2-RB-seed3-A,A,C1_non_conflicting,mesh,literature,siv_2024,L2-RB,3,a0,a3,0.5,3,5,0.3,True,a0 -> a1 -> a2 -> a3,SATISFIED,True,34.0,0.5865784227134601,none,,,0.0016182000108528882,0.00023259999579750001,29.319317100016633,7
C1_non_conflicting-literature-L2-RB-seed3,C1_non_conflicting-literature-L2-RB-seed3-B,B,C1_non_conflicting,mesh,literature,siv_2024,L2-RB,3,b0,b3,0.5,3,5,0.3,True,b0 -> b1 -> b2 -> b3,SATISFIED,True,33.0,0.5858324009485446,none,,,0.0015482000017073005,0.0002027000009547919,29.319317100016633,7
C1_non_conflicting-literature-L2-RB-seed6,C1_non_conflicting-literature-L2-RB-seed6-A,A,C1_non_conflicting,mesh,literature,siv_2024,L2-RB,6,a0,a3,0.5,3,5,0.3,True,a0 -> a1 -> a2 -> a3,SATISFIED,True,40.0,0.5872286277667311,none,,,0.0012621999776456505,0.0002761000068858266,29.4100569000002,7
C1_non_conflicting-literature-L2-RB-seed6,C1_non_conflicting-literature-L2-RB-seed6-B,B,C1_non_conflicting,mesh,literature,siv_2024,L2-RB,6,b0,b3,0.5,3,5,0.3,True,b0 -> b1 -> b2 -> b3,SATISFIED,True,36.0,0.5869773405620217,none,,,0.0010863000061362982,0.0002046999870799482,29.4100569000002,7
C1_non_conflicting-literature-L2-RB-seed7,C1_non_conflicting-literature-L2-RB-seed7-A,A,C1_non_conflicting,mesh,literature,siv_2024,L2-RB,7,a0,a3,0.5,3,5,0.3,True,a0 -> a1 -> a2 -> a3,SATISFIED,True,39.0,0.5858434672500866,none,,,0.0011630000080913305,0.0002379999787081033,29.855149299983168,7
C1_non_conflicting-literature-L2-RB-seed7,C1_non_conflicting-literature-L2-RB-seed7-B,B,C1_non_conflicting,mesh,literature,siv_2024,L2-RB,7,b0,b3,0.5,3,5,0.3,True,b0 -> b1 -> b2 -> b3,SATISFIED,True,41.0,0.5884209374400344,none,,,0.0009781999979168177,0.00020899999071843922,29.855149299983168,7
C2_resource_contention-literature-L1-seed1,C2_resource_contention-literature-L1-seed1-A,A,C2_resource_contention,star,literature,siv_2024,L1,1,leaf1,leaf2,0.6,3,5,0.3,True,leaf1 -> center -> leaf2,SATISFIED,True,28.0,0.6986615181373956,none,,,0.000527900003362447,0.00023480001254938543,8.609946799988393,7
C2_resource_contention-literature-L1-seed1,C2_resource_contention-literature-L1-seed1-B,B,C2_resource_contention,star,literature,siv_2024,L1,1,leaf3,leaf4,0.6,3,5,0.3,True,leaf3 -> center -> leaf4,FAILED,,,,C_resource_contention_reservation_rejected,,reservation rejected by NetworkManager,0.0019390999805182219,0.0002643000043462962,8.609946799988393,6
C2_resource_contention-literature-L1-seed0,C2_resource_contention-literature-L1-seed0-A,A,C2_resource_contention,star,literature,siv_2024,L1,0,leaf1,leaf2,0.6,3,5,0.3,True,leaf1 -> center -> leaf2,SATISFIED,True,30.0,0.7010970222917353,none,,,0.0005160000000614673,0.0002432999899610877,9.505949599988526,7
C2_resource_contention-literature-L1-seed0,C2_resource_contention-literature-L1-seed0-B,B,C2_resource_contention,star,literature,siv_2024,L1,0,leaf3,leaf4,0.6,3,5,0.3,True,leaf3 -> center -> leaf4,FAILED,,,,C_resource_contention_reservation_rejected,,reservation rejected by NetworkManager,0.0005864000122528523,0.000229199999012053,9.505949599988526,6
C2_resource_contention-literature-L1-seed2,C2_resource_contention-literature-L1-seed2-A,A,C2_resource_contention,star,literature,siv_2024,L1,2,leaf1,leaf2,0.6,3,5,0.3,True,leaf1 -> center -> leaf2,SATISFIED,True,29.0,0.7020721777826362,none,,,0.0006402000144589692,0.0002822000242304057,11.114423999999417,7
C2_resource_contention-literature-L1-seed2,C2_resource_contention-literature-L1-seed2-B,B,C2_resource_contention,star,literature,siv_2024,L1,2,leaf3,leaf4,0.6,3,5,0.3,True,leaf3 -> center -> leaf4,FAILED,,,,C_resource_contention_reservation_rejected,,reservation rejected by NetworkManager,0.0005087000026833266,0.00024040002608671784,11.114423999999417,6
C2_resource_contention-literature-L1-seed3,C2_resource_contention-literature-L1-seed3-A,A,C2_resource_contention,star,literature,siv_2024,L1,3,leaf1,leaf2,0.6,3,5,0.3,True,leaf1 -> center -> leaf2,SATISFIED,True,31.0,0.7004694311771874,none,,,0.0006319000094663352,0.0003099000023212284,10.369425299984869,7
C2_resource_contention-literature-L1-seed3,C2_resource_contention-literature-L1-seed3-B,B,C2_resource_contention,star,literature,siv_2024,L1,3,leaf3,leaf4,0.6,3,5,0.3,True,leaf3 -> center -> leaf4,FAILED,,,,C_resource_contention_reservation_rejected,,reservation rejected by NetworkManager,0.0005082999996375293,0.00022319998242892325,10.369425299984869,6
C2_resource_contention-literature-L1-seed4,C2_resource_contention-literature-L1-seed4-A,A,C2_resource_contention,star,literature,siv_2024,L1,4,leaf1,leaf2,0.6,3,5,0.3,True,leaf1 -> center -> leaf2,SATISFIED,True,37.0,0.7019290026730965,none,,,0.0011153999948874116,0.0006739999807905406,10.059450200002175,7
C2_resource_contention-literature-L1-seed4,C2_resource_contention-literature-L1-seed4-B,B,C2_resource_contention,star,literature,siv_2024,L1,4,leaf3,leaf4,0.6,3,5,0.3,True,leaf3 -> center -> leaf4,FAILED,,,,C_resource_contention_reservation_rejected,,reservation rejected by NetworkManager,0.0005197999998927116,0.00021990001550875604,10.059450200002175,6
C2_resource_contention-literature-L1-seed5,C2_resource_contention-literature-L1-seed5-A,A,C2_resource_contention,star,literature,siv_2024,L1,5,leaf1,leaf2,0.6,3,5,0.3,True,leaf1 -> center -> leaf2,SATISFIED,True,32.0,0.7014719980389225,none,,,0.0005557000113185495,0.0002591000229585916,9.589634400006616,7
C2_resource_contention-literature-L1-seed5,C2_resource_contention-literature-L1-seed5-B,B,C2_resource_contention,star,literature,siv_2024,L1,5,leaf3,leaf4,0.6,3,5,0.3,True,leaf3 -> center -> leaf4,FAILED,,,,C_resource_contention_reservation_rejected,,reservation rejected by NetworkManager,0.0004400000034365803,0.00021540001034736633,9.589634400006616,6
C2_resource_contention-literature-L1-seed6,C2_resource_contention-literature-L1-seed6-A,A,C2_resource_contention,star,literature,siv_2024,L1,6,leaf1,leaf2,0.6,3,5,0.3,True,leaf1 -> center -> leaf2,SATISFIED,True,34.0,0.7020697910596941,none,,,0.0004876999882981181,0.0002683000057004392,8.662604300014209,7
C2_resource_contention-literature-L1-seed6,C2_resource_contention-literature-L1-seed6-B,B,C2_resource_contention,star,literature,siv_2024,L1,6,leaf3,leaf4,0.6,3,5,0.3,True,leaf3 -> center -> leaf4,FAILED,,,,C_resource_contention_reservation_rejected,,reservation rejected by NetworkManager,0.0003381999849807471,0.00016190001042559743,8.662604300014209,6
C2_resource_contention-literature-L1-seed7,C2_resource_contention-literature-L1-seed7-A,A,C2_resource_contention,star,literature,siv_2024,L1,7,leaf1,leaf2,0.6,3,5,0.3,True,leaf1 -> center -> leaf2,SATISFIED,True,32.0,0.7017658160617825,none,,,0.0004540000227279961,0.00025309997727163136,8.619564399996307,7
C2_resource_contention-literature-L1-seed7,C2_resource_contention-literature-L1-seed7-B,B,C2_resource_contention,star,literature,siv_2024,L1,7,leaf3,leaf4,0.6,3,5,0.3,True,leaf3 -> center -> leaf4,FAILED,,,,C_resource_contention_reservation_rejected,,reservation rejected by NetworkManager,0.00032690001535229385,0.0001419999753125012,8.619564399996307,6
C2_resource_contention-literature-L1-seed8,C2_resource_contention-literature-L1-seed8-A,A,C2_resource_contention,star,literature,siv_2024,L1,8,leaf1,leaf2,0.6,3,5,0.3,True,leaf1 -> center -> leaf2,SATISFIED,True,38.0,0.7022772347947894,none,,,0.000513700011651963,0.00024200000916607678,8.732187899993733,7
C2_resource_contention-literature-L1-seed8,C2_resource_contention-literature-L1-seed8-B,B,C2_resource_contention,star,literature,siv_2024,L1,8,leaf3,leaf4,0.6,3,5,0.3,True,leaf3 -> center -> leaf4,FAILED,,,,C_resource_contention_reservation_rejected,,reservation rejected by NetworkManager,0.00034890000824816525,0.00015799998072907329,8.732187899993733,6
C2_resource_contention-literature-L1-seed9,C2_resource_contention-literature-L1-seed9-A,A,C2_resource_contention,star,literature,siv_2024,L1,9,leaf1,leaf2,0.6,3,5,0.3,True,leaf1 -> center -> leaf2,SATISFIED,True,33.0,0.7037932425875173,none,,,0.0004302999877836555,0.00027210000553168356,8.726874299987685,7
C2_resource_contention-literature-L1-seed9,C2_resource_contention-literature-L1-seed9-B,B,C2_resource_contention,star,literature,siv_2024,L1,9,leaf3,leaf4,0.6,3,5,0.3,True,leaf3 -> center -> leaf4,FAILED,,,,C_resource_contention_reservation_rejected,,reservation rejected by NetworkManager,0.00038809998659417033,0.006460000004153699,8.726874299987685,6
C2_resource_contention-literature-L2-RB-seed1,C2_resource_contention-literature-L2-RB-seed1-A,A,C2_resource_contention,star,literature,siv_2024,L2-RB,1,leaf1,leaf2,0.6,3,5,0.3,True,leaf1 -> center -> leaf2,SATISFIED,True,28.0,0.6986615181373956,none,,,0.00048099999548867345,0.00021959998412057757,8.058483699976932,7
C2_resource_contention-literature-L2-RB-seed1,C2_resource_contention-literature-L2-RB-seed1-B,B,C2_resource_contention,star,literature,siv_2024,L2-RB,1,leaf3,leaf4,0.6,3,5,0.3,True,leaf3 -> center -> leaf4,FAILED,,,,C_resource_contention_reservation_rejected,,reservation rejected by NetworkManager,0.0003209999995306134,0.00014590000500902534,8.058483699976932,6
C1_non_conflicting-literature-L2-RB-seed8,C1_non_conflicting-literature-L2-RB-seed8-A,A,C1_non_conflicting,mesh,literature,siv_2024,L2-RB,8,a0,a3,0.5,3,5,0.3,True,a0 -> a1 -> a2 -> a3,SATISFIED,True,38.0,0.5856253056844911,none,,,0.0012506000057328492,0.00026709999656304717,31.080999900004826,7
C1_non_conflicting-literature-L2-RB-seed8,C1_non_conflicting-literature-L2-RB-seed8-B,B,C1_non_conflicting,mesh,literature,siv_2024,L2-RB,8,b0,b3,0.5,3,5,0.3,True,b0 -> b1 -> b2 -> b3,SATISFIED,True,34.0,0.5875999234374937,none,,,0.0013108999992255121,0.0001812000118661672,31.080999900004826,7
C2_resource_contention-literature-L2-RB-seed0,C2_resource_contention-literature-L2-RB-seed0-A,A,C2_resource_contention,star,literature,siv_2024,L2-RB,0,leaf1,leaf2,0.6,3,5,0.3,True,leaf1 -> center -> leaf2,SATISFIED,True,30.0,0.7010970222917353,none,,,0.00046770001063123345,0.00024059999850578606,8.573871000000509,7
C2_resource_contention-literature-L2-RB-seed0,C2_resource_contention-literature-L2-RB-seed0-B,B,C2_resource_contention,star,literature,siv_2024,L2-RB,0,leaf3,leaf4,0.6,3,5,0.3,True,leaf3 -> center -> leaf4,FAILED,,,,C_resource_contention_reservation_rejected,,reservation rejected by NetworkManager,0.0003983000060543418,0.00018360000103712082,8.573871000000509,6
C1_non_conflicting-literature-L2-RB-seed9,C1_non_conflicting-literature-L2-RB-seed9-A,A,C1_non_conflicting,mesh,literature,siv_2024,L2-RB,9,a0,a3,0.5,3,5,0.3,True,a0 -> a1 -> a2 -> a3,SATISFIED,True,38.0,0.5864543208083228,none,,,0.0008465000137221068,0.00018339999951422215,30.75624489999609,7
C1_non_conflicting-literature-L2-RB-seed9,C1_non_conflicting-literature-L2-RB-seed9-B,B,C1_non_conflicting,mesh,literature,siv_2024,L2-RB,9,b0,b3,0.5,3,5,0.3,True,b0 -> b1 -> b2 -> b3,SATISFIED,True,33.0,0.5851115588511328,none,,,0.000588800001423806,0.00011029999586753547,30.75624489999609,7
C2_resource_contention-literature-L2-RB-seed3,C2_resource_contention-literature-L2-RB-seed3-A,A,C2_resource_contention,star,literature,siv_2024,L2-RB,3,leaf1,leaf2,0.6,3,5,0.3,True,leaf1 -> center -> leaf2,SATISFIED,True,31.0,0.7004694311771874,none,,,0.0005039000243414193,0.00022780001745559275,7.9734992000157945,7
C2_resource_contention-literature-L2-RB-seed3,C2_resource_contention-literature-L2-RB-seed3-B,B,C2_resource_contention,star,literature,siv_2024,L2-RB,3,leaf3,leaf4,0.6,3,5,0.3,True,leaf3 -> center -> leaf4,FAILED,,,,C_resource_contention_reservation_rejected,,reservation rejected by NetworkManager,0.00036630002432502806,0.0001637000241316855,7.9734992000157945,6
C2_resource_contention-literature-L2-RB-seed2,C2_resource_contention-literature-L2-RB-seed2-A,A,C2_resource_contention,star,literature,siv_2024,L2-RB,2,leaf1,leaf2,0.6,3,5,0.3,True,leaf1 -> center -> leaf2,SATISFIED,True,29.0,0.7020721777826362,none,,,0.0005226000212132931,0.00023059998056851327,8.542716800002381,7
C2_resource_contention-literature-L2-RB-seed2,C2_resource_contention-literature-L2-RB-seed2-B,B,C2_resource_contention,star,literature,siv_2024,L2-RB,2,leaf3,leaf4,0.6,3,5,0.3,True,leaf3 -> center -> leaf4,FAILED,,,,C_resource_contention_reservation_rejected,,reservation rejected by NetworkManager,0.0003454999823588878,0.00017330000991933048,8.542716800002381,6
C2_resource_contention-literature-L2-RB-seed5,C2_resource_contention-literature-L2-RB-seed5-A,A,C2_resource_contention,star,literature,siv_2024,L2-RB,5,leaf1,leaf2,0.6,3,5,0.3,True,leaf1 -> center -> leaf2,SATISFIED,True,32.0,0.7014719980389225,none,,,0.0004900000058114529,0.0002316000172868371,7.998394800000824,7
C2_resource_contention-literature-L2-RB-seed5,C2_resource_contention-literature-L2-RB-seed5-B,B,C2_resource_contention,star,literature,siv_2024,L2-RB,5,leaf3,leaf4,0.6,3,5,0.3,True,leaf3 -> center -> leaf4,FAILED,,,,C_resource_contention_reservation_rejected,,reservation rejected by NetworkManager,0.00039339999784715474,0.0001753999968059361,7.998394800000824,6
C2_resource_contention-literature-L2-RB-seed4,C2_resource_contention-literature-L2-RB-seed4-A,A,C2_resource_contention,star,literature,siv_2024,L2-RB,4,leaf1,leaf2,0.6,3,5,0.3,True,leaf1 -> center -> leaf2,SATISFIED,True,37.0,0.7019290026730965,none,,,0.0005042999982833862,0.00023609999334439635,8.389064800023334,7
C2_resource_contention-literature-L2-RB-seed4,C2_resource_contention-literature-L2-RB-seed4-B,B,C2_resource_contention,star,literature,siv_2024,L2-RB,4,leaf3,leaf4,0.6,3,5,0.3,True,leaf3 -> center -> leaf4,FAILED,,,,C_resource_contention_reservation_rejected,,reservation rejected by NetworkManager,0.0004152999899815768,0.00017929999739862978,8.389064800023334,6
C2_resource_contention-literature-L2-RB-seed6,C2_resource_contention-literature-L2-RB-seed6-A,A,C2_resource_contention,star,literature,siv_2024,L2-RB,6,leaf1,leaf2,0.6,3,5,0.3,True,leaf1 -> center -> leaf2,SATISFIED,True,34.0,0.7020697910596941,none,,,0.0006391000060830265,0.00030089999199844897,9.03688540001167,7
C2_resource_contention-literature-L2-RB-seed6,C2_resource_contention-literature-L2-RB-seed6-B,B,C2_resource_contention,star,literature,siv_2024,L2-RB,6,leaf3,leaf4,0.6,3,5,0.3,True,leaf3 -> center -> leaf4,FAILED,,,,C_resource_contention_reservation_rejected,,reservation rejected by NetworkManager,0.0004778000002261251,0.00021840000408701599,9.03688540001167,6
C2_resource_contention-literature-L2-RB-seed7,C2_resource_contention-literature-L2-RB-seed7-A,A,C2_resource_contention,star,literature,siv_2024,L2-RB,7,leaf1,leaf2,0.6,3,5,0.3,True,leaf1 -> center -> leaf2,SATISFIED,True,32.0,0.7017658160617825,none,,,0.0006569999968633056,0.000301499996567145,8.528037099982612,7
C2_resource_contention-literature-L2-RB-seed7,C2_resource_contention-literature-L2-RB-seed7-B,B,C2_resource_contention,star,literature,siv_2024,L2-RB,7,leaf3,leaf4,0.6,3,5,0.3,True,leaf3 -> center -> leaf4,FAILED,,,,C_resource_contention_reservation_rejected,,reservation rejected by NetworkManager,0.000500400026794523,0.0002519999979995191,8.528037099982612,6
C2_resource_contention-literature-L2-RB-seed8,C2_resource_contention-literature-L2-RB-seed8-A,A,C2_resource_contention,star,literature,siv_2024,L2-RB,8,leaf1,leaf2,0.6,3,5,0.3,True,leaf1 -> center -> leaf2,SATISFIED,True,38.0,0.7022772347947894,none,,,0.0005234999989625067,0.0002536999818403274,9.17424469999969,7
C2_resource_contention-literature-L2-RB-seed8,C2_resource_contention-literature-L2-RB-seed8-B,B,C2_resource_contention,star,literature,siv_2024,L2-RB,8,leaf3,leaf4,0.6,3,5,0.3,True,leaf3 -> center -> leaf4,FAILED,,,,C_resource_contention_reservation_rejected,,reservation rejected by NetworkManager,0.000522000016644597,0.00021700002253055573,9.17424469999969,6
C2_resource_contention-literature-L2-RB-seed9,C2_resource_contention-literature-L2-RB-seed9-A,A,C2_resource_contention,star,literature,siv_2024,L2-RB,9,leaf1,leaf2,0.6,3,5,0.3,True,leaf1 -> center -> leaf2,SATISFIED,True,33.0,0.7037932425875173,none,,,0.0005281000048853457,0.00024580000899732113,9.234520600002725,7
C2_resource_contention-literature-L2-RB-seed9,C2_resource_contention-literature-L2-RB-seed9-B,B,C2_resource_contention,star,literature,siv_2024,L2-RB,9,leaf3,leaf4,0.6,3,5,0.3,True,leaf3 -> center -> leaf4,FAILED,,,,C_resource_contention_reservation_rejected,,reservation rejected by NetworkManager,0.00034550001146271825,0.00019609997980296612,9.234520600002725,6
C3_sequential_admission-literature-L1-seed0,C3_sequential_admission-literature-L1-seed0-A,A,C3_sequential_admission,star,literature,siv_2024,L1,0,leaf1,leaf2,0.6,3,5,0.3,True,leaf1 -> center -> leaf2,SATISFIED,True,30.0,0.7010970222917353,none,,,0.0006503000040538609,0.0002906000008806586,10.000932900002226,7
C3_sequential_admission-literature-L1-seed0,C3_sequential_admission-literature-L1-seed0-B,B,C3_sequential_admission,star,literature,siv_2024,L1,0,leaf3,leaf4,0.6,3,5,0.3,True,leaf3 -> center -> leaf4,SATISFIED,True,31.0,0.7005213726281022,none,,,0.0007072000007610768,0.0003031000087503344,8.595764800003963,7
C3_sequential_admission-literature-L1-seed1,C3_sequential_admission-literature-L1-seed1-A,A,C3_sequential_admission,star,literature,siv_2024,L1,1,leaf1,leaf2,0.6,3,5,0.3,True,leaf1 -> center -> leaf2,SATISFIED,True,28.0,0.6986615181373956,none,,,0.0006633999873884022,0.0002764000091701746,8.317633400001796,7
C3_sequential_admission-literature-L1-seed1,C3_sequential_admission-literature-L1-seed1-B,B,C3_sequential_admission,star,literature,siv_2024,L1,1,leaf3,leaf4,0.6,3,5,0.3,True,leaf3 -> center -> leaf4,SATISFIED,True,40.0,0.7038863710053644,none,,,0.006631299998844042,0.0002686000079847872,10.112352700001793,7
C3_sequential_admission-literature-L1-seed3,C3_sequential_admission-literature-L1-seed3-A,A,C3_sequential_admission,star,literature,siv_2024,L1,3,leaf1,leaf2,0.6,3,5,0.3,True,leaf1 -> center -> leaf2,SATISFIED,True,31.0,0.7004694311771874,none,,,0.0006563999922946095,0.00026429997524246573,9.405118800001219,7
C3_sequential_admission-literature-L1-seed3,C3_sequential_admission-literature-L1-seed3-B,B,C3_sequential_admission,star,literature,siv_2024,L1,3,leaf3,leaf4,0.6,3,5,0.3,True,leaf3 -> center -> leaf4,SATISFIED,True,34.0,0.7020359327386833,none,,,0.0007917000039014965,0.00022980000358074903,8.585664199985331,7
C3_sequential_admission-literature-L1-seed2,C3_sequential_admission-literature-L1-seed2-A,A,C3_sequential_admission,star,literature,siv_2024,L1,2,leaf1,leaf2,0.6,3,5,0.3,True,leaf1 -> center -> leaf2,SATISFIED,True,29.0,0.7020721777826362,none,,,0.001055299973813817,0.00042180001037195325,9.545944200013764,7
C3_sequential_admission-literature-L1-seed2,C3_sequential_admission-literature-L1-seed2-B,B,C3_sequential_admission,star,literature,siv_2024,L1,2,leaf3,leaf4,0.6,3,5,0.3,True,leaf3 -> center -> leaf4,SATISFIED,True,40.0,0.7048918250442101,none,,,0.00044249999336898327,0.00021779999951831996,9.62959719999344,7
C3_sequential_admission-literature-L1-seed4,C3_sequential_admission-literature-L1-seed4-A,A,C3_sequential_admission,star,literature,siv_2024,L1,4,leaf1,leaf2,0.6,3,5,0.3,True,leaf1 -> center -> leaf2,SATISFIED,True,37.0,0.7019290026730965,none,,,0.0008214000263251364,0.0003491000097710639,9.584162099985406,7
C3_sequential_admission-literature-L1-seed4,C3_sequential_admission-literature-L1-seed4-B,B,C3_sequential_admission,star,literature,siv_2024,L1,4,leaf3,leaf4,0.6,3,5,0.3,True,leaf3 -> center -> leaf4,SATISFIED,True,31.0,0.7006944816296914,none,,,0.00044960001832805574,0.000208800018299371,8.107092699996429,7
C3_sequential_admission-literature-L1-seed5,C3_sequential_admission-literature-L1-seed5-A,A,C3_sequential_admission,star,literature,siv_2024,L1,5,leaf1,leaf2,0.6,3,5,0.3,True,leaf1 -> center -> leaf2,SATISFIED,True,32.0,0.7014719980389225,none,,,0.0006675999902654439,0.00027039999258704484,9.098380600014934,7
C3_sequential_admission-literature-L1-seed5,C3_sequential_admission-literature-L1-seed5-B,B,C3_sequential_admission,star,literature,siv_2024,L1,5,leaf3,leaf4,0.6,3,5,0.3,True,leaf3 -> center -> leaf4,SATISFIED,True,31.0,0.7019392232070554,none,,,0.0005812000017613173,0.00028840001323260367,9.182860700006131,7
C3_sequential_admission-literature-L1-seed7,C3_sequential_admission-literature-L1-seed7-A,A,C3_sequential_admission,star,literature,siv_2024,L1,7,leaf1,leaf2,0.6,3,5,0.3,True,leaf1 -> center -> leaf2,SATISFIED,True,32.0,0.7017658160617825,none,,,0.000460899987956509,0.0001998000079765916,9.3053990000044,7
C3_sequential_admission-literature-L1-seed7,C3_sequential_admission-literature-L1-seed7-B,B,C3_sequential_admission,star,literature,siv_2024,L1,7,leaf3,leaf4,0.6,3,5,0.3,True,leaf3 -> center -> leaf4,SATISFIED,True,39.0,0.7027940495653484,none,,,0.001268000021809712,0.00024789999588392675,9.238002600002801,7
C3_sequential_admission-literature-L1-seed6,C3_sequential_admission-literature-L1-seed6-A,A,C3_sequential_admission,star,literature,siv_2024,L1,6,leaf1,leaf2,0.6,3,5,0.3,True,leaf1 -> center -> leaf2,SATISFIED,True,34.0,0.7020697910596941,none,,,0.0004859000036958605,0.0002473000204190612,9.39571199999773,7
C3_sequential_admission-literature-L1-seed6,C3_sequential_admission-literature-L1-seed6-B,B,C3_sequential_admission,star,literature,siv_2024,L1,6,leaf3,leaf4,0.6,3,5,0.3,True,leaf3 -> center -> leaf4,SATISFIED,True,32.0,0.7013534612655081,none,,,0.00045900000259280205,0.0002235999854747206,9.393113299971446,7
C3_sequential_admission-literature-L1-seed8,C3_sequential_admission-literature-L1-seed8-A,A,C3_sequential_admission,star,literature,siv_2024,L1,8,leaf1,leaf2,0.6,3,5,0.3,True,leaf1 -> center -> leaf2,SATISFIED,True,38.0,0.7022772347947894,none,,,0.0005955999949947,0.0002909999748226255,10.098450000019511,7
C3_sequential_admission-literature-L1-seed8,C3_sequential_admission-literature-L1-seed8-B,B,C3_sequential_admission,star,literature,siv_2024,L1,8,leaf3,leaf4,0.6,3,5,0.3,True,leaf3 -> center -> leaf4,SATISFIED,True,35.0,0.7023180115962886,none,,,0.0006926000060047954,0.0002801000082399696,9.582509699976072,7
C3_sequential_admission-literature-L1-seed9,C3_sequential_admission-literature-L1-seed9-A,A,C3_sequential_admission,star,literature,siv_2024,L1,9,leaf1,leaf2,0.6,3,5,0.3,True,leaf1 -> center -> leaf2,SATISFIED,True,33.0,0.7037932425875173,none,,,0.001020000025164336,0.00037460000021383166,10.239097000012407,7
C3_sequential_admission-literature-L1-seed9,C3_sequential_admission-literature-L1-seed9-B,B,C3_sequential_admission,star,literature,siv_2024,L1,9,leaf3,leaf4,0.6,3,5,0.3,True,leaf3 -> center -> leaf4,SATISFIED,True,31.0,0.7014237400993766,none,,,0.000724700017599389,0.00030360001255758107,9.34114549998776,7
C3_sequential_admission-literature-L2-RB-seed0,C3_sequential_admission-literature-L2-RB-seed0-A,A,C3_sequential_admission,star,literature,siv_2024,L2-RB,0,leaf1,leaf2,0.6,3,5,0.3,True,leaf1 -> center -> leaf2,SATISFIED,True,30.0,0.7010970222917353,none,,,0.0004241999995429069,0.00022529999841935933,9.480185199994594,7
C3_sequential_admission-literature-L2-RB-seed0,C3_sequential_admission-literature-L2-RB-seed0-B,B,C3_sequential_admission,star,literature,siv_2024,L2-RB,0,leaf3,leaf4,0.6,3,5,0.3,True,leaf3 -> center -> leaf4,SATISFIED,True,31.0,0.7005213726281022,none,,,0.0004805999924428761,0.00020619999850168824,8.415059999999357,7
C3_sequential_admission-literature-L2-RB-seed1,C3_sequential_admission-literature-L2-RB-seed1-A,A,C3_sequential_admission,star,literature,siv_2024,L2-RB,1,leaf1,leaf2,0.6,3,5,0.3,True,leaf1 -> center -> leaf2,SATISFIED,True,28.0,0.6986615181373956,none,,,0.0004845999937970191,0.00023979999241419137,8.647884700010763,7
C3_sequential_admission-literature-L2-RB-seed1,C3_sequential_admission-literature-L2-RB-seed1-B,B,C3_sequential_admission,star,literature,siv_2024,L2-RB,1,leaf3,leaf4,0.6,3,5,0.3,True,leaf3 -> center -> leaf4,SATISFIED,True,40.0,0.7038863710053644,none,,,0.0005071999912615865,0.00021050000214017928,9.411928999994416,7
C3_sequential_admission-literature-L2-RB-seed3,C3_sequential_admission-literature-L2-RB-seed3-A,A,C3_sequential_admission,star,literature,siv_2024,L2-RB,3,leaf1,leaf2,0.6,3,5,0.3,True,leaf1 -> center -> leaf2,SATISFIED,True,31.0,0.7004694311771874,none,,,0.0006476000125985593,0.0002647999790497124,8.835268800001359,7
C3_sequential_admission-literature-L2-RB-seed3,C3_sequential_admission-literature-L2-RB-seed3-B,B,C3_sequential_admission,star,literature,siv_2024,L2-RB,3,leaf3,leaf4,0.6,3,5,0.3,True,leaf3 -> center -> leaf4,SATISFIED,True,34.0,0.7020359327386833,none,,,0.0006229999999050051,0.0002809000143315643,9.133726200001547,7
C3_sequential_admission-literature-L2-RB-seed2,C3_sequential_admission-literature-L2-RB-seed2-A,A,C3_sequential_admission,star,literature,siv_2024,L2-RB,2,leaf1,leaf2,0.6,3,5,0.3,True,leaf1 -> center -> leaf2,SATISFIED,True,29.0,0.7020721777826362,none,,,0.0006836999964434654,0.0002862999972421676,9.6913676999975,7
C3_sequential_admission-literature-L2-RB-seed2,C3_sequential_admission-literature-L2-RB-seed2-B,B,C3_sequential_admission,star,literature,siv_2024,L2-RB,2,leaf3,leaf4,0.6,3,5,0.3,True,leaf3 -> center -> leaf4,SATISFIED,True,40.0,0.7048918250442101,none,,,0.0005885999999009073,0.0002844999835360795,10.079349100007676,7
C3_sequential_admission-literature-L2-RB-seed4,C3_sequential_admission-literature-L2-RB-seed4-A,A,C3_sequential_admission,star,literature,siv_2024,L2-RB,4,leaf1,leaf2,0.6,3,5,0.3,True,leaf1 -> center -> leaf2,SATISFIED,True,37.0,0.7019290026730965,none,,,0.0006593000143766403,0.0002852999896276742,8.75153649999993,7
C3_sequential_admission-literature-L2-RB-seed4,C3_sequential_admission-literature-L2-RB-seed4-B,B,C3_sequential_admission,star,literature,siv_2024,L2-RB,4,leaf3,leaf4,0.6,3,5,0.3,True,leaf3 -> center -> leaf4,SATISFIED,True,31.0,0.7006944816296914,none,,,0.0005200000014156103,0.00022770001669414341,8.444676699989941,7
C3_sequential_admission-literature-L2-RB-seed5,C3_sequential_admission-literature-L2-RB-seed5-A,A,C3_sequential_admission,star,literature,siv_2024,L2-RB,5,leaf1,leaf2,0.6,3,5,0.3,True,leaf1 -> center -> leaf2,SATISFIED,True,32.0,0.7014719980389225,none,,,0.0006305999995674938,0.00031430000672116876,8.77859050000552,7
C3_sequential_admission-literature-L2-RB-seed5,C3_sequential_admission-literature-L2-RB-seed5-B,B,C3_sequential_admission,star,literature,siv_2024,L2-RB,5,leaf3,leaf4,0.6,3,5,0.3,True,leaf3 -> center -> leaf4,SATISFIED,True,31.0,0.7019392232070554,none,,,0.0005052000051364303,0.00022719998378306627,9.35833299998194,7
C3_sequential_admission-literature-L2-RB-seed6,C3_sequential_admission-literature-L2-RB-seed6-A,A,C3_sequential_admission,star,literature,siv_2024,L2-RB,6,leaf1,leaf2,0.6,3,5,0.3,True,leaf1 -> center -> leaf2,SATISFIED,True,34.0,0.7020697910596941,none,,,0.0005805999971926212,0.00028199999360367656,10.001758400001563,7
C3_sequential_admission-literature-L2-RB-seed6,C3_sequential_admission-literature-L2-RB-seed6-B,B,C3_sequential_admission,star,literature,siv_2024,L2-RB,6,leaf3,leaf4,0.6,3,5,0.3,True,leaf3 -> center -> leaf4,SATISFIED,True,32.0,0.7013534612655081,none,,,0.0006314000056590885,0.00028769997879862785,8.937316300027305,7
C3_sequential_admission-literature-L2-RB-seed7,C3_sequential_admission-literature-L2-RB-seed7-A,A,C3_sequential_admission,star,literature,siv_2024,L2-RB,7,leaf1,leaf2,0.6,3,5,0.3,True,leaf1 -> center -> leaf2,SATISFIED,True,32.0,0.7017658160617825,none,,,0.000592500000493601,0.0002686000079847872,9.924153100000694,7
C3_sequential_admission-literature-L2-RB-seed7,C3_sequential_admission-literature-L2-RB-seed7-B,B,C3_sequential_admission,star,literature,siv_2024,L2-RB,7,leaf3,leaf4,0.6,3,5,0.3,True,leaf3 -> center -> leaf4,SATISFIED,True,39.0,0.7027940495653484,none,,,0.00046640000073239207,0.00021279999054968357,8.780325500003528,7
C3_sequential_admission-literature-L2-RB-seed8,C3_sequential_admission-literature-L2-RB-seed8-A,A,C3_sequential_admission,star,literature,siv_2024,L2-RB,8,leaf1,leaf2,0.6,3,5,0.3,True,leaf1 -> center -> leaf2,SATISFIED,True,38.0,0.7022772347947894,none,,,0.0004531000158749521,0.00023169998894445598,9.268689800024731,7
C3_sequential_admission-literature-L2-RB-seed8,C3_sequential_admission-literature-L2-RB-seed8-B,B,C3_sequential_admission,star,literature,siv_2024,L2-RB,8,leaf3,leaf4,0.6,3,5,0.3,True,leaf3 -> center -> leaf4,SATISFIED,True,35.0,0.7023180115962886,none,,,0.0006478000141214579,0.00030429998878389597,9.76915150001878,7
C3_sequential_admission-literature-L2-RB-seed9,C3_sequential_admission-literature-L2-RB-seed9-A,A,C3_sequential_admission,star,literature,siv_2024,L2-RB,9,leaf1,leaf2,0.6,3,5,0.3,True,leaf1 -> center -> leaf2,SATISFIED,True,33.0,0.7037932425875173,none,,,0.0004980000085197389,0.00025049998657777905,9.628217099991161,7
C3_sequential_admission-literature-L2-RB-seed9,C3_sequential_admission-literature-L2-RB-seed9-B,B,C3_sequential_admission,star,literature,siv_2024,L2-RB,9,leaf3,leaf4,0.6,3,5,0.3,True,leaf3 -> center -> leaf4,SATISFIED,True,31.0,0.7014237400993766,none,,,0.0007110000005923212,0.0002919000107795,9.577622000011615,7
C1_non_conflicting-theoretical_ops-L1-seed0,C1_non_conflicting-theoretical_ops-L1-seed0-A,A,C1_non_conflicting,mesh,theoretical_ops,siv_2024_theoretical_ops,L1,0,a0,a3,0.5,3,5,0.3,True,a0 -> a1 -> a2 -> a3,SATISFIED,True,33.0,0.6426044969740179,none,,,0.0033620000176597387,0.00023789997794665396,31.400557600019965,7
C1_non_conflicting-theoretical_ops-L1-seed0,C1_non_conflicting-theoretical_ops-L1-seed0-B,B,C1_non_conflicting,mesh,theoretical_ops,siv_2024_theoretical_ops,L1,0,b0,b3,0.5,3,5,0.3,True,b0 -> b1 -> b2 -> b3,SATISFIED,True,35.0,0.6438766664061225,none,,,0.0009351000189781189,0.0002120999852195382,31.400557600019965,7
C1_non_conflicting-theoretical_ops-L1-seed1,C1_non_conflicting-theoretical_ops-L1-seed1-A,A,C1_non_conflicting,mesh,theoretical_ops,siv_2024_theoretical_ops,L1,1,a0,a3,0.5,3,5,0.3,True,a0 -> a1 -> a2 -> a3,SATISFIED,True,35.0,0.6413014812296324,none,,,0.0015354999923147261,0.00029769999673590064,30.580268999998225,7
C1_non_conflicting-theoretical_ops-L1-seed1,C1_non_conflicting-theoretical_ops-L1-seed1-B,B,C1_non_conflicting,mesh,theoretical_ops,siv_2024_theoretical_ops,L1,1,b0,b3,0.5,3,5,0.3,True,b0 -> b1 -> b2 -> b3,SATISFIED,True,35.0,0.6439122172898336,none,,,0.0013703999866265804,0.00024839999969117343,30.580268999998225,7
C1_non_conflicting-theoretical_ops-L1-seed2,C1_non_conflicting-theoretical_ops-L1-seed2-A,A,C1_non_conflicting,mesh,theoretical_ops,siv_2024_theoretical_ops,L1,2,a0,a3,0.5,3,5,0.3,True,a0 -> a1 -> a2 -> a3,SATISFIED,True,27.0,0.6383533600475788,none,,,0.0011872999893967062,0.00022459999308921397,28.462901399994735,7
C1_non_conflicting-theoretical_ops-L1-seed2,C1_non_conflicting-theoretical_ops-L1-seed2-B,B,C1_non_conflicting,mesh,theoretical_ops,siv_2024_theoretical_ops,L1,2,b0,b3,0.5,3,5,0.3,True,b0 -> b1 -> b2 -> b3,SATISFIED,True,36.0,0.6418617456325735,none,,,0.0010117999918293208,0.00019180000526830554,28.462901399994735,7
C1_non_conflicting-theoretical_ops-L1-seed3,C1_non_conflicting-theoretical_ops-L1-seed3-A,A,C1_non_conflicting,mesh,theoretical_ops,siv_2024_theoretical_ops,L1,3,a0,a3,0.5,3,5,0.3,True,a0 -> a1 -> a2 -> a3,SATISFIED,True,34.0,0.6437647476483771,none,,,0.0011588000052142888,0.0002809999859891832,30.491959500010125,7
C1_non_conflicting-theoretical_ops-L1-seed3,C1_non_conflicting-theoretical_ops-L1-seed3-B,B,C1_non_conflicting,mesh,theoretical_ops,siv_2024_theoretical_ops,L1,3,b0,b3,0.5,3,5,0.3,True,b0 -> b1 -> b2 -> b3,SATISFIED,True,33.0,0.6428919731263687,none,,,0.00101940002059564,0.0001866999955382198,30.491959500010125,7
C1_non_conflicting-theoretical_ops-L1-seed4,C1_non_conflicting-theoretical_ops-L1-seed4-A,A,C1_non_conflicting,mesh,theoretical_ops,siv_2024_theoretical_ops,L1,4,a0,a3,0.5,3,5,0.3,True,a0 -> a1 -> a2 -> a3,SATISFIED,True,34.0,0.6428602916549678,none,,,0.0014523999998345971,0.00028780000866390765,30.36422359998687,7
C1_non_conflicting-theoretical_ops-L1-seed4,C1_non_conflicting-theoretical_ops-L1-seed4-B,B,C1_non_conflicting,mesh,theoretical_ops,siv_2024_theoretical_ops,L1,4,b0,b3,0.5,3,5,0.3,True,b0 -> b1 -> b2 -> b3,SATISFIED,True,50.0,0.6456621730747897,none,,,0.001356099994154647,0.00023019997752271593,30.36422359998687,7
C1_non_conflicting-theoretical_ops-L1-seed5,C1_non_conflicting-theoretical_ops-L1-seed5-A,A,C1_non_conflicting,mesh,theoretical_ops,siv_2024_theoretical_ops,L1,5,a0,a3,0.5,3,5,0.3,True,a0 -> a1 -> a2 -> a3,SATISFIED,True,34.0,0.6440271877151246,none,,,0.001531199988676235,0.000285400019492954,29.347727899992606,7
C1_non_conflicting-theoretical_ops-L1-seed5,C1_non_conflicting-theoretical_ops-L1-seed5-B,B,C1_non_conflicting,mesh,theoretical_ops,siv_2024_theoretical_ops,L1,5,b0,b3,0.5,3,5,0.3,True,b0 -> b1 -> b2 -> b3,SATISFIED,True,38.0,0.6430974239711723,none,,,0.00207129999762401,0.00029490000451914966,29.347727899992606,7
C1_non_conflicting-theoretical_ops-L1-seed6,C1_non_conflicting-theoretical_ops-L1-seed6-A,A,C1_non_conflicting,mesh,theoretical_ops,siv_2024_theoretical_ops,L1,6,a0,a3,0.5,3,5,0.3,True,a0 -> a1 -> a2 -> a3,SATISFIED,True,40.0,0.6445254257294523,none,,,0.0013772000093013048,0.0002708999963942915,30.72301350001362,7
C1_non_conflicting-theoretical_ops-L1-seed6,C1_non_conflicting-theoretical_ops-L1-seed6-B,B,C1_non_conflicting,mesh,theoretical_ops,siv_2024_theoretical_ops,L1,6,b0,b3,0.5,3,5,0.3,True,b0 -> b1 -> b2 -> b3,SATISFIED,True,36.0,0.6442314435961,none,,,0.0011285000073257834,0.00020209999638609588,30.72301350001362,7
C1_non_conflicting-theoretical_ops-L1-seed7,C1_non_conflicting-theoretical_ops-L1-seed7-A,A,C1_non_conflicting,mesh,theoretical_ops,siv_2024_theoretical_ops,L1,7,a0,a3,0.5,3,5,0.3,True,a0 -> a1 -> a2 -> a3,SATISFIED,True,39.0,0.6429049196468228,none,,,0.001973200007341802,0.000301499996567145,30.876012399996398,7
C1_non_conflicting-theoretical_ops-L1-seed7,C1_non_conflicting-theoretical_ops-L1-seed7-B,B,C1_non_conflicting,mesh,theoretical_ops,siv_2024_theoretical_ops,L1,7,b0,b3,0.5,3,5,0.3,True,b0 -> b1 -> b2 -> b3,SATISFIED,True,41.0,0.6459203146645245,none,,,0.0015618999896105379,0.0002697999880183488,30.876012399996398,7
C1_non_conflicting-theoretical_ops-L1-seed8,C1_non_conflicting-theoretical_ops-L1-seed8-A,A,C1_non_conflicting,mesh,theoretical_ops,siv_2024_theoretical_ops,L1,8,a0,a3,0.5,3,5,0.3,True,a0 -> a1 -> a2 -> a3,SATISFIED,True,38.0,0.642649691361151,none,,,0.001228799985256046,0.00024250001297332346,30.467996399995172,7
C1_non_conflicting-theoretical_ops-L1-seed8,C1_non_conflicting-theoretical_ops-L1-seed8-B,B,C1_non_conflicting,mesh,theoretical_ops,siv_2024_theoretical_ops,L1,8,b0,b3,0.5,3,5,0.3,True,b0 -> b1 -> b2 -> b3,SATISFIED,True,34.0,0.6449598063558813,none,,,0.0008988999761641026,0.0002232000115327537,30.467996399995172,7
C1_non_conflicting-theoretical_ops-L1-seed9,C1_non_conflicting-theoretical_ops-L1-seed9-A,A,C1_non_conflicting,mesh,theoretical_ops,siv_2024_theoretical_ops,L1,9,a0,a3,0.5,3,5,0.3,True,a0 -> a1 -> a2 -> a3,SATISFIED,True,38.0,0.6436195602208379,none,,,0.0016026000084821135,0.00026989998877979815,29.28238310001325,7
C1_non_conflicting-theoretical_ops-L1-seed9,C1_non_conflicting-theoretical_ops-L1-seed9-B,B,C1_non_conflicting,mesh,theoretical_ops,siv_2024_theoretical_ops,L1,9,b0,b3,0.5,3,5,0.3,True,b0 -> b1 -> b2 -> b3,SATISFIED,True,33.0,0.6420486564208788,none,,,0.0013108999992255121,0.0002545999886933714,29.28238310001325,7
C1_non_conflicting-theoretical_ops-L2-RB-seed1,C1_non_conflicting-theoretical_ops-L2-RB-seed1-A,A,C1_non_conflicting,mesh,theoretical_ops,siv_2024_theoretical_ops,L2-RB,1,a0,a3,0.5,3,5,0.3,True,a0 -> a1 -> a2 -> a3,SATISFIED,True,35.0,0.6413014812296324,none,,,0.0013055000163149089,0.00031040000612847507,30.25169510001433,7
C1_non_conflicting-theoretical_ops-L2-RB-seed1,C1_non_conflicting-theoretical_ops-L2-RB-seed1-B,B,C1_non_conflicting,mesh,theoretical_ops,siv_2024_theoretical_ops,L2-RB,1,b0,b3,0.5,3,5,0.3,True,b0 -> b1 -> b2 -> b3,SATISFIED,True,35.0,0.6439122172898336,none,,,0.0009704999974928796,0.0003313999914098531,30.25169510001433,7
C1_non_conflicting-theoretical_ops-L2-RB-seed0,C1_non_conflicting-theoretical_ops-L2-RB-seed0-A,A,C1_non_conflicting,mesh,theoretical_ops,siv_2024_theoretical_ops,L2-RB,0,a0,a3,0.5,3,5,0.3,True,a0 -> a1 -> a2 -> a3,SATISFIED,True,33.0,0.6426044969740179,none,,,0.0015297000063583255,0.0002906000008806586,31.084606599994004,7
C1_non_conflicting-theoretical_ops-L2-RB-seed0,C1_non_conflicting-theoretical_ops-L2-RB-seed0-B,B,C1_non_conflicting,mesh,theoretical_ops,siv_2024_theoretical_ops,L2-RB,0,b0,b3,0.5,3,5,0.3,True,b0 -> b1 -> b2 -> b3,SATISFIED,True,35.0,0.6438766664061225,none,,,0.001618700014660135,0.0002615000121295452,31.084606599994004,7
C1_non_conflicting-theoretical_ops-L2-RB-seed2,C1_non_conflicting-theoretical_ops-L2-RB-seed2-A,A,C1_non_conflicting,mesh,theoretical_ops,siv_2024_theoretical_ops,L2-RB,2,a0,a3,0.5,3,5,0.3,True,a0 -> a1 -> a2 -> a3,SATISFIED,True,27.0,0.6383533600475788,none,,,0.0007684000011067837,0.00020589999621734023,28.14525090000825,7
C1_non_conflicting-theoretical_ops-L2-RB-seed2,C1_non_conflicting-theoretical_ops-L2-RB-seed2-B,B,C1_non_conflicting,mesh,theoretical_ops,siv_2024_theoretical_ops,L2-RB,2,b0,b3,0.5,3,5,0.3,True,b0 -> b1 -> b2 -> b3,SATISFIED,True,36.0,0.6418617456325735,none,,,0.0006709999870508909,0.00012010001228190958,28.14525090000825,7
C1_non_conflicting-theoretical_ops-L2-RB-seed3,C1_non_conflicting-theoretical_ops-L2-RB-seed3-A,A,C1_non_conflicting,mesh,theoretical_ops,siv_2024_theoretical_ops,L2-RB,3,a0,a3,0.5,3,5,0.3,True,a0 -> a1 -> a2 -> a3,SATISFIED,True,34.0,0.6437647476483771,none,,,0.000996199989458546,0.00022720001288689673,29.908527100022184,7
C1_non_conflicting-theoretical_ops-L2-RB-seed3,C1_non_conflicting-theoretical_ops-L2-RB-seed3-B,B,C1_non_conflicting,mesh,theoretical_ops,siv_2024_theoretical_ops,L2-RB,3,b0,b3,0.5,3,5,0.3,True,b0 -> b1 -> b2 -> b3,SATISFIED,True,33.0,0.6428919731263687,none,,,0.0008730000117793679,0.00018939998699352145,29.908527100022184,7
C1_non_conflicting-theoretical_ops-L2-RB-seed4,C1_non_conflicting-theoretical_ops-L2-RB-seed4-A,A,C1_non_conflicting,mesh,theoretical_ops,siv_2024_theoretical_ops,L2-RB,4,a0,a3,0.5,3,5,0.3,True,a0 -> a1 -> a2 -> a3,SATISFIED,True,34.0,0.6428602916549678,none,,,0.0011189000215381384,0.00025340000865980983,29.775631800002884,7
C1_non_conflicting-theoretical_ops-L2-RB-seed4,C1_non_conflicting-theoretical_ops-L2-RB-seed4-B,B,C1_non_conflicting,mesh,theoretical_ops,siv_2024_theoretical_ops,L2-RB,4,b0,b3,0.5,3,5,0.3,True,b0 -> b1 -> b2 -> b3,SATISFIED,True,50.0,0.6456621730747897,none,,,0.0009624999947845936,0.00020229999790899456,29.775631800002884,7
C1_non_conflicting-theoretical_ops-L2-RB-seed5,C1_non_conflicting-theoretical_ops-L2-RB-seed5-A,A,C1_non_conflicting,mesh,theoretical_ops,siv_2024_theoretical_ops,L2-RB,5,a0,a3,0.5,3,5,0.3,True,a0 -> a1 -> a2 -> a3,SATISFIED,True,34.0,0.6440271877151246,none,,,0.00204610000946559,0.0002798999776132405,28.99627309999778,7
C1_non_conflicting-theoretical_ops-L2-RB-seed5,C1_non_conflicting-theoretical_ops-L2-RB-seed5-B,B,C1_non_conflicting,mesh,theoretical_ops,siv_2024_theoretical_ops,L2-RB,5,b0,b3,0.5,3,5,0.3,True,b0 -> b1 -> b2 -> b3,SATISFIED,True,38.0,0.6430974239711723,none,,,0.0014149999769870192,0.00025179999647662044,28.99627309999778,7
C2_resource_contention-theoretical_ops-L1-seed0,C2_resource_contention-theoretical_ops-L1-seed0-A,A,C2_resource_contention,star,theoretical_ops,siv_2024_theoretical_ops,L1,0,leaf1,leaf2,0.6,3,5,0.3,True,leaf1 -> center -> leaf2,SATISFIED,True,30.0,0.7379162036426361,none,,,0.00046640000073239207,0.00021710002329200506,8.229910299996845,7
C2_resource_contention-theoretical_ops-L1-seed0,C2_resource_contention-theoretical_ops-L1-seed0-B,B,C2_resource_contention,star,theoretical_ops,siv_2024_theoretical_ops,L1,0,leaf3,leaf4,0.6,3,5,0.3,True,leaf3 -> center -> leaf4,FAILED,,,,C_resource_contention_reservation_rejected,,reservation rejected by NetworkManager,0.0002880000101868063,0.00013460000627674162,8.229910299996845,6
C2_resource_contention-theoretical_ops-L1-seed1,C2_resource_contention-theoretical_ops-L1-seed1-A,A,C2_resource_contention,star,theoretical_ops,siv_2024_theoretical_ops,L1,1,leaf1,leaf2,0.6,3,5,0.3,True,leaf1 -> center -> leaf2,SATISFIED,True,28.0,0.7352819101709033,none,,,0.0005750000127591193,0.0002893000200856477,7.49506729998393,7
C2_resource_contention-theoretical_ops-L1-seed1,C2_resource_contention-theoretical_ops-L1-seed1-B,B,C2_resource_contention,star,theoretical_ops,siv_2024_theoretical_ops,L1,1,leaf3,leaf4,0.6,3,5,0.3,True,leaf3 -> center -> leaf4,FAILED,,,,C_resource_contention_reservation_rejected,,reservation rejected by NetworkManager,0.00047330002416856587,0.0002480999974068254,7.49506729998393,6
C1_non_conflicting-theoretical_ops-L2-RB-seed6,C1_non_conflicting-theoretical_ops-L2-RB-seed6-A,A,C1_non_conflicting,mesh,theoretical_ops,siv_2024_theoretical_ops,L2-RB,6,a0,a3,0.5,3,5,0.3,True,a0 -> a1 -> a2 -> a3,SATISFIED,True,40.0,0.6445254257294523,none,,,0.0010980000079143792,0.00023820000933483243,28.106091099994956,7
C1_non_conflicting-theoretical_ops-L2-RB-seed6,C1_non_conflicting-theoretical_ops-L2-RB-seed6-B,B,C1_non_conflicting,mesh,theoretical_ops,siv_2024_theoretical_ops,L2-RB,6,b0,b3,0.5,3,5,0.3,True,b0 -> b1 -> b2 -> b3,SATISFIED,True,36.0,0.6442314435961,none,,,0.0009295999770984054,0.00018309999722987413,28.106091099994956,7
C1_non_conflicting-theoretical_ops-L2-RB-seed7,C1_non_conflicting-theoretical_ops-L2-RB-seed7-A,A,C1_non_conflicting,mesh,theoretical_ops,siv_2024_theoretical_ops,L2-RB,7,a0,a3,0.5,3,5,0.3,True,a0 -> a1 -> a2 -> a3,SATISFIED,True,39.0,0.6429049196468228,none,,,0.0010885000228881836,0.00022929999977350235,28.349501799995778,7
C1_non_conflicting-theoretical_ops-L2-RB-seed7,C1_non_conflicting-theoretical_ops-L2-RB-seed7-B,B,C1_non_conflicting,mesh,theoretical_ops,siv_2024_theoretical_ops,L2-RB,7,b0,b3,0.5,3,5,0.3,True,b0 -> b1 -> b2 -> b3,SATISFIED,True,41.0,0.6459203146645245,none,,,0.0008920000109355897,0.0002038999809883535,28.349501799995778,7
C2_resource_contention-theoretical_ops-L1-seed3,C2_resource_contention-theoretical_ops-L1-seed3-A,A,C2_resource_contention,star,theoretical_ops,siv_2024_theoretical_ops,L1,3,leaf1,leaf2,0.6,3,5,0.3,True,leaf1 -> center -> leaf2,SATISFIED,True,31.0,0.7372373876475885,none,,,0.0005864000122528523,0.00027489999774843454,7.685616000002483,7
C2_resource_contention-theoretical_ops-L1-seed3,C2_resource_contention-theoretical_ops-L1-seed3-B,B,C2_resource_contention,star,theoretical_ops,siv_2024_theoretical_ops,L1,3,leaf3,leaf4,0.6,3,5,0.3,True,leaf3 -> center -> leaf4,FAILED,,,,C_resource_contention_reservation_rejected,,reservation rejected by NetworkManager,0.0005489000177476555,0.00022659997921437025,7.685616000002483,6
C2_resource_contention-theoretical_ops-L1-seed2,C2_resource_contention-theoretical_ops-L1-seed2-A,A,C2_resource_contention,star,theoretical_ops,siv_2024_theoretical_ops,L1,2,leaf1,leaf2,0.6,3,5,0.3,True,leaf1 -> center -> leaf2,SATISFIED,True,29.0,0.7389709527133891,none,,,0.0006864999886602163,0.0003198999911546707,8.197196799999801,7
C2_resource_contention-theoretical_ops-L1-seed2,C2_resource_contention-theoretical_ops-L1-seed2-B,B,C2_resource_contention,star,theoretical_ops,siv_2024_theoretical_ops,L1,2,leaf3,leaf4,0.6,3,5,0.3,True,leaf3 -> center -> leaf4,FAILED,,,,C_resource_contention_reservation_rejected,,reservation rejected by NetworkManager,0.0005020000098738819,0.00023139998666010797,8.197196799999801,6
C2_resource_contention-theoretical_ops-L1-seed5,C2_resource_contention-theoretical_ops-L1-seed5-A,A,C2_resource_contention,star,theoretical_ops,siv_2024_theoretical_ops,L1,5,leaf1,leaf2,0.6,3,5,0.3,True,leaf1 -> center -> leaf2,SATISFIED,True,32.0,0.7383217854442986,none,,,0.0005327000108081847,0.00022059999173507094,7.500969800021267,7
C2_resource_contention-theoretical_ops-L1-seed5,C2_resource_contention-theoretical_ops-L1-seed5-B,B,C2_resource_contention,star,theoretical_ops,siv_2024_theoretical_ops,L1,5,leaf3,leaf4,0.6,3,5,0.3,True,leaf3 -> center -> leaf4,FAILED,,,,C_resource_contention_reservation_rejected,,reservation rejected by NetworkManager,0.0003343000134918839,0.0001564999984111637,7.500969800021267,6
C2_resource_contention-theoretical_ops-L1-seed4,C2_resource_contention-theoretical_ops-L1-seed4-A,A,C2_resource_contention,star,theoretical_ops,siv_2024_theoretical_ops,L1,4,leaf1,leaf2,0.6,3,5,0.3,True,leaf1 -> center -> leaf2,SATISFIED,True,37.0,0.7388160914475183,none,,,0.0003978000022470951,0.00019240000983700156,8.121313599986024,7
C2_resource_contention-theoretical_ops-L1-seed4,C2_resource_contention-theoretical_ops-L1-seed4-B,B,C2_resource_contention,star,theoretical_ops,siv_2024_theoretical_ops,L1,4,leaf3,leaf4,0.6,3,5,0.3,True,leaf3 -> center -> leaf4,FAILED,,,,C_resource_contention_reservation_rejected,,reservation rejected by NetworkManager,0.0002683000057004392,0.00010699999984353781,8.121313599986024,6
C1_non_conflicting-theoretical_ops-L2-RB-seed8,C1_non_conflicting-theoretical_ops-L2-RB-seed8-A,A,C1_non_conflicting,mesh,theoretical_ops,siv_2024_theoretical_ops,L2-RB,8,a0,a3,0.5,3,5,0.3,True,a0 -> a1 -> a2 -> a3,SATISFIED,True,38.0,0.642649691361151,none,,,0.0013510999851860106,0.0002964999875985086,27.161015699995914,7
C1_non_conflicting-theoretical_ops-L2-RB-seed8,C1_non_conflicting-theoretical_ops-L2-RB-seed8-B,B,C1_non_conflicting,mesh,theoretical_ops,siv_2024_theoretical_ops,L2-RB,8,b0,b3,0.5,3,5,0.3,True,b0 -> b1 -> b2 -> b3,SATISFIED,True,34.0,0.6449598063558813,none,,,0.0009595000010449439,0.0001922000083141029,27.161015699995914,7
C2_resource_contention-theoretical_ops-L1-seed6,C2_resource_contention-theoretical_ops-L1-seed6-A,A,C2_resource_contention,star,theoretical_ops,siv_2024_theoretical_ops,L1,6,leaf1,leaf2,0.6,3,5,0.3,True,leaf1 -> center -> leaf2,SATISFIED,True,34.0,0.7389683711827216,none,,,0.000679599994327873,0.0002707999956328422,9.344652900006622,7
C2_resource_contention-theoretical_ops-L1-seed6,C2_resource_contention-theoretical_ops-L1-seed6-B,B,C2_resource_contention,star,theoretical_ops,siv_2024_theoretical_ops,L1,6,leaf3,leaf4,0.6,3,5,0.3,True,leaf3 -> center -> leaf4,FAILED,,,,C_resource_contention_reservation_rejected,,reservation rejected by NetworkManager,0.0004607000155374408,0.000215600011870265,9.344652900006622,6
C2_resource_contention-theoretical_ops-L1-seed7,C2_resource_contention-theoretical_ops-L1-seed7-A,A,C2_resource_contention,star,theoretical_ops,siv_2024_theoretical_ops,L1,7,leaf1,leaf2,0.6,3,5,0.3,True,leaf1 -> center -> leaf2,SATISFIED,True,32.0,0.7386395853126004,none,,,0.0006170000124257058,0.00034830000367946923,9.25016009999672,7
C2_resource_contention-theoretical_ops-L1-seed7,C2_resource_contention-theoretical_ops-L1-seed7-B,B,C2_resource_contention,star,theoretical_ops,siv_2024_theoretical_ops,L1,7,leaf3,leaf4,0.6,3,5,0.3,True,leaf3 -> center -> leaf4,FAILED,,,,C_resource_contention_reservation_rejected,,reservation rejected by NetworkManager,0.0005845999985467643,0.0002379999787081033,9.25016009999672,6
C1_non_conflicting-theoretical_ops-L2-RB-seed9,C1_non_conflicting-theoretical_ops-L2-RB-seed9-A,A,C1_non_conflicting,mesh,theoretical_ops,siv_2024_theoretical_ops,L2-RB,9,a0,a3,0.5,3,5,0.3,True,a0 -> a1 -> a2 -> a3,SATISFIED,True,38.0,0.6436195602208379,none,,,0.0009305000130552799,0.00021359999664127827,27.46352079999633,7
C1_non_conflicting-theoretical_ops-L2-RB-seed9,C1_non_conflicting-theoretical_ops-L2-RB-seed9-B,B,C1_non_conflicting,mesh,theoretical_ops,siv_2024_theoretical_ops,L2-RB,9,b0,b3,0.5,3,5,0.3,True,b0 -> b1 -> b2 -> b3,SATISFIED,True,33.0,0.6420486564208788,none,,,0.0006784999859519303,0.00014560000272467732,27.46352079999633,7
C2_resource_contention-theoretical_ops-L1-seed8,C2_resource_contention-theoretical_ops-L1-seed8-A,A,C2_resource_contention,star,theoretical_ops,siv_2024_theoretical_ops,L1,8,leaf1,leaf2,0.6,3,5,0.3,True,leaf1 -> center -> leaf2,SATISFIED,True,38.0,0.7391927467708889,none,,,0.0005153999954927713,0.00029180001001805067,11.236538199998904,7
C2_resource_contention-theoretical_ops-L1-seed8,C2_resource_contention-theoretical_ops-L1-seed8-B,B,C2_resource_contention,star,theoretical_ops,siv_2024_theoretical_ops,L1,8,leaf3,leaf4,0.6,3,5,0.3,True,leaf3 -> center -> leaf4,FAILED,,,,C_resource_contention_reservation_rejected,,reservation rejected by NetworkManager,0.0004810999962501228,0.0002018999948631972,11.236538199998904,6
C2_resource_contention-theoretical_ops-L1-seed9,C2_resource_contention-theoretical_ops-L1-seed9-A,A,C2_resource_contention,star,theoretical_ops,siv_2024_theoretical_ops,L1,9,leaf1,leaf2,0.6,3,5,0.3,True,leaf1 -> center -> leaf2,SATISFIED,True,33.0,0.7408324932785527,none,,,0.0005041999975219369,0.00022769998759031296,11.120529599982547,7
C2_resource_contention-theoretical_ops-L1-seed9,C2_resource_contention-theoretical_ops-L1-seed9-B,B,C2_resource_contention,star,theoretical_ops,siv_2024_theoretical_ops,L1,9,leaf3,leaf4,0.6,3,5,0.3,True,leaf3 -> center -> leaf4,FAILED,,,,C_resource_contention_reservation_rejected,,reservation rejected by NetworkManager,0.0004014000005554408,0.00016140000661835074,11.120529599982547,6
C2_resource_contention-theoretical_ops-L2-RB-seed1,C2_resource_contention-theoretical_ops-L2-RB-seed1-A,A,C2_resource_contention,star,theoretical_ops,siv_2024_theoretical_ops,L2-RB,1,leaf1,leaf2,0.6,3,5,0.3,True,leaf1 -> center -> leaf2,SATISFIED,True,28.0,0.7352819101709033,none,,,0.0007387000077869743,0.0003795000084210187,9.76272249998874,7
C2_resource_contention-theoretical_ops-L2-RB-seed1,C2_resource_contention-theoretical_ops-L2-RB-seed1-B,B,C2_resource_contention,star,theoretical_ops,siv_2024_theoretical_ops,L2-RB,1,leaf3,leaf4,0.6,3,5,0.3,True,leaf3 -> center -> leaf4,FAILED,,,,C_resource_contention_reservation_rejected,,reservation rejected by NetworkManager,0.0003649999853223562,0.00016009999671950936,9.76272249998874,6
C2_resource_contention-theoretical_ops-L2-RB-seed0,C2_resource_contention-theoretical_ops-L2-RB-seed0-A,A,C2_resource_contention,star,theoretical_ops,siv_2024_theoretical_ops,L2-RB,0,leaf1,leaf2,0.6,3,5,0.3,True,leaf1 -> center -> leaf2,SATISFIED,True,30.0,0.7379162036426361,none,,,0.0009809999901335686,0.004842499998630956,12.238096400018549,7
C2_resource_contention-theoretical_ops-L2-RB-seed0,C2_resource_contention-theoretical_ops-L2-RB-seed0-B,B,C2_resource_contention,star,theoretical_ops,siv_2024_theoretical_ops,L2-RB,0,leaf3,leaf4,0.6,3,5,0.3,True,leaf3 -> center -> leaf4,FAILED,,,,C_resource_contention_reservation_rejected,,reservation rejected by NetworkManager,0.0007977000204846263,0.00021559998276643455,12.238096400018549,6
C2_resource_contention-theoretical_ops-L2-RB-seed3,C2_resource_contention-theoretical_ops-L2-RB-seed3-A,A,C2_resource_contention,star,theoretical_ops,siv_2024_theoretical_ops,L2-RB,3,leaf1,leaf2,0.6,3,5,0.3,True,leaf1 -> center -> leaf2,SATISFIED,True,31.0,0.7372373876475885,none,,,0.0005486000154633075,0.0002623999898787588,10.595953399984865,7
C2_resource_contention-theoretical_ops-L2-RB-seed3,C2_resource_contention-theoretical_ops-L2-RB-seed3-B,B,C2_resource_contention,star,theoretical_ops,siv_2024_theoretical_ops,L2-RB,3,leaf3,leaf4,0.6,3,5,0.3,True,leaf3 -> center -> leaf4,FAILED,,,,C_resource_contention_reservation_rejected,,reservation rejected by NetworkManager,0.000378400000045076,0.00019310001516714692,10.595953399984865,6
C2_resource_contention-theoretical_ops-L2-RB-seed2,C2_resource_contention-theoretical_ops-L2-RB-seed2-A,A,C2_resource_contention,star,theoretical_ops,siv_2024_theoretical_ops,L2-RB,2,leaf1,leaf2,0.6,3,5,0.3,True,leaf1 -> center -> leaf2,SATISFIED,True,29.0,0.7389709527133891,none,,,0.0007686000026296824,0.0003105000068899244,11.196019099996192,7
C2_resource_contention-theoretical_ops-L2-RB-seed2,C2_resource_contention-theoretical_ops-L2-RB-seed2-B,B,C2_resource_contention,star,theoretical_ops,siv_2024_theoretical_ops,L2-RB,2,leaf3,leaf4,0.6,3,5,0.3,True,leaf3 -> center -> leaf4,FAILED,,,,C_resource_contention_reservation_rejected,,reservation rejected by NetworkManager,0.0005476000078488141,0.00029670001822523773,11.196019099996192,6
C2_resource_contention-theoretical_ops-L2-RB-seed5,C2_resource_contention-theoretical_ops-L2-RB-seed5-A,A,C2_resource_contention,star,theoretical_ops,siv_2024_theoretical_ops,L2-RB,5,leaf1,leaf2,0.6,3,5,0.3,True,leaf1 -> center -> leaf2,SATISFIED,True,32.0,0.7383217854442986,none,,,0.001341299997875467,0.0002447000006213784,11.565951500000665,7
C2_resource_contention-theoretical_ops-L2-RB-seed5,C2_resource_contention-theoretical_ops-L2-RB-seed5-B,B,C2_resource_contention,star,theoretical_ops,siv_2024_theoretical_ops,L2-RB,5,leaf3,leaf4,0.6,3,5,0.3,True,leaf3 -> center -> leaf4,FAILED,,,,C_resource_contention_reservation_rejected,,reservation rejected by NetworkManager,0.0003667999990284443,0.0001852999848779291,11.565951500000665,6
C2_resource_contention-theoretical_ops-L2-RB-seed4,C2_resource_contention-theoretical_ops-L2-RB-seed4-A,A,C2_resource_contention,star,theoretical_ops,siv_2024_theoretical_ops,L2-RB,4,leaf1,leaf2,0.6,3,5,0.3,True,leaf1 -> center -> leaf2,SATISFIED,True,37.0,0.7388160914475183,none,,,0.0005136000108905137,0.00022509999689646065,11.906202299986035,7
C2_resource_contention-theoretical_ops-L2-RB-seed4,C2_resource_contention-theoretical_ops-L2-RB-seed4-B,B,C2_resource_contention,star,theoretical_ops,siv_2024_theoretical_ops,L2-RB,4,leaf3,leaf4,0.6,3,5,0.3,True,leaf3 -> center -> leaf4,FAILED,,,,C_resource_contention_reservation_rejected,,reservation rejected by NetworkManager,0.0003549999964889139,0.00014929997269064188,11.906202299986035,6
C2_resource_contention-theoretical_ops-L2-RB-seed6,C2_resource_contention-theoretical_ops-L2-RB-seed6-A,A,C2_resource_contention,star,theoretical_ops,siv_2024_theoretical_ops,L2-RB,6,leaf1,leaf2,0.6,3,5,0.3,True,leaf1 -> center -> leaf2,SATISFIED,True,34.0,0.7389683711827216,none,,,0.0008559999987483025,0.00028780000866390765,12.325116699998034,7
C2_resource_contention-theoretical_ops-L2-RB-seed6,C2_resource_contention-theoretical_ops-L2-RB-seed6-B,B,C2_resource_contention,star,theoretical_ops,siv_2024_theoretical_ops,L2-RB,6,leaf3,leaf4,0.6,3,5,0.3,True,leaf3 -> center -> leaf4,FAILED,,,,C_resource_contention_reservation_rejected,,reservation rejected by NetworkManager,0.0004896000027656555,0.00021639998885802925,12.325116699998034,6
C2_resource_contention-theoretical_ops-L2-RB-seed7,C2_resource_contention-theoretical_ops-L2-RB-seed7-A,A,C2_resource_contention,star,theoretical_ops,siv_2024_theoretical_ops,L2-RB,7,leaf1,leaf2,0.6,3,5,0.3,True,leaf1 -> center -> leaf2,SATISFIED,True,32.0,0.7386395853126004,none,,,0.0006886000046506524,0.0004836999869439751,12.271200099989073,7
C2_resource_contention-theoretical_ops-L2-RB-seed7,C2_resource_contention-theoretical_ops-L2-RB-seed7-B,B,C2_resource_contention,star,theoretical_ops,siv_2024_theoretical_ops,L2-RB,7,leaf3,leaf4,0.6,3,5,0.3,True,leaf3 -> center -> leaf4,FAILED,,,,C_resource_contention_reservation_rejected,,reservation rejected by NetworkManager,0.0005448000156320632,0.0002327999973203987,12.271200099989073,6
C2_resource_contention-theoretical_ops-L2-RB-seed8,C2_resource_contention-theoretical_ops-L2-RB-seed8-A,A,C2_resource_contention,star,theoretical_ops,siv_2024_theoretical_ops,L2-RB,8,leaf1,leaf2,0.6,3,5,0.3,True,leaf1 -> center -> leaf2,SATISFIED,True,38.0,0.7391927467708889,none,,,0.0013595999917015433,0.0002750999992713332,12.640078500000527,7
C2_resource_contention-theoretical_ops-L2-RB-seed8,C2_resource_contention-theoretical_ops-L2-RB-seed8-B,B,C2_resource_contention,star,theoretical_ops,siv_2024_theoretical_ops,L2-RB,8,leaf3,leaf4,0.6,3,5,0.3,True,leaf3 -> center -> leaf4,FAILED,,,,C_resource_contention_reservation_rejected,,reservation rejected by NetworkManager,0.00046880001900717616,0.00023299999884329736,12.640078500000527,6
C2_resource_contention-theoretical_ops-L2-RB-seed9,C2_resource_contention-theoretical_ops-L2-RB-seed9-A,A,C2_resource_contention,star,theoretical_ops,siv_2024_theoretical_ops,L2-RB,9,leaf1,leaf2,0.6,3,5,0.3,True,leaf1 -> center -> leaf2,SATISFIED,True,33.0,0.7408324932785527,none,,,0.0008505999867338687,0.0002628999936860055,12.923053099977551,7
C2_resource_contention-theoretical_ops-L2-RB-seed9,C2_resource_contention-theoretical_ops-L2-RB-seed9-B,B,C2_resource_contention,star,theoretical_ops,siv_2024_theoretical_ops,L2-RB,9,leaf3,leaf4,0.6,3,5,0.3,True,leaf3 -> center -> leaf4,FAILED,,,,C_resource_contention_reservation_rejected,,reservation rejected by NetworkManager,0.0004870999837294221,0.00020559999393299222,12.923053099977551,6
C3_sequential_admission-theoretical_ops-L1-seed1,C3_sequential_admission-theoretical_ops-L1-seed1-A,A,C3_sequential_admission,star,theoretical_ops,siv_2024_theoretical_ops,L1,1,leaf1,leaf2,0.6,3,5,0.3,True,leaf1 -> center -> leaf2,SATISFIED,True,28.0,0.7352819101709033,none,,,0.0006059999868739396,0.00030350001179613173,10.789342000003671,7
C3_sequential_admission-theoretical_ops-L1-seed1,C3_sequential_admission-theoretical_ops-L1-seed1-B,B,C3_sequential_admission,star,theoretical_ops,siv_2024_theoretical_ops,L1,1,leaf3,leaf4,0.6,3,5,0.3,True,leaf3 -> center -> leaf4,SATISFIED,True,40.0,0.7409332229704855,none,,,0.0005376000190153718,0.0002479000249877572,11.30168939998839,7
C3_sequential_admission-theoretical_ops-L1-seed0,C3_sequential_admission-theoretical_ops-L1-seed0-A,A,C3_sequential_admission,star,theoretical_ops,siv_2024_theoretical_ops,L1,0,leaf1,leaf2,0.6,3,5,0.3,True,leaf1 -> center -> leaf2,SATISFIED,True,30.0,0.7379162036426361,none,,,0.00044830000842921436,0.0002179000002797693,12.087389399996027,7
C3_sequential_admission-theoretical_ops-L1-seed0,C3_sequential_admission-theoretical_ops-L1-seed0-B,B,C3_sequential_admission,star,theoretical_ops,siv_2024_theoretical_ops,L1,0,leaf3,leaf4,0.6,3,5,0.3,True,leaf3 -> center -> leaf4,SATISFIED,True,31.0,0.737293568633695,none,,,0.0006373999931383878,0.00026840000646188855,10.147515199991176,7
C3_sequential_admission-theoretical_ops-L1-seed4,C3_sequential_admission-theoretical_ops-L1-seed4-A,A,C3_sequential_admission,star,theoretical_ops,siv_2024_theoretical_ops,L1,4,leaf1,leaf2,0.6,3,5,0.3,True,leaf1 -> center -> leaf2,SATISFIED,True,37.0,0.7388160914475183,none,,,0.0006051999807823449,0.0002775999892037362,10.627433799993014,7
C3_sequential_admission-theoretical_ops-L1-seed4,C3_sequential_admission-theoretical_ops-L1-seed4-B,B,C3_sequential_admission,star,theoretical_ops,siv_2024_theoretical_ops,L1,4,leaf3,leaf4,0.6,3,5,0.3,True,leaf3 -> center -> leaf4,SATISFIED,True,31.0,0.7374808070385122,none,,,0.0006242000090423971,0.0002920999831985682,8.680999800009886,7
C3_sequential_admission-theoretical_ops-L1-seed3,C3_sequential_admission-theoretical_ops-L1-seed3-A,A,C3_sequential_admission,star,theoretical_ops,siv_2024_theoretical_ops,L1,3,leaf1,leaf2,0.6,3,5,0.3,True,leaf1 -> center -> leaf2,SATISFIED,True,31.0,0.7372373876475885,none,,,0.0004966999986208975,0.0002305000089108944,11.045143700001063,7
C3_sequential_admission-theoretical_ops-L1-seed3,C3_sequential_admission-theoretical_ops-L1-seed3-B,B,C3_sequential_admission,star,theoretical_ops,siv_2024_theoretical_ops,L1,3,leaf3,leaf4,0.6,3,5,0.3,True,leaf3 -> center -> leaf4,SATISFIED,True,34.0,0.7389317492973335,none,,,0.0008381000079680234,0.00021299999207258224,9.51804880000418,7
C3_sequential_admission-theoretical_ops-L1-seed5,C3_sequential_admission-theoretical_ops-L1-seed5-A,A,C3_sequential_admission,star,theoretical_ops,siv_2024_theoretical_ops,L1,5,leaf1,leaf2,0.6,3,5,0.3,True,leaf1 -> center -> leaf2,SATISFIED,True,32.0,0.7383217854442986,none,,,0.0006547000084538013,0.0002722000062931329,10.618222599994624,7
C3_sequential_admission-theoretical_ops-L1-seed5,C3_sequential_admission-theoretical_ops-L1-seed5-B,B,C3_sequential_admission,star,theoretical_ops,siv_2024_theoretical_ops,L1,5,leaf3,leaf4,0.6,3,5,0.3,True,leaf3 -> center -> leaf4,SATISFIED,True,31.0,0.7388271461960135,none,,,0.0010605000134091824,0.0006587000098079443,8.818199700006517,7
C3_sequential_admission-theoretical_ops-L1-seed2,C3_sequential_admission-theoretical_ops-L1-seed2-A,A,C3_sequential_admission,star,theoretical_ops,siv_2024_theoretical_ops,L1,2,leaf1,leaf2,0.6,3,5,0.3,True,leaf1 -> center -> leaf2,SATISFIED,True,29.0,0.7389709527133891,none,,,0.0006948000227566808,0.00022420001914724708,11.84124310000334,7
C3_sequential_admission-theoretical_ops-L1-seed2,C3_sequential_admission-theoretical_ops-L1-seed2-B,B,C3_sequential_admission,star,theoretical_ops,siv_2024_theoretical_ops,L1,2,leaf3,leaf4,0.6,3,5,0.3,True,leaf3 -> center -> leaf4,SATISFIED,True,40.0,0.7420207435998136,none,,,0.0008452000038232654,0.0004152000183239579,9.902353299985407,7
C3_sequential_admission-theoretical_ops-L1-seed6,C3_sequential_admission-theoretical_ops-L1-seed6-A,A,C3_sequential_admission,star,theoretical_ops,siv_2024_theoretical_ops,L1,6,leaf1,leaf2,0.6,3,5,0.3,True,leaf1 -> center -> leaf2,SATISFIED,True,34.0,0.7389683711827216,none,,,0.0007449999975506216,0.0002651000104378909,7.821457000012742,7
C3_sequential_admission-theoretical_ops-L1-seed6,C3_sequential_admission-theoretical_ops-L1-seed6-B,B,C3_sequential_admission,star,theoretical_ops,siv_2024_theoretical_ops,L1,6,leaf3,leaf4,0.6,3,5,0.3,True,leaf3 -> center -> leaf4,SATISFIED,True,32.0,0.7381935735306342,none,,,0.0004973999748472124,0.00022050002007745206,8.731138800008921,7
C3_sequential_admission-theoretical_ops-L1-seed7,C3_sequential_admission-theoretical_ops-L1-seed7-A,A,C3_sequential_admission,star,theoretical_ops,siv_2024_theoretical_ops,L1,7,leaf1,leaf2,0.6,3,5,0.3,True,leaf1 -> center -> leaf2,SATISFIED,True,32.0,0.7386395853126004,none,,,0.0006017000123392791,0.00027450002380646765,7.773975199990673,7
C3_sequential_admission-theoretical_ops-L1-seed7,C3_sequential_admission-theoretical_ops-L1-seed7-B,B,C3_sequential_admission,star,theoretical_ops,siv_2024_theoretical_ops,L1,7,leaf3,leaf4,0.6,3,5,0.3,True,leaf3 -> center -> leaf4,SATISFIED,True,39.0,0.7397517446989986,none,,,0.0006046000053174794,0.00027409999165683985,8.765331599977799,7
C3_sequential_admission-theoretical_ops-L1-seed8,C3_sequential_admission-theoretical_ops-L1-seed8-A,A,C3_sequential_admission,star,theoretical_ops,siv_2024_theoretical_ops,L1,8,leaf1,leaf2,0.6,3,5,0.3,True,leaf1 -> center -> leaf2,SATISFIED,True,38.0,0.7391927467708889,none,,,0.0003664999967440963,0.00019910000264644623,8.104151600011392,7
C3_sequential_admission-theoretical_ops-L1-seed8,C3_sequential_admission-theoretical_ops-L1-seed8-B,B,C3_sequential_admission,star,theoretical_ops,siv_2024_theoretical_ops,L1,8,leaf3,leaf4,0.6,3,5,0.3,True,leaf3 -> center -> leaf4,SATISFIED,True,35.0,0.7392368518329953,none,,,0.00043119999463669956,0.00019690001499839127,8.29334979999112,7
C3_sequential_admission-theoretical_ops-L1-seed9,C3_sequential_admission-theoretical_ops-L1-seed9-A,A,C3_sequential_admission,star,theoretical_ops,siv_2024_theoretical_ops,L1,9,leaf1,leaf2,0.6,3,5,0.3,True,leaf1 -> center -> leaf2,SATISFIED,True,33.0,0.7408324932785527,none,,,0.000511500024003908,0.00023869998403824866,8.038549600023543,7
C3_sequential_admission-theoretical_ops-L1-seed9,C3_sequential_admission-theoretical_ops-L1-seed9-B,B,C3_sequential_admission,star,theoretical_ops,siv_2024_theoretical_ops,L1,9,leaf3,leaf4,0.6,3,5,0.3,True,leaf3 -> center -> leaf4,SATISFIED,True,31.0,0.7382695886230046,none,,,0.00036479998379945755,0.00017630000365898013,8.364089600014267,7
C3_sequential_admission-theoretical_ops-L2-RB-seed0,C3_sequential_admission-theoretical_ops-L2-RB-seed0-A,A,C3_sequential_admission,star,theoretical_ops,siv_2024_theoretical_ops,L2-RB,0,leaf1,leaf2,0.6,3,5,0.3,True,leaf1 -> center -> leaf2,SATISFIED,True,30.0,0.7379162036426361,none,,,0.00044919998617842793,0.00021580001339316368,8.114088900008937,7
C3_sequential_admission-theoretical_ops-L2-RB-seed0,C3_sequential_admission-theoretical_ops-L2-RB-seed0-B,B,C3_sequential_admission,star,theoretical_ops,siv_2024_theoretical_ops,L2-RB,0,leaf3,leaf4,0.6,3,5,0.3,True,leaf3 -> center -> leaf4,SATISFIED,True,31.0,0.737293568633695,none,,,0.00046549999387934804,0.00022909999825060368,8.303055199998198,7
C3_sequential_admission-theoretical_ops-L2-RB-seed1,C3_sequential_admission-theoretical_ops-L2-RB-seed1-A,A,C3_sequential_admission,star,theoretical_ops,siv_2024_theoretical_ops,L2-RB,1,leaf1,leaf2,0.6,3,5,0.3,True,leaf1 -> center -> leaf2,SATISFIED,True,28.0,0.7352819101709033,none,,,0.00044800000614486635,0.00022409998928196728,7.451093699986814,7
C3_sequential_admission-theoretical_ops-L2-RB-seed1,C3_sequential_admission-theoretical_ops-L2-RB-seed1-B,B,C3_sequential_admission,star,theoretical_ops,siv_2024_theoretical_ops,L2-RB,1,leaf3,leaf4,0.6,3,5,0.3,True,leaf3 -> center -> leaf4,SATISFIED,True,40.0,0.7409332229704855,none,,,0.0005086000019218773,0.00022139999782666564,8.830223700002534,7
C3_sequential_admission-theoretical_ops-L2-RB-seed3,C3_sequential_admission-theoretical_ops-L2-RB-seed3-A,A,C3_sequential_admission,star,theoretical_ops,siv_2024_theoretical_ops,L2-RB,3,leaf1,leaf2,0.6,3,5,0.3,True,leaf1 -> center -> leaf2,SATISFIED,True,31.0,0.7372373876475885,none,,,0.00048760001664049923,0.00022399998852051795,9.030450400023255,7
C3_sequential_admission-theoretical_ops-L2-RB-seed3,C3_sequential_admission-theoretical_ops-L2-RB-seed3-B,B,C3_sequential_admission,star,theoretical_ops,siv_2024_theoretical_ops,L2-RB,3,leaf3,leaf4,0.6,3,5,0.3,True,leaf3 -> center -> leaf4,SATISFIED,True,34.0,0.7389317492973335,none,,,0.0004430000262800604,0.0002505000156816095,10.139942400011932,7
C3_sequential_admission-theoretical_ops-L2-RB-seed2,C3_sequential_admission-theoretical_ops-L2-RB-seed2-A,A,C3_sequential_admission,star,theoretical_ops,siv_2024_theoretical_ops,L2-RB,2,leaf1,leaf2,0.6,3,5,0.3,True,leaf1 -> center -> leaf2,SATISFIED,True,29.0,0.7389709527133891,none,,,0.0005576000257860869,0.00025140002253465354,9.854221799992956,7
C3_sequential_admission-theoretical_ops-L2-RB-seed2,C3_sequential_admission-theoretical_ops-L2-RB-seed2-B,B,C3_sequential_admission,star,theoretical_ops,siv_2024_theoretical_ops,L2-RB,2,leaf3,leaf4,0.6,3,5,0.3,True,leaf3 -> center -> leaf4,SATISFIED,True,40.0,0.7420207435998136,none,,,0.0004538999928627163,0.00022560000070370734,12.653675000008661,7
C3_sequential_admission-theoretical_ops-L2-RB-seed4,C3_sequential_admission-theoretical_ops-L2-RB-seed4-A,A,C3_sequential_admission,star,theoretical_ops,siv_2024_theoretical_ops,L2-RB,4,leaf1,leaf2,0.6,3,5,0.3,True,leaf1 -> center -> leaf2,SATISFIED,True,37.0,0.7388160914475183,none,,,0.0006393000076059252,0.0002862999972421676,9.880377099994803,7
C3_sequential_admission-theoretical_ops-L2-RB-seed4,C3_sequential_admission-theoretical_ops-L2-RB-seed4-B,B,C3_sequential_admission,star,theoretical_ops,siv_2024_theoretical_ops,L2-RB,4,leaf3,leaf4,0.6,3,5,0.3,True,leaf3 -> center -> leaf4,SATISFIED,True,31.0,0.7374808070385122,none,,,0.0005739000043831766,0.00026210001669824123,10.884180399996694,7
C3_sequential_admission-theoretical_ops-L2-RB-seed5,C3_sequential_admission-theoretical_ops-L2-RB-seed5-A,A,C3_sequential_admission,star,theoretical_ops,siv_2024_theoretical_ops,L2-RB,5,leaf1,leaf2,0.6,3,5,0.3,True,leaf1 -> center -> leaf2,SATISFIED,True,32.0,0.7383217854442986,none,,,0.0006432999798562378,0.0003183000080753118,9.307429500011494,7
C3_sequential_admission-theoretical_ops-L2-RB-seed5,C3_sequential_admission-theoretical_ops-L2-RB-seed5-B,B,C3_sequential_admission,star,theoretical_ops,siv_2024_theoretical_ops,L2-RB,5,leaf3,leaf4,0.6,3,5,0.3,True,leaf3 -> center -> leaf4,SATISFIED,True,31.0,0.7388271461960135,none,,,0.01501450000796467,0.0004537000204436481,11.650973299983889,7
C3_sequential_admission-theoretical_ops-L2-RB-seed7,C3_sequential_admission-theoretical_ops-L2-RB-seed7-A,A,C3_sequential_admission,star,theoretical_ops,siv_2024_theoretical_ops,L2-RB,7,leaf1,leaf2,0.6,3,5,0.3,True,leaf1 -> center -> leaf2,SATISFIED,True,32.0,0.7386395853126004,none,,,0.0006224999960977584,0.00033149999217130244,10.33652969999821,7
C3_sequential_admission-theoretical_ops-L2-RB-seed7,C3_sequential_admission-theoretical_ops-L2-RB-seed7-B,B,C3_sequential_admission,star,theoretical_ops,siv_2024_theoretical_ops,L2-RB,7,leaf3,leaf4,0.6,3,5,0.3,True,leaf3 -> center -> leaf4,SATISFIED,True,39.0,0.7397517446989986,none,,,0.0006744999845977873,0.00032300001475960016,10.652509200008353,7
C3_sequential_admission-theoretical_ops-L2-RB-seed6,C3_sequential_admission-theoretical_ops-L2-RB-seed6-A,A,C3_sequential_admission,star,theoretical_ops,siv_2024_theoretical_ops,L2-RB,6,leaf1,leaf2,0.6,3,5,0.3,True,leaf1 -> center -> leaf2,SATISFIED,True,34.0,0.7389683711827216,none,,,0.0005802999949082732,0.00027459999546408653,10.347378899983596,7
C3_sequential_admission-theoretical_ops-L2-RB-seed6,C3_sequential_admission-theoretical_ops-L2-RB-seed6-B,B,C3_sequential_admission,star,theoretical_ops,siv_2024_theoretical_ops,L2-RB,6,leaf3,leaf4,0.6,3,5,0.3,True,leaf3 -> center -> leaf4,SATISFIED,True,32.0,0.7381935735306342,none,,,0.0006776999798603356,0.00031370000215247273,10.811263300012797,7
C3_sequential_admission-theoretical_ops-L2-RB-seed8,C3_sequential_admission-theoretical_ops-L2-RB-seed8-A,A,C3_sequential_admission,star,theoretical_ops,siv_2024_theoretical_ops,L2-RB,8,leaf1,leaf2,0.6,3,5,0.3,True,leaf1 -> center -> leaf2,SATISFIED,True,38.0,0.7391927467708889,none,,,0.0007796999998390675,0.0003242999955546111,9.77568859999883,7
C3_sequential_admission-theoretical_ops-L2-RB-seed8,C3_sequential_admission-theoretical_ops-L2-RB-seed8-B,B,C3_sequential_admission,star,theoretical_ops,siv_2024_theoretical_ops,L2-RB,8,leaf3,leaf4,0.6,3,5,0.3,True,leaf3 -> center -> leaf4,SATISFIED,True,35.0,0.7392368518329953,none,,,0.0006212999869603664,0.00029719999292865396,6.9903971000167076,7
C3_sequential_admission-theoretical_ops-L2-RB-seed9,C3_sequential_admission-theoretical_ops-L2-RB-seed9-A,A,C3_sequential_admission,star,theoretical_ops,siv_2024_theoretical_ops,L2-RB,9,leaf1,leaf2,0.6,3,5,0.3,True,leaf1 -> center -> leaf2,SATISFIED,True,33.0,0.7408324932785527,none,,,0.003255499992519617,0.0003212000010535121,7.738790600007633,7
C3_sequential_admission-theoretical_ops-L2-RB-seed9,C3_sequential_admission-theoretical_ops-L2-RB-seed9-B,B,C3_sequential_admission,star,theoretical_ops,siv_2024_theoretical_ops,L2-RB,9,leaf3,leaf4,0.6,3,5,0.3,True,leaf3 -> center -> leaf4,SATISFIED,True,31.0,0.7382695886230046,none,,,0.00044910001452080905,0.00021040000137872994,6.777195200003916,7
