reverse,n_repeaters,link_m,slots,runs,delivered,window,second_half,first_delivery_s,rate_model,rate_same_cycle,fidelity,rate_measured,rate_second_half,measured/model,2nd half/model,1 sigma,measured/same_cycle
False,0,2000.0,2,12,1278,3.5999999999999996,616,0.0038612010516666413,345.6854488535685,345.6854488535685,0.86,355.00000000000006,342.22222222222223,1.0269451641002603,0.9899815666443822,0.02797271194322297,1.0269451641002603
False,0,2000.0,4,12,2458,3.5999999999999996,1193,0.001943943759999925,691.370897707137,691.370897707137,0.86,682.7777777777778,662.7777777777778,0.987570897245086,0.9586428644535293,0.02017014687752732,0.987570897245086
False,0,5000.0,2,12,421,3.5999999999999996,213,0.012984952093333292,112.39347272882576,112.39347272882576,0.86,116.94444444444446,118.33333333333334,1.0404914236131748,1.0528488039411223,0.04873701788285793,1.0404914236131748
False,0,5000.0,4,12,829,3.5999999999999996,411,0.006525819801666608,224.7869454576515,224.7869454576515,0.86,230.2777777777778,228.33333333333334,1.0244268291868432,1.01577666295728,0.034731435582359395,1.0244268291868432
False,0,10000.0,2,12,150,3.5999999999999996,76,0.027968406259999957,39.784242605332885,39.78424260533289,0.86,41.66666666666667,42.22222222222223,1.0473158199845045,1.0612800309176313,0.08164965809277261,1.0473158199845043
False,0,10000.0,4,12,293,3.5999999999999996,143,0.014034214593333275,79.56848521066577,79.56848521066578,0.86,81.3888888888889,79.44444444444446,1.0228784508515327,0.998441081718561,0.0584206237836986,1.0228784508515325
False,1,2000.0,2,12,790,3.5999999999999996,402,0.005038933343333275,228.58333203325395,1.9119748727854904,0.7058816860913675,219.44444444444446,223.33333333333334,0.9600194488919254,0.977032451783681,0.035578403348241,114.77370731590389
False,1,2000.0,4,12,1747,3.5999999999999996,902,0.00255155834333325,494.68613025798015,3.8239497455709808,0.70676551994275,485.2777777777778,501.11111111111114,0.9809811678461738,1.0129879947306797,0.023925088201495553,126.90485232967349
False,1,5000.0,2,12,260,3.5999999999999996,129,0.014314101051666592,74.3198031052398,0.505291708481812,0.7006599672612951,72.22222222222223,71.66666666666667,0.971776285789572,0.9643010835911906,0.062017367294604234,142.93173826109174
False,1,5000.0,4,12,554,3.5999999999999996,275,0.0072320593849999415,160.8383930387259,1.010583416963624,0.7030859583122954,153.8888888888889,152.7777777777778,0.9567920070665981,0.9498837615282111,0.042485928866208736,152.27727499354776
False,1,10000.0,2,12,96,3.5999999999999996,48,0.03687296250999996,26.307195652306838,0.1266228767743988,0.6915824046444806,26.666666666666668,26.666666666666668,1.0136643608505762,1.0136643608505762,0.10206207261596577,210.59912194364438
False,1,10000.0,4,12,212,3.5999999999999996,112,0.018555244801666617,56.93243115944256,0.2532457535487976,0.6955943699542738,58.88888888888889,62.22222222222223,1.0343645561870907,1.0929134933297562,0.06868028197434452,232.5365304794407
False,2,2000.0,2,12,697,3.5999999999999996,360,0.005133161468333283,200.58148370203708,0.013218837841911938,0.5908215044183583,193.61111111111114,200.00000000000003,0.9652491722452288,0.9971010100668074,0.03787770095392851,14646.606110655468
False,2,2000.0,4,12,1642,3.5999999999999996,837,0.00261909480166665,455.82103553409496,0.026437675683823877,0.592251912337186,456.11111111111114,465.00000000000006,1.0006363804089828,1.0201372112086708,0.0246781968201642,17252.315088734777
False,2,5000.0,2,12,211,3.5999999999999996,110,0.014353729176666665,65.21550037219505,0.0028395744928676157,0.582418755956162,58.611111111111114,61.111111111111114,0.8987297617377517,0.9370642065512103,0.06884283908215143,20640.807719018918
False,2,5000.0,4,12,498,3.5999999999999996,261,0.007305002093333333,148.202099036653,0.0056791489857352315,0.586529243606695,138.33333333333334,145.00000000000003,0.933410081453172,0.9783936998364575,0.04481107149482209,24358.109583107635
False,2,10000.0,2,12,74,3.5999999999999996,33,0.03551874167666667,23.084519282498835,0.0005037595248977852,0.5686930941851438,20.555555555555557,18.333333333333336,0.8904476330654816,0.7941830240854295,0.11624763874381928,40804.30153598855
False,2,10000.0,4,12,175,3.5999999999999996,93,0.018038546884999996,52.45952562493951,0.0010075190497955704,0.5747668902025327,48.611111111111114,51.66666666666667,0.9266403104491887,0.9848862728202805,0.07559289460184544,48248.329518905375
False,3,2000.0,2,12,663,3.5999999999999996,323,0.006491846884999999,181.74063613188395,9.139119785407731e-05,0.5047857212913415,184.16666666666669,179.44444444444446,1.0133488612476422,0.9873655571130872,0.03883678186903087,2015146.6551595298
False,3,2000.0,4,12,1610,3.5999999999999996,823,0.0033051000099999996,428.13460686679866,0.00018278239570815462,0.506398174157158,447.2222222222223,457.2222222222223,1.0445832106288062,1.0679403507422454,0.024922239313961342,2446746.692916171
False,3,5000.0,2,12,197,3.5999999999999996,100,0.01944604271833333,59.089734030028396,1.595748191627928e-05,0.4955320667124023,54.72222222222223,55.555555555555564,0.9260867919021827,0.9401896364489164,0.07124704998790965,3429251.714607709
False,3,5000.0,4,12,490,3.5999999999999996,246,0.009861577093333332,139.20034939490145,3.191496383255856e-05,0.5001699200412492,136.11111111111111,136.66666666666669,0.9778072519413986,0.9817983019493228,0.045175395145262566,4264805.431872531
False,3,10000.0,2,12,67,3.5999999999999996,35,0.059932423968333336,20.916164053469267,2.004169115328072e-06,0.47817152489965564,18.611111111111114,19.444444444444446,0.8897956175680395,0.9296372123845188,0.12216944435630522,9286197.940468997
False,3,10000.0,4,12,172,3.5999999999999996,93,0.030247475009999997,49.273150269459805,4.008338230656144e-06,0.4877781894436522,47.777777777777786,51.66666666666667,0.9696513723294677,1.0485764840307035,0.07624928516630233,11919597.356422892
True,0,2000.0,2,4,349,1.2,166,0.0029257281349999993,276.5483590828548,276.54835908285486,0.86,290.83333333333337,276.6666666666667,1.0516545254430483,1.000427800708,0.05352877275721892,1.051654525443048
True,0,2000.0,4,4,667,1.2,320,0.0014753781349999997,553.0967181657096,553.0967181657097,0.86,555.8333333333334,533.3333333333334,1.0049478058316808,0.9642677597185543,0.038720154633118314,1.0049478058316805
True,0,5000.0,2,4,114,1.2,52,0.007375731259999999,89.9147781830606,89.9147781830606,0.86,95.0,86.66666666666667,1.0565560180395064,0.9638756655799007,0.0936585811581694,1.0565560180395064
True,0,5000.0,4,4,226,1.2,112,0.0037191281349999994,179.8295563661212,179.8295563661212,0.86,188.33333333333334,186.66666666666669,1.047287982793546,1.0380199475475853,0.06651901052377393,1.047287982793546
True,0,10000.0,2,4,44,1.2,22,0.014938240634999999,31.82739408426631,31.82739408426631,0.86,36.66666666666667,36.66666666666667,1.152047401982955,1.152047401982955,0.15075567228888181,1.152047401982955
True,0,10000.0,4,4,82,1.2,38,0.0075003875099999995,63.65478816853262,63.65478816853262,0.86,68.33333333333334,63.333333333333336,1.0734987154841171,0.9949500289852792,0.11043152607484653,1.0734987154841171
