scenario,value_col,group_a,group_b,n,mean_a,mean_b,median_a,median_b,mean_difference_b_minus_a,ci95_low,ci95_high,test_used,p_value,effect_size,effect_size_name,p_value_holm_adjusted
diamond_heterogeneous,delivered_pairs,highest_fidelity,least_loss,20,7.85,446.1,8.0,446.0,438.25,432.9924383841765,443.5075616158235,paired_t,6.457063315810623e-32,39.01187063528199,cohen_d,1.9371189947431869e-31
diamond_heterogeneous,delivered_pairs,highest_fidelity,shortest_hop_count,20,7.85,7.85,8.0,8.0,0.0,0.0,0.0,identical,1.0,0.0,none,1.0
diamond_heterogeneous,delivered_pairs,least_loss,shortest_hop_count,20,446.1,7.85,446.0,8.0,-438.25,-443.5075616158235,-432.9924383841765,paired_t,6.457063315810623e-32,-39.01187063528199,cohen_d,1.9371189947431869e-31
diamond_heterogeneous,average_fidelity,highest_fidelity,least_loss,20,0.7695000000000001,0.6579225,0.7695,0.6579225,-0.11157750000000004,-0.1115775,-0.1115775,wilcoxon,2.2956210584350303e-05,-1.0,matched_pairs_rank_biserial,6.88686317530509e-05
diamond_heterogeneous,average_fidelity,highest_fidelity,shortest_hop_count,20,0.7695000000000001,0.7695000000000001,0.7695,0.7695,0.0,0.0,0.0,identical,1.0,0.0,none,1.0
diamond_heterogeneous,average_fidelity,least_loss,shortest_hop_count,20,0.6579225,0.7695000000000001,0.6579225,0.7695,0.11157750000000004,0.1115775,0.1115775,wilcoxon,2.2956210584350303e-05,1.0,matched_pairs_rank_biserial,6.88686317530509e-05
diamond_heterogeneous,satisfied_num,highest_fidelity,least_loss,20,0.25,1.0,0.0,1.0,0.75,1.0,1.0,wilcoxon,0.00010751117672950055,1.0,matched_pairs_rank_biserial,0.0003225335301885017
diamond_heterogeneous,satisfied_num,highest_fidelity,shortest_hop_count,20,0.25,0.25,0.0,0.0,0.0,0.0,0.0,identical,1.0,0.0,none,1.0
diamond_heterogeneous,satisfied_num,least_loss,shortest_hop_count,20,1.0,0.25,1.0,0.0,-0.75,-1.0,-1.0,wilcoxon,0.00010751117672950055,-1.0,matched_pairs_rank_biserial,0.0003225335301885017
diamond_heterogeneous,first_pair_latency_s,highest_fidelity,least_loss,20,0.01894163938499997,0.001337668759999925,0.01696057501,0.0013025250099999,-0.017603970625000045,-0.022456690148352405,-0.012751251101647685,paired_t,3.609201134840975e-07,-1.6977927166500413,cohen_d,1.0827603404522925e-06
diamond_heterogeneous,first_pair_latency_s,highest_fidelity,shortest_hop_count,20,0.01894163938499997,0.01894163938499997,0.01696057501,0.01696057501,0.0,0.0,0.0,identical,1.0,0.0,none,1.0
diamond_heterogeneous,first_pair_latency_s,least_loss,shortest_hop_count,20,0.001337668759999925,0.01894163938499997,0.0013025250099999,0.01696057501,0.017603970625000045,0.012751251101647685,0.022456690148352405,paired_t,3.609201134840975e-07,1.6977927166500413,cohen_d,1.0827603404522925e-06
small_mesh,delivered_pairs,highest_fidelity,least_loss,20,697.2,696.0,699.5,696.0,-1.2,-5.847019509907716,3.447019509907715,paired_t,0.5951446729805147,-0.12085537547378547,cohen_d,1.0
small_mesh,delivered_pairs,highest_fidelity,shortest_hop_count,20,697.2,697.2,699.5,699.5,0.0,0.0,0.0,identical,1.0,0.0,none,1.0
small_mesh,delivered_pairs,least_loss,shortest_hop_count,20,696.0,697.2,696.0,699.5,1.2,-3.447019509907715,5.847019509907716,paired_t,0.5951446729805147,0.12085537547378547,cohen_d,1.0
small_mesh,average_fidelity,highest_fidelity,least_loss,20,0.4475551085937498,0.4475551085937498,0.4475551085937498,0.4475551085937498,-1.1102230246251566e-17,0.0,0.0,wilcoxon,0.31731050786291415,-0.5,matched_pairs_rank_biserial,0.9519315235887424
small_mesh,average_fidelity,highest_fidelity,shortest_hop_count,20,0.4475551085937498,0.4475551085937498,0.4475551085937498,0.4475551085937498,0.0,0.0,0.0,identical,1.0,0.0,none,1.0
small_mesh,average_fidelity,least_loss,shortest_hop_count,20,0.4475551085937498,0.4475551085937498,0.4475551085937498,0.4475551085937498,1.1102230246251566e-17,0.0,0.0,wilcoxon,0.31731050786291415,0.5,matched_pairs_rank_biserial,0.9519315235887424
small_mesh,satisfied_num,highest_fidelity,least_loss,20,1.0,1.0,1.0,1.0,0.0,0.0,0.0,identical,1.0,0.0,none,1.0
small_mesh,satisfied_num,highest_fidelity,shortest_hop_count,20,1.0,1.0,1.0,1.0,0.0,0.0,0.0,identical,1.0,0.0,none,1.0
small_mesh,satisfied_num,least_loss,shortest_hop_count,20,1.0,1.0,1.0,1.0,0.0,0.0,0.0,identical,1.0,0.0,none,1.0
small_mesh,first_pair_latency_s,highest_fidelity,least_loss,20,0.0012552712599999349,0.0012552656349999352,0.0012026250099999,0.0012026000099999,-5.624999999988278e-09,-2.499999999985153e-08,0.0,wilcoxon,0.5996219625838866,-0.23076923076923073,matched_pairs_rank_biserial,1.0
small_mesh,first_pair_latency_s,highest_fidelity,shortest_hop_count,20,0.0012552712599999349,0.0012552712599999349,0.0012026250099999,0.0012026250099999,0.0,0.0,0.0,identical,1.0,0.0,none,1.0
small_mesh,first_pair_latency_s,least_loss,shortest_hop_count,20,0.0012552656349999352,0.0012552712599999349,0.0012026000099999,0.0012026250099999,5.624999999988278e-09,0.0,2.499999999985153e-08,wilcoxon,0.5996219625838866,0.23076923076923084,matched_pairs_rank_biserial,1.0
