held_fixed,varying_factor,value_col,group_a,group_b,n,mean_a,mean_b,median_a,median_b,mean_difference_b_minus_a,ci95_low,ci95_high,test_used,p_value,effect_size,effect_size_name,p_value_holm_adjusted
duration_s=0.02,reserved_memory_slots,delivered_pairs,2.0,10.0,20,2.55,12.65,3.0,12.5,10.1,8.709156069925742,11.490843930074258,paired_t,4.363759885290954e-12,3.3986167697398035,cohen_d,4.363759885290954e-12
duration_s=0.02,reserved_memory_slots,delivery_ratio,2.0,10.0,20,0.08499999999999998,0.4216666666666667,0.1,0.41666666666666663,0.33666666666666667,0.29030520233085805,0.3830281310024753,paired_t,4.363759885290954e-12,3.398616769739803,cohen_d,4.363759885290954e-12
duration_s=0.02,reserved_memory_slots,deliveries_per_reserved_slot,2.0,10.0,20,1.275,1.2650000000000001,1.5,1.25,-0.009999999999999998,-0.3522051376721677,0.3322051376721677,paired_t,0.9518683168155653,-0.01367642840208545,cohen_d,0.9518683168155653
duration_s=0.02,reserved_memory_slots,satisfied_num,2.0,10.0,20,0.0,0.0,0.0,0.0,0.0,0.0,0.0,identical,1.0,0.0,none,1.0
duration_s=0.05,reserved_memory_slots,delivered_pairs,2.0,10.0,20,5.95,35.1,5.0,35.0,29.15,26.626122843458827,31.67387715654117,paired_t,9.902207037098821e-16,5.405421540340372,cohen_d,9.902207037098821e-16
duration_s=0.05,reserved_memory_slots,delivery_ratio,2.0,10.0,20,0.1983333333333333,1.1700000000000002,0.1666666666666666,1.1666666666666667,0.9716666666666669,0.8875374281152946,1.0557959052180392,paired_t,9.90220703709876e-16,5.405421540340373,cohen_d,9.90220703709876e-16
duration_s=0.05,reserved_memory_slots,deliveries_per_reserved_slot,2.0,10.0,20,2.975,3.5100000000000002,2.5,3.5,0.5350000000000001,-0.06766449912420569,1.137664499124206,paired_t,0.07873070896327511,0.41546782297368,cohen_d,0.07873070896327511
duration_s=0.05,reserved_memory_slots,satisfied_num,2.0,10.0,20,0.0,0.9,0.0,1.0,0.9,1.0,1.0,wilcoxon,2.209049699858536e-05,1.0,matched_pairs_rank_biserial,2.209049699858536e-05
reserved_memory_slots=2,duration_s,delivered_pairs,0.02,0.05,20,2.55,5.95,3.0,5.0,3.4,3.0,4.0,wilcoxon,7.413270711012498e-05,1.0,matched_pairs_rank_biserial,7.413270711012498e-05
reserved_memory_slots=2,duration_s,delivery_ratio,0.02,0.05,20,0.08499999999999998,0.1983333333333333,0.1,0.1666666666666666,0.11333333333333333,0.1,0.1333333333333333,wilcoxon,7.579016180042555e-05,1.0,matched_pairs_rank_biserial,7.579016180042555e-05
reserved_memory_slots=2,duration_s,deliveries_per_reserved_slot,0.02,0.05,20,1.275,2.975,1.5,2.5,1.7,1.5,2.0,wilcoxon,7.413270711012498e-05,1.0,matched_pairs_rank_biserial,7.413270711012498e-05
reserved_memory_slots=2,duration_s,satisfied_num,0.02,0.05,20,0.0,0.0,0.0,0.0,0.0,0.0,0.0,identical,1.0,0.0,none,1.0
reserved_memory_slots=10,duration_s,delivered_pairs,0.02,0.05,20,12.65,35.1,12.5,35.0,22.45,20.8758317598384,24.0241682401616,paired_t,1.9872328372862737e-17,6.674587350999138,cohen_d,1.9872328372862737e-17
reserved_memory_slots=10,duration_s,delivery_ratio,0.02,0.05,20,0.4216666666666667,1.1700000000000002,0.41666666666666663,1.1666666666666667,0.7483333333333333,0.6958610586612799,0.8008056080053867,paired_t,1.9872328372862648e-17,6.674587350999141,cohen_d,1.9872328372862648e-17
reserved_memory_slots=10,duration_s,deliveries_per_reserved_slot,0.02,0.05,20,1.2650000000000001,3.5100000000000002,1.25,3.5,2.245,2.08758317598384,2.4024168240161603,paired_t,1.9872328372862768e-17,6.674587350999138,cohen_d,1.9872328372862768e-17
reserved_memory_slots=10,duration_s,satisfied_num,0.02,0.05,20,0.0,0.9,0.0,1.0,0.9,1.0,1.0,wilcoxon,2.209049699858536e-05,1.0,matched_pairs_rank_biserial,2.209049699858536e-05
