campaign,trial_id,scenario,parameter_hash,seed,intent_id,routing_strategy,purification_policy,reconciliation_enabled,route,hop_count,reserved_memory_slots,min_delivered_pairs,requested_fidelity,fidelity_estimator,estimated_fidelity,observed_fidelity,absolute_fidelity_error,relative_fidelity_error,duration_s,attenuation_db_per_m,distance_m,coherence_time_s,accepted,satisfied,recovered,final_status,delivered_pairs,excess_delivery_pairs,delivery_ratio,deliveries_per_reserved_slot,average_fidelity,minimum_fidelity,throughput_active_window,throughput_delivery_interval,first_pair_latency_s,completion_time_s,planning_time_s,simulation_wall_time_s,eg_attempts,eg_success,ep_attempts,ep_success,es_attempts,es_success,violations,error_type,error_message,project_git_commit,sequence_git_commit,python_version,timestamp
F08_resource_semantics,F08_resource_semantics:three_node:533b26a51fb9857a:shortest_hop_count__automatic__conservative_min:0:f08-resource-semantics,three_node,533b26a51fb9857a,0,f08-resource-semantics,shortest_hop_count,automatic,False,a -> r -> b,2,2,30,0.6,conservative_min,0.6863749999999998,0.6863749999999998,0.0,0.0,0.02,0.01,1000.0,-1.0,True,False,,VIOLATED,4,0,0.13333333333333333,2.0,0.6863749999999998,0.6863749999999998,200.0,330.9768471352403,0.006487687510000001,,0.000864,0.082861,74,5,0,0,0,0,delivered_pairs >= 30.0 (observed=4.0) -> FAIL,,,f4343c314e5de5e01ee6970aaa14b5974c1b49ea,1f2680a5b9065e708a7497adc53a95b108029b98,3.13.14,2026-07-13T16:47:25.011139+00:00
F08_resource_semantics,F08_resource_semantics:three_node:533b26a51fb9857a:shortest_hop_count__automatic__conservative_min:1:f08-resource-semantics,three_node,533b26a51fb9857a,1,f08-resource-semantics,shortest_hop_count,automatic,False,a -> r -> b,2,2,30,0.6,conservative_min,0.6863749999999998,0.6863749999999998,0.0,0.0,0.02,0.01,1000.0,-1.0,True,False,,VIOLATED,3,0,0.1,1.5,0.6863749999999998,0.6863749999999998,150.0,296.9484831500295,0.00528768751,,0.000237,0.066872,44,4,0,0,0,0,delivered_pairs >= 30.0 (observed=3.0) -> FAIL,,,f4343c314e5de5e01ee6970aaa14b5974c1b49ea,1f2680a5b9065e708a7497adc53a95b108029b98,3.13.14,2026-07-13T16:47:25.084679+00:00
F08_resource_semantics,F08_resource_semantics:three_node:533b26a51fb9857a:shortest_hop_count__automatic__conservative_min:2:f08-resource-semantics,three_node,533b26a51fb9857a,2,f08-resource-semantics,shortest_hop_count,automatic,False,a -> r -> b,2,2,30,0.6,conservative_min,0.6863749999999998,0.6863749999999998,0.0,0.0,0.02,0.01,1000.0,-1.0,True,False,,VIOLATED,3,0,0.1,1.5,0.6863749999999998,0.6863749999999998,150.0,311.59483323834013,0.005635175009999998,,0.000286,0.089669,88,3,0,0,0,0,delivered_pairs >= 30.0 (observed=3.0) -> FAIL,,,f4343c314e5de5e01ee6970aaa14b5974c1b49ea,1f2680a5b9065e708a7497adc53a95b108029b98,3.13.14,2026-07-13T16:47:25.179463+00:00
F08_resource_semantics,F08_resource_semantics:three_node:533b26a51fb9857a:shortest_hop_count__automatic__conservative_min:3:f08-resource-semantics,three_node,533b26a51fb9857a,3,f08-resource-semantics,shortest_hop_count,automatic,False,a -> r -> b,2,2,30,0.6,conservative_min,0.6863749999999998,0.6863749999999998,0.0,0.0,0.02,0.01,1000.0,-1.0,True,False,,VIOLATED,3,0,0.1,1.5,0.6863749999999998,0.6863749999999998,150.0,289.42617642696155,0.00759270001,,0.000286,0.081801,55,3,0,0,0,0,delivered_pairs >= 30.0 (observed=3.0) -> FAIL,,,f4343c314e5de5e01ee6970aaa14b5974c1b49ea,1f2680a5b9065e708a7497adc53a95b108029b98,3.13.14,2026-07-13T16:47:25.267014+00:00
F08_resource_semantics,F08_resource_semantics:three_node:533b26a51fb9857a:shortest_hop_count__automatic__conservative_min:4:f08-resource-semantics,three_node,533b26a51fb9857a,4,f08-resource-semantics,shortest_hop_count,automatic,False,a -> r -> b,2,2,30,0.6,conservative_min,0.6863749999999998,0.6863749999999998,0.0,0.0,0.02,0.01,1000.0,-1.0,True,False,,VIOLATED,3,0,0.1,1.5,0.6863749999999998,0.6863749999999998,150.0,338.39706948137825,0.01081280001,,0.000243,0.078104,75,3,0,0,0,0,delivered_pairs >= 30.0 (observed=3.0) -> FAIL,,,f4343c314e5de5e01ee6970aaa14b5974c1b49ea,1f2680a5b9065e708a7497adc53a95b108029b98,3.13.14,2026-07-13T16:47:25.350369+00:00
F08_resource_semantics,F08_resource_semantics:three_node:533b26a51fb9857a:shortest_hop_count__automatic__conservative_min:5:f08-resource-semantics,three_node,533b26a51fb9857a,5,f08-resource-semantics,shortest_hop_count,automatic,False,a -> r -> b,2,2,30,0.6,conservative_min,0.6863749999999998,0.6863749999999998,0.0,0.0,0.02,0.01,1000.0,-1.0,True,False,,VIOLATED,2,0,0.06666666666666667,1.0,0.6863749999999998,0.6863749999999998,100.0,237.73262508822103,0.008712800009999999,,0.000313,0.071109,96,2,0,0,0,0,delivered_pairs >= 30.0 (observed=2.0) -> FAIL,,,f4343c314e5de5e01ee6970aaa14b5974c1b49ea,1f2680a5b9065e708a7497adc53a95b108029b98,3.13.14,2026-07-13T16:47:25.427896+00:00
F08_resource_semantics,F08_resource_semantics:three_node:533b26a51fb9857a:shortest_hop_count__automatic__conservative_min:6:f08-resource-semantics,three_node,533b26a51fb9857a,6,f08-resource-semantics,shortest_hop_count,automatic,False,a -> r -> b,2,2,30,0.6,conservative_min,0.6863749999999998,0.6863749999999998,0.0,0.0,0.02,0.01,1000.0,-1.0,True,False,,VIOLATED,5,0,0.16666666666666666,2.5,0.6863749999999998,0.6863749999999998,250.0,439.93414185896376,0.007392700010000001,,0.000323,0.084244,52,5,0,0,0,0,delivered_pairs >= 30.0 (observed=5.0) -> FAIL,,,f4343c314e5de5e01ee6970aaa14b5974c1b49ea,1f2680a5b9065e708a7497adc53a95b108029b98,3.13.14,2026-07-13T16:47:25.518918+00:00
F08_resource_semantics,F08_resource_semantics:three_node:533b26a51fb9857a:shortest_hop_count__automatic__conservative_min:7:f08-resource-semantics,three_node,533b26a51fb9857a,7,f08-resource-semantics,shortest_hop_count,automatic,False,a -> r -> b,2,2,30,0.6,conservative_min,0.6863749999999998,0.6863749999999998,0.0,0.0,0.02,0.01,1000.0,-1.0,True,False,,VIOLATED,1,0,0.03333333333333333,0.5,0.6863749999999998,0.6863749999999998,50.0,,0.005992700009999999,,0.000253,0.074052,62,2,0,0,0,0,delivered_pairs >= 30.0 (observed=1.0) -> FAIL,,,f4343c314e5de5e01ee6970aaa14b5974c1b49ea,1f2680a5b9065e708a7497adc53a95b108029b98,3.13.14,2026-07-13T16:47:25.598463+00:00
F08_resource_semantics,F08_resource_semantics:three_node:533b26a51fb9857a:shortest_hop_count__automatic__conservative_min:8:f08-resource-semantics,three_node,533b26a51fb9857a,8,f08-resource-semantics,shortest_hop_count,automatic,False,a -> r -> b,2,2,30,0.6,conservative_min,0.6863749999999998,0.6863749999999998,0.0,0.0,0.02,0.01,1000.0,-1.0,True,False,,VIOLATED,1,0,0.03333333333333333,0.5,0.6863749999999998,0.6863749999999998,50.0,,0.0023150625100000002,,0.000261,0.057651,98,1,0,0,0,0,delivered_pairs >= 30.0 (observed=1.0) -> FAIL,,,f4343c314e5de5e01ee6970aaa14b5974c1b49ea,1f2680a5b9065e708a7497adc53a95b108029b98,3.13.14,2026-07-13T16:47:25.661806+00:00
F08_resource_semantics,F08_resource_semantics:three_node:533b26a51fb9857a:shortest_hop_count__automatic__conservative_min:9:f08-resource-semantics,three_node,533b26a51fb9857a,9,f08-resource-semantics,shortest_hop_count,automatic,False,a -> r -> b,2,2,30,0.6,conservative_min,0.6863749999999998,0.6863749999999998,0.0,0.0,0.02,0.01,1000.0,-1.0,True,False,,VIOLATED,3,0,0.1,1.5,0.6863749999999998,0.6863749999999998,150.0,229.35100355398495,0.006487687510000001,,0.000422,0.055089,15,3,0,0,0,0,delivered_pairs >= 30.0 (observed=3.0) -> FAIL,,,f4343c314e5de5e01ee6970aaa14b5974c1b49ea,1f2680a5b9065e708a7497adc53a95b108029b98,3.13.14,2026-07-13T16:47:25.723334+00:00
F08_resource_semantics,F08_resource_semantics:three_node:533b26a51fb9857a:shortest_hop_count__automatic__conservative_min:10:f08-resource-semantics,three_node,533b26a51fb9857a,10,f08-resource-semantics,shortest_hop_count,automatic,False,a -> r -> b,2,2,30,0.6,conservative_min,0.6863749999999998,0.6863749999999998,0.0,0.0,0.02,0.01,1000.0,-1.0,True,False,,VIOLATED,3,0,0.1,1.5,0.6863749999999998,0.6863749999999998,150.0,279.6449906843263,0.00528768751,,0.000343,0.090177,95,3,0,0,0,0,delivered_pairs >= 30.0 (observed=3.0) -> FAIL,,,f4343c314e5de5e01ee6970aaa14b5974c1b49ea,1f2680a5b9065e708a7497adc53a95b108029b98,3.13.14,2026-07-13T16:47:25.819675+00:00
F08_resource_semantics,F08_resource_semantics:three_node:533b26a51fb9857a:shortest_hop_count__automatic__conservative_min:11:f08-resource-semantics,three_node,533b26a51fb9857a,11,f08-resource-semantics,shortest_hop_count,automatic,False,a -> r -> b,2,2,30,0.6,conservative_min,0.6863749999999998,0.6863749999999998,0.0,0.0,0.02,0.01,1000.0,-1.0,True,False,,VIOLATED,3,0,0.1,1.5,0.6863749999999998,0.6863749999999998,150.0,193.47942104507908,0.00282010001,,0.000281,0.090447,93,3,0,0,0,0,delivered_pairs >= 30.0 (observed=3.0) -> FAIL,,,f4343c314e5de5e01ee6970aaa14b5974c1b49ea,1f2680a5b9065e708a7497adc53a95b108029b98,3.13.14,2026-07-13T16:47:25.916049+00:00
F08_resource_semantics,F08_resource_semantics:three_node:533b26a51fb9857a:shortest_hop_count__automatic__conservative_min:12:f08-resource-semantics,three_node,533b26a51fb9857a,12,f08-resource-semantics,shortest_hop_count,automatic,False,a -> r -> b,2,2,30,0.6,conservative_min,0.6863749999999998,0.6863749999999998,0.0,0.0,0.02,0.01,1000.0,-1.0,True,False,,VIOLATED,3,0,0.1,1.5,0.6863749999999998,0.6863749999999998,150.0,947.0930163728708,0.01453793751,,0.000273,0.068912,39,3,0,0,0,0,delivered_pairs >= 30.0 (observed=3.0) -> FAIL,,,f4343c314e5de5e01ee6970aaa14b5974c1b49ea,1f2680a5b9065e708a7497adc53a95b108029b98,3.13.14,2026-07-13T16:47:25.991112+00:00
F08_resource_semantics,F08_resource_semantics:three_node:533b26a51fb9857a:shortest_hop_count__automatic__conservative_min:13:f08-resource-semantics,three_node,533b26a51fb9857a,13,f08-resource-semantics,shortest_hop_count,automatic,False,a -> r -> b,2,2,30,0.6,conservative_min,0.6863749999999998,0.6863749999999998,0.0,0.0,0.02,0.01,1000.0,-1.0,True,False,,VIOLATED,2,0,0.06666666666666667,1.0,0.6863749999999998,0.6863749999999998,100.0,196.12193390935977,0.00836028751,,0.000228,0.08594,84,3,0,0,0,0,delivered_pairs >= 30.0 (observed=2.0) -> FAIL,,,f4343c314e5de5e01ee6970aaa14b5974c1b49ea,1f2680a5b9065e708a7497adc53a95b108029b98,3.13.14,2026-07-13T16:47:26.082856+00:00
F08_resource_semantics,F08_resource_semantics:three_node:533b26a51fb9857a:shortest_hop_count__automatic__conservative_min:14:f08-resource-semantics,three_node,533b26a51fb9857a,14,f08-resource-semantics,shortest_hop_count,automatic,False,a -> r -> b,2,2,30,0.6,conservative_min,0.6863749999999998,,,,0.02,0.01,1000.0,-1.0,True,False,,VIOLATED,0,0,0.0,0.0,,,0.0,,,,0.000247,0.072005,59,1,0,0,0,0,delivered_pairs >= 30.0 (observed=0.0) -> FAIL,,,f4343c314e5de5e01ee6970aaa14b5974c1b49ea,1f2680a5b9065e708a7497adc53a95b108029b98,3.13.14,2026-07-13T16:47:26.160263+00:00
F08_resource_semantics,F08_resource_semantics:three_node:533b26a51fb9857a:shortest_hop_count__automatic__conservative_min:15:f08-resource-semantics,three_node,533b26a51fb9857a,15,f08-resource-semantics,shortest_hop_count,automatic,False,a -> r -> b,2,2,30,0.6,conservative_min,0.6863749999999998,0.6863749999999998,0.0,0.0,0.02,0.01,1000.0,-1.0,True,False,,VIOLATED,1,0,0.03333333333333333,0.5,0.6863749999999998,0.6863749999999998,50.0,,0.013247987509999998,,0.000218,0.087027,94,1,0,0,0,0,delivered_pairs >= 30.0 (observed=1.0) -> FAIL,,,f4343c314e5de5e01ee6970aaa14b5974c1b49ea,1f2680a5b9065e708a7497adc53a95b108029b98,3.13.14,2026-07-13T16:47:26.252197+00:00
F08_resource_semantics,F08_resource_semantics:three_node:533b26a51fb9857a:shortest_hop_count__automatic__conservative_min:16:f08-resource-semantics,three_node,533b26a51fb9857a,16,f08-resource-semantics,shortest_hop_count,automatic,False,a -> r -> b,2,2,30,0.6,conservative_min,0.6863749999999998,0.6863749999999998,0.0,0.0,0.02,0.01,1000.0,-1.0,True,False,,VIOLATED,4,0,0.13333333333333333,2.0,0.6863749999999998,0.6863749999999998,200.0,329.95507455438025,0.006487687510000001,,0.000252,0.087888,65,4,0,0,0,0,delivered_pairs >= 30.0 (observed=4.0) -> FAIL,,,f4343c314e5de5e01ee6970aaa14b5974c1b49ea,1f2680a5b9065e708a7497adc53a95b108029b98,3.13.14,2026-07-13T16:47:26.346152+00:00
F08_resource_semantics,F08_resource_semantics:three_node:533b26a51fb9857a:shortest_hop_count__automatic__conservative_min:17:f08-resource-semantics,three_node,533b26a51fb9857a,17,f08-resource-semantics,shortest_hop_count,automatic,False,a -> r -> b,2,2,30,0.6,conservative_min,0.6863749999999998,0.6863749999999998,0.0,0.0,0.02,0.01,1000.0,-1.0,True,False,,VIOLATED,4,0,0.13333333333333333,2.0,0.6863749999999998,0.6863749999999998,200.0,303.01911198355367,0.00528768751,,0.000247,0.096693,87,5,0,0,0,0,delivered_pairs >= 30.0 (observed=4.0) -> FAIL,,,f4343c314e5de5e01ee6970aaa14b5974c1b49ea,1f2680a5b9065e708a7497adc53a95b108029b98,3.13.14,2026-07-13T16:47:26.448947+00:00
F08_resource_semantics,F08_resource_semantics:three_node:533b26a51fb9857a:shortest_hop_count__automatic__conservative_min:18:f08-resource-semantics,three_node,533b26a51fb9857a,18,f08-resource-semantics,shortest_hop_count,automatic,False,a -> r -> b,2,2,30,0.6,conservative_min,0.6863749999999998,0.6863749999999998,0.0,0.0,0.02,0.01,1000.0,-1.0,True,False,,VIOLATED,2,0,0.06666666666666667,1.0,0.6863749999999998,0.6863749999999998,100.0,382.39912430600543,0.01111783751,,0.000234,0.06078,25,3,0,0,0,0,delivered_pairs >= 30.0 (observed=2.0) -> FAIL,,,f4343c314e5de5e01ee6970aaa14b5974c1b49ea,1f2680a5b9065e708a7497adc53a95b108029b98,3.13.14,2026-07-13T16:47:26.514954+00:00
F08_resource_semantics,F08_resource_semantics:three_node:533b26a51fb9857a:shortest_hop_count__automatic__conservative_min:19:f08-resource-semantics,three_node,533b26a51fb9857a,19,f08-resource-semantics,shortest_hop_count,automatic,False,a -> r -> b,2,2,30,0.6,conservative_min,0.6863749999999998,0.6863749999999998,0.0,0.0,0.02,0.01,1000.0,-1.0,True,False,,VIOLATED,1,0,0.03333333333333333,0.5,0.6863749999999998,0.6863749999999998,50.0,,0.00583516251,,0.000235,0.070786,55,3,0,0,0,0,delivered_pairs >= 30.0 (observed=1.0) -> FAIL,,,f4343c314e5de5e01ee6970aaa14b5974c1b49ea,1f2680a5b9065e708a7497adc53a95b108029b98,3.13.14,2026-07-13T16:47:26.591110+00:00
F08_resource_semantics,F08_resource_semantics:three_node:213be39df74538e2:shortest_hop_count__automatic__conservative_min:0:f08-resource-semantics,three_node,213be39df74538e2,0,f08-resource-semantics,shortest_hop_count,automatic,False,a -> r -> b,2,10,30,0.6,conservative_min,0.6863749999999998,0.6863749999999998,0.0,0.0,0.02,0.01,1000.0,-1.0,True,False,,VIOLATED,10,0,0.3333333333333333,1.0,0.6863749999999998,0.6863749999999998,500.0,588.2201560989239,0.0010050750100000002,,0.000268,0.520545,432,13,0,0,0,0,delivered_pairs >= 30.0 (observed=10.0) -> FAIL,,,f4343c314e5de5e01ee6970aaa14b5974c1b49ea,1f2680a5b9065e708a7497adc53a95b108029b98,3.13.14,2026-07-13T16:47:27.118085+00:00
F08_resource_semantics,F08_resource_semantics:three_node:213be39df74538e2:shortest_hop_count__automatic__conservative_min:1:f08-resource-semantics,three_node,213be39df74538e2,1,f08-resource-semantics,shortest_hop_count,automatic,False,a -> r -> b,2,10,30,0.6,conservative_min,0.6863749999999998,0.6863749999999998,0.0,0.0,0.02,0.01,1000.0,-1.0,True,False,,VIOLATED,13,0,0.43333333333333335,1.3,0.6863749999999998,0.6863749999999998,650.0,721.7996686661905,0.0010051125099999995,,0.000219,0.465985,381,18,0,0,0,0,delivered_pairs >= 30.0 (observed=13.0) -> FAIL,,,f4343c314e5de5e01ee6970aaa14b5974c1b49ea,1f2680a5b9065e708a7497adc53a95b108029b98,3.13.14,2026-07-13T16:47:27.590240+00:00
F08_resource_semantics,F08_resource_semantics:three_node:213be39df74538e2:shortest_hop_count__automatic__conservative_min:2:f08-resource-semantics,three_node,213be39df74538e2,2,f08-resource-semantics,shortest_hop_count,automatic,False,a -> r -> b,2,10,30,0.6,conservative_min,0.6863749999999998,0.6863749999999998,0.0,0.0,0.02,0.01,1000.0,-1.0,True,False,,VIOLATED,12,0,0.4,1.2,0.6863749999999998,0.6863749999999998,600.0,642.1155567208764,0.0010050500099999995,,0.000418,0.430701,473,12,0,0,0,0,delivered_pairs >= 30.0 (observed=12.0) -> FAIL,,,f4343c314e5de5e01ee6970aaa14b5974c1b49ea,1f2680a5b9065e708a7497adc53a95b108029b98,3.13.14,2026-07-13T16:47:28.028127+00:00
F08_resource_semantics,F08_resource_semantics:three_node:213be39df74538e2:shortest_hop_count__automatic__conservative_min:3:f08-resource-semantics,three_node,213be39df74538e2,3,f08-resource-semantics,shortest_hop_count,automatic,False,a -> r -> b,2,10,30,0.6,conservative_min,0.6863749999999998,0.6863749999999998,0.0,0.0,0.02,0.01,1000.0,-1.0,True,False,,VIOLATED,11,0,0.36666666666666664,1.1,0.6863749999999998,0.6863749999999998,550.0,857.5092474576801,0.006287762510000001,,0.00024,0.38334,316,14,0,0,0,0,delivered_pairs >= 30.0 (observed=11.0) -> FAIL,,,f4343c314e5de5e01ee6970aaa14b5974c1b49ea,1f2680a5b9065e708a7497adc53a95b108029b98,3.13.14,2026-07-13T16:47:28.417330+00:00
F08_resource_semantics,F08_resource_semantics:three_node:213be39df74538e2:shortest_hop_count__automatic__conservative_min:4:f08-resource-semantics,three_node,213be39df74538e2,4,f08-resource-semantics,shortest_hop_count,automatic,False,a -> r -> b,2,10,30,0.6,conservative_min,0.6863749999999998,0.6863749999999998,0.0,0.0,0.02,0.01,1000.0,-1.0,True,False,,VIOLATED,12,0,0.4,1.2,0.6863749999999998,0.6863749999999998,600.0,820.0656394205553,0.004230150009999999,,0.000252,0.413255,358,16,0,0,0,0,delivered_pairs >= 30.0 (observed=12.0) -> FAIL,,,f4343c314e5de5e01ee6970aaa14b5974c1b49ea,1f2680a5b9065e708a7497adc53a95b108029b98,3.13.14,2026-07-13T16:47:28.836878+00:00
F08_resource_semantics,F08_resource_semantics:three_node:213be39df74538e2:shortest_hop_count__automatic__conservative_min:5:f08-resource-semantics,three_node,213be39df74538e2,5,f08-resource-semantics,shortest_hop_count,automatic,False,a -> r -> b,2,10,30,0.6,conservative_min,0.6863749999999998,0.6863749999999998,0.0,0.0,0.02,0.01,1000.0,-1.0,True,False,,VIOLATED,14,0,0.4666666666666667,1.4,0.6863749999999998,0.6863749999999998,700.0,810.2748640438358,0.0019626625099999993,,0.000238,0.458488,462,14,0,0,0,0,delivered_pairs >= 30.0 (observed=14.0) -> FAIL,,,f4343c314e5de5e01ee6970aaa14b5974c1b49ea,1f2680a5b9065e708a7497adc53a95b108029b98,3.13.14,2026-07-13T16:47:29.301566+00:00
F08_resource_semantics,F08_resource_semantics:three_node:213be39df74538e2:shortest_hop_count__automatic__conservative_min:6:f08-resource-semantics,three_node,213be39df74538e2,6,f08-resource-semantics,shortest_hop_count,automatic,False,a -> r -> b,2,10,30,0.6,conservative_min,0.6863749999999998,0.6863749999999998,0.0,0.0,0.02,0.01,1000.0,-1.0,True,False,,VIOLATED,14,0,0.4666666666666667,1.4,0.6863749999999998,0.6863749999999998,700.0,753.9807829147956,0.0010050250100000005,,0.000294,0.467127,458,14,0,0,0,0,delivered_pairs >= 30.0 (observed=14.0) -> FAIL,,,f4343c314e5de5e01ee6970aaa14b5974c1b49ea,1f2680a5b9065e708a7497adc53a95b108029b98,3.13.14,2026-07-13T16:47:29.775128+00:00
F08_resource_semantics,F08_resource_semantics:three_node:213be39df74538e2:shortest_hop_count__automatic__conservative_min:7:f08-resource-semantics,three_node,213be39df74538e2,7,f08-resource-semantics,shortest_hop_count,automatic,False,a -> r -> b,2,10,30,0.6,conservative_min,0.6863749999999998,0.6863749999999998,0.0,0.0,0.02,0.01,1000.0,-1.0,True,False,,VIOLATED,9,0,0.3,0.9,0.6863749999999998,0.6863749999999998,450.0,598.4888157402559,0.00467773751,,0.0003,0.401487,332,12,0,0,0,0,delivered_pairs >= 30.0 (observed=9.0) -> FAIL,,,f4343c314e5de5e01ee6970aaa14b5974c1b49ea,1f2680a5b9065e708a7497adc53a95b108029b98,3.13.14,2026-07-13T16:47:30.183637+00:00
F08_resource_semantics,F08_resource_semantics:three_node:213be39df74538e2:shortest_hop_count__automatic__conservative_min:8:f08-resource-semantics,three_node,213be39df74538e2,8,f08-resource-semantics,shortest_hop_count,automatic,False,a -> r -> b,2,10,30,0.6,conservative_min,0.6863749999999998,0.6863749999999998,0.0,0.0,0.02,0.01,1000.0,-1.0,True,False,,VIOLATED,12,0,0.4,1.2,0.6863749999999998,0.6863749999999998,600.0,797.4481658692185,0.0049352250100000005,,0.000325,0.447268,423,14,0,0,0,0,delivered_pairs >= 30.0 (observed=12.0) -> FAIL,,,f4343c314e5de5e01ee6970aaa14b5974c1b49ea,1f2680a5b9065e708a7497adc53a95b108029b98,3.13.14,2026-07-13T16:47:30.637857+00:00
F08_resource_semantics,F08_resource_semantics:three_node:213be39df74538e2:shortest_hop_count__automatic__conservative_min:9:f08-resource-semantics,three_node,213be39df74538e2,9,f08-resource-semantics,shortest_hop_count,automatic,False,a -> r -> b,2,10,30,0.6,conservative_min,0.6863749999999998,0.6863749999999998,0.0,0.0,0.02,0.01,1000.0,-1.0,True,False,,VIOLATED,13,0,0.43333333333333335,1.3,0.6863749999999998,0.6863749999999998,650.0,1081.725393607627,0.007150300010000001,,0.00028,0.446424,447,16,0,0,0,0,delivered_pairs >= 30.0 (observed=13.0) -> FAIL,,,f4343c314e5de5e01ee6970aaa14b5974c1b49ea,1f2680a5b9065e708a7497adc53a95b108029b98,3.13.14,2026-07-13T16:47:31.090535+00:00
F08_resource_semantics,F08_resource_semantics:three_node:213be39df74538e2:shortest_hop_count__automatic__conservative_min:10:f08-resource-semantics,three_node,213be39df74538e2,10,f08-resource-semantics,shortest_hop_count,automatic,False,a -> r -> b,2,10,30,0.6,conservative_min,0.6863749999999998,0.6863749999999998,0.0,0.0,0.02,0.01,1000.0,-1.0,True,False,,VIOLATED,12,0,0.4,1.2,0.6863749999999998,0.6863749999999998,600.0,728.4603383698271,0.0026676500099999997,,0.000247,0.488516,470,12,0,0,0,0,delivered_pairs >= 30.0 (observed=12.0) -> FAIL,,,f4343c314e5de5e01ee6970aaa14b5974c1b49ea,1f2680a5b9065e708a7497adc53a95b108029b98,3.13.14,2026-07-13T16:47:31.585293+00:00
F08_resource_semantics,F08_resource_semantics:three_node:213be39df74538e2:shortest_hop_count__automatic__conservative_min:11:f08-resource-semantics,three_node,213be39df74538e2,11,f08-resource-semantics,shortest_hop_count,automatic,False,a -> r -> b,2,10,30,0.6,conservative_min,0.6863749999999998,0.6863749999999998,0.0,0.0,0.02,0.01,1000.0,-1.0,True,False,,VIOLATED,17,0,0.5666666666666667,1.7,0.6863749999999998,0.6863749999999998,850.0,1021.1398473546095,0.0010050375099999991,,0.000312,0.530422,386,20,0,0,0,0,delivered_pairs >= 30.0 (observed=17.0) -> FAIL,,,f4343c314e5de5e01ee6970aaa14b5974c1b49ea,1f2680a5b9065e708a7497adc53a95b108029b98,3.13.14,2026-07-13T16:47:32.122248+00:00
F08_resource_semantics,F08_resource_semantics:three_node:213be39df74538e2:shortest_hop_count__automatic__conservative_min:12:f08-resource-semantics,three_node,213be39df74538e2,12,f08-resource-semantics,shortest_hop_count,automatic,False,a -> r -> b,2,10,30,0.6,conservative_min,0.6863749999999998,0.6863749999999998,0.0,0.0,0.02,0.01,1000.0,-1.0,True,False,,VIOLATED,11,0,0.36666666666666664,1.1,0.6863749999999998,0.6863749999999998,550.0,653.5680731996242,0.0023626250099999992,,0.000253,0.528045,438,11,0,0,0,0,delivered_pairs >= 30.0 (observed=11.0) -> FAIL,,,f4343c314e5de5e01ee6970aaa14b5974c1b49ea,1f2680a5b9065e708a7497adc53a95b108029b98,3.13.14,2026-07-13T16:47:32.656574+00:00
F08_resource_semantics,F08_resource_semantics:three_node:213be39df74538e2:shortest_hop_count__automatic__conservative_min:13:f08-resource-semantics,three_node,213be39df74538e2,13,f08-resource-semantics,shortest_hop_count,automatic,False,a -> r -> b,2,10,30,0.6,conservative_min,0.6863749999999998,0.6863749999999998,0.0,0.0,0.02,0.01,1000.0,-1.0,True,False,,VIOLATED,13,0,0.43333333333333335,1.3,0.6863749999999998,0.6863749999999998,650.0,772.4020738995683,0.0023626250099999992,,0.000274,0.483159,428,13,0,0,0,0,delivered_pairs >= 30.0 (observed=13.0) -> FAIL,,,f4343c314e5de5e01ee6970aaa14b5974c1b49ea,1f2680a5b9065e708a7497adc53a95b108029b98,3.13.14,2026-07-13T16:47:33.146363+00:00
F08_resource_semantics,F08_resource_semantics:three_node:213be39df74538e2:shortest_hop_count__automatic__conservative_min:14:f08-resource-semantics,three_node,213be39df74538e2,14,f08-resource-semantics,shortest_hop_count,automatic,False,a -> r -> b,2,10,30,0.6,conservative_min,0.6863749999999998,0.6863749999999998,0.0,0.0,0.02,0.01,1000.0,-1.0,True,False,,VIOLATED,16,0,0.5333333333333333,1.6,0.6863749999999998,0.6863749999999998,800.0,987.6223147089369,0.00326766251,,0.000249,0.505992,387,19,0,0,0,0,delivered_pairs >= 30.0 (observed=16.0) -> FAIL,,,f4343c314e5de5e01ee6970aaa14b5974c1b49ea,1f2680a5b9065e708a7497adc53a95b108029b98,3.13.14,2026-07-13T16:47:33.658976+00:00
F08_resource_semantics,F08_resource_semantics:three_node:213be39df74538e2:shortest_hop_count__automatic__conservative_min:15:f08-resource-semantics,three_node,213be39df74538e2,15,f08-resource-semantics,shortest_hop_count,automatic,False,a -> r -> b,2,10,30,0.6,conservative_min,0.6863749999999998,0.6863749999999998,0.0,0.0,0.02,0.01,1000.0,-1.0,True,False,,VIOLATED,11,0,0.36666666666666664,1.1,0.6863749999999998,0.6863749999999998,550.0,746.121229438213,0.00266766251,,0.000295,0.50148,398,17,0,0,0,0,delivered_pairs >= 30.0 (observed=11.0) -> FAIL,,,f4343c314e5de5e01ee6970aaa14b5974c1b49ea,1f2680a5b9065e708a7497adc53a95b108029b98,3.13.14,2026-07-13T16:47:34.167413+00:00
F08_resource_semantics,F08_resource_semantics:three_node:213be39df74538e2:shortest_hop_count__automatic__conservative_min:16:f08-resource-semantics,three_node,213be39df74538e2,16,f08-resource-semantics,shortest_hop_count,automatic,False,a -> r -> b,2,10,30,0.6,conservative_min,0.6863749999999998,0.6863749999999998,0.0,0.0,0.02,0.01,1000.0,-1.0,True,False,,VIOLATED,8,0,0.26666666666666666,0.8,0.6863749999999998,0.6863749999999998,400.0,496.8793646776222,0.0019101250099999995,,0.000219,0.421813,323,15,0,0,0,0,delivered_pairs >= 30.0 (observed=8.0) -> FAIL,,,f4343c314e5de5e01ee6970aaa14b5974c1b49ea,1f2680a5b9065e708a7497adc53a95b108029b98,3.13.14,2026-07-13T16:47:34.594735+00:00
F08_resource_semantics,F08_resource_semantics:three_node:213be39df74538e2:shortest_hop_count__automatic__conservative_min:17:f08-resource-semantics,three_node,213be39df74538e2,17,f08-resource-semantics,shortest_hop_count,automatic,False,a -> r -> b,2,10,30,0.6,conservative_min,0.6863749999999998,0.6863749999999998,0.0,0.0,0.02,0.01,1000.0,-1.0,True,False,,VIOLATED,13,0,0.43333333333333335,1.3,0.6863749999999998,0.6863749999999998,650.0,1077.023769086104,0.007845275010000001,,0.000257,0.449235,384,14,0,0,0,0,delivered_pairs >= 30.0 (observed=13.0) -> FAIL,,,f4343c314e5de5e01ee6970aaa14b5974c1b49ea,1f2680a5b9065e708a7497adc53a95b108029b98,3.13.14,2026-07-13T16:47:35.050464+00:00
F08_resource_semantics,F08_resource_semantics:three_node:213be39df74538e2:shortest_hop_count__automatic__conservative_min:18:f08-resource-semantics,three_node,213be39df74538e2,18,f08-resource-semantics,shortest_hop_count,automatic,False,a -> r -> b,2,10,30,0.6,conservative_min,0.6863749999999998,0.6863749999999998,0.0,0.0,0.02,0.01,1000.0,-1.0,True,False,,VIOLATED,17,0,0.5666666666666667,1.7,0.6863749999999998,0.6863749999999998,850.0,1097.4503645794666,0.002615087509999999,,0.00024,0.468839,407,18,0,0,0,0,delivered_pairs >= 30.0 (observed=17.0) -> FAIL,,,f4343c314e5de5e01ee6970aaa14b5974c1b49ea,1f2680a5b9065e708a7497adc53a95b108029b98,3.13.14,2026-07-13T16:47:35.525369+00:00
F08_resource_semantics,F08_resource_semantics:three_node:213be39df74538e2:shortest_hop_count__automatic__conservative_min:19:f08-resource-semantics,three_node,213be39df74538e2,19,f08-resource-semantics,shortest_hop_count,automatic,False,a -> r -> b,2,10,30,0.6,conservative_min,0.6863749999999998,0.6863749999999998,0.0,0.0,0.02,0.01,1000.0,-1.0,True,False,,VIOLATED,15,0,0.5,1.5,0.6863749999999998,0.6863749999999998,750.0,852.0058703204465,0.00236265001,,0.00026,0.457842,447,16,0,0,0,0,delivered_pairs >= 30.0 (observed=15.0) -> FAIL,,,f4343c314e5de5e01ee6970aaa14b5974c1b49ea,1f2680a5b9065e708a7497adc53a95b108029b98,3.13.14,2026-07-13T16:47:35.989214+00:00
F08_resource_semantics,F08_resource_semantics:three_node:d20d2d4c80e6c13f:shortest_hop_count__automatic__conservative_min:0:f08-resource-semantics,three_node,d20d2d4c80e6c13f,0,f08-resource-semantics,shortest_hop_count,automatic,False,a -> r -> b,2,2,30,0.6,conservative_min,0.6863749999999998,0.6863749999999998,0.0,0.0,0.05,0.01,1000.0,-1.0,True,False,,VIOLATED,8,0,0.26666666666666666,4.0,0.6863749999999998,0.6863749999999998,160.0,212.36297610783794,0.006487687510000001,,0.000249,0.193678,207,8,0,0,0,0,delivered_pairs >= 30.0 (observed=8.0) -> FAIL,,,f4343c314e5de5e01ee6970aaa14b5974c1b49ea,1f2680a5b9065e708a7497adc53a95b108029b98,3.13.14,2026-07-13T16:47:36.188991+00:00
F08_resource_semantics,F08_resource_semantics:three_node:d20d2d4c80e6c13f:shortest_hop_count__automatic__conservative_min:1:f08-resource-semantics,three_node,d20d2d4c80e6c13f,1,f08-resource-semantics,shortest_hop_count,automatic,False,a -> r -> b,2,2,30,0.6,conservative_min,0.6863749999999998,0.6863749999999998,0.0,0.0,0.05,0.01,1000.0,-1.0,True,False,,VIOLATED,7,0,0.23333333333333334,3.5,0.6863749999999998,0.6863749999999998,140.0,172.15386620693388,0.00528768751,,0.000317,0.222965,167,8,0,0,0,0,delivered_pairs >= 30.0 (observed=7.0) -> FAIL,,,f4343c314e5de5e01ee6970aaa14b5974c1b49ea,1f2680a5b9065e708a7497adc53a95b108029b98,3.13.14,2026-07-13T16:47:36.419727+00:00
F08_resource_semantics,F08_resource_semantics:three_node:d20d2d4c80e6c13f:shortest_hop_count__automatic__conservative_min:2:f08-resource-semantics,three_node,d20d2d4c80e6c13f,2,f08-resource-semantics,shortest_hop_count,automatic,False,a -> r -> b,2,2,30,0.6,conservative_min,0.6863749999999998,0.6863749999999998,0.0,0.0,0.05,0.01,1000.0,-1.0,True,False,,VIOLATED,6,0,0.2,3.0,0.6863749999999998,0.6863749999999998,120.0,149.24816238200066,0.005635175009999998,,0.000363,0.213469,235,6,0,0,0,0,delivered_pairs >= 30.0 (observed=6.0) -> FAIL,,,f4343c314e5de5e01ee6970aaa14b5974c1b49ea,1f2680a5b9065e708a7497adc53a95b108029b98,3.13.14,2026-07-13T16:47:36.639699+00:00
F08_resource_semantics,F08_resource_semantics:three_node:d20d2d4c80e6c13f:shortest_hop_count__automatic__conservative_min:3:f08-resource-semantics,three_node,d20d2d4c80e6c13f,3,f08-resource-semantics,shortest_hop_count,automatic,False,a -> r -> b,2,2,30,0.6,conservative_min,0.6863749999999998,0.6863749999999998,0.0,0.0,0.05,0.01,1000.0,-1.0,True,False,,VIOLATED,5,0,0.16666666666666666,2.5,0.6863749999999998,0.6863749999999998,100.0,231.66193111069154,0.00759270001,,0.000368,0.181604,134,6,0,0,0,0,delivered_pairs >= 30.0 (observed=5.0) -> FAIL,,,f4343c314e5de5e01ee6970aaa14b5974c1b49ea,1f2680a5b9065e708a7497adc53a95b108029b98,3.13.14,2026-07-13T16:47:36.827275+00:00
F08_resource_semantics,F08_resource_semantics:three_node:d20d2d4c80e6c13f:shortest_hop_count__automatic__conservative_min:4:f08-resource-semantics,three_node,d20d2d4c80e6c13f,4,f08-resource-semantics,shortest_hop_count,automatic,False,a -> r -> b,2,2,30,0.6,conservative_min,0.6863749999999998,0.6863749999999998,0.0,0.0,0.05,0.01,1000.0,-1.0,True,False,,VIOLATED,5,0,0.16666666666666666,2.5,0.6863749999999998,0.6863749999999998,100.0,252.13495271208964,0.01081280001,,0.000254,0.166927,129,7,0,0,0,0,delivered_pairs >= 30.0 (observed=5.0) -> FAIL,,,f4343c314e5de5e01ee6970aaa14b5974c1b49ea,1f2680a5b9065e708a7497adc53a95b108029b98,3.13.14,2026-07-13T16:47:36.999788+00:00
F08_resource_semantics,F08_resource_semantics:three_node:d20d2d4c80e6c13f:shortest_hop_count__automatic__conservative_min:5:f08-resource-semantics,three_node,d20d2d4c80e6c13f,5,f08-resource-semantics,shortest_hop_count,automatic,False,a -> r -> b,2,2,30,0.6,conservative_min,0.6863749999999998,0.6863749999999998,0.0,0.0,0.05,0.01,1000.0,-1.0,True,False,,VIOLATED,5,0,0.16666666666666666,2.5,0.6863749999999998,0.6863749999999998,100.0,125.9557681129118,0.008712800009999999,,0.000233,0.175199,240,5,0,0,0,0,delivered_pairs >= 30.0 (observed=5.0) -> FAIL,,,f4343c314e5de5e01ee6970aaa14b5974c1b49ea,1f2680a5b9065e708a7497adc53a95b108029b98,3.13.14,2026-07-13T16:47:37.180472+00:00
F08_resource_semantics,F08_resource_semantics:three_node:d20d2d4c80e6c13f:shortest_hop_count__automatic__conservative_min:6:f08-resource-semantics,three_node,d20d2d4c80e6c13f,6,f08-resource-semantics,shortest_hop_count,automatic,False,a -> r -> b,2,2,30,0.6,conservative_min,0.6863749999999998,0.6863749999999998,0.0,0.0,0.05,0.01,1000.0,-1.0,True,False,,VIOLATED,9,0,0.3,4.5,0.6863749999999998,0.6863749999999998,180.0,265.8512909110982,0.007392700010000001,,0.000246,0.181185,111,11,0,0,0,0,delivered_pairs >= 30.0 (observed=9.0) -> FAIL,,,f4343c314e5de5e01ee6970aaa14b5974c1b49ea,1f2680a5b9065e708a7497adc53a95b108029b98,3.13.14,2026-07-13T16:47:37.367790+00:00
F08_resource_semantics,F08_resource_semantics:three_node:d20d2d4c80e6c13f:shortest_hop_count__automatic__conservative_min:7:f08-resource-semantics,three_node,d20d2d4c80e6c13f,7,f08-resource-semantics,shortest_hop_count,automatic,False,a -> r -> b,2,2,30,0.6,conservative_min,0.6863749999999998,0.6863749999999998,0.0,0.0,0.05,0.01,1000.0,-1.0,True,False,,VIOLATED,4,0,0.13333333333333333,2.0,0.6863749999999998,0.6863749999999998,80.0,104.65420126114853,0.005992700009999999,,0.000335,0.19208,161,6,0,0,0,0,delivered_pairs >= 30.0 (observed=4.0) -> FAIL,,,f4343c314e5de5e01ee6970aaa14b5974c1b49ea,1f2680a5b9065e708a7497adc53a95b108029b98,3.13.14,2026-07-13T16:47:37.567007+00:00
F08_resource_semantics,F08_resource_semantics:three_node:d20d2d4c80e6c13f:shortest_hop_count__automatic__conservative_min:8:f08-resource-semantics,three_node,d20d2d4c80e6c13f,8,f08-resource-semantics,shortest_hop_count,automatic,False,a -> r -> b,2,2,30,0.6,conservative_min,0.6863749999999998,0.6863749999999998,0.0,0.0,0.05,0.01,1000.0,-1.0,True,False,,VIOLATED,4,0,0.13333333333333333,2.0,0.6863749999999998,0.6863749999999998,80.0,109.57774558170546,0.0023150625100000002,,0.0003,0.173821,233,5,0,0,0,0,delivered_pairs >= 30.0 (observed=4.0) -> FAIL,,,f4343c314e5de5e01ee6970aaa14b5974c1b49ea,1f2680a5b9065e708a7497adc53a95b108029b98,3.13.14,2026-07-13T16:47:37.746897+00:00
F08_resource_semantics,F08_resource_semantics:three_node:d20d2d4c80e6c13f:shortest_hop_count__automatic__conservative_min:9:f08-resource-semantics,three_node,d20d2d4c80e6c13f,9,f08-resource-semantics,shortest_hop_count,automatic,False,a -> r -> b,2,2,30,0.6,conservative_min,0.6863749999999998,0.6863749999999998,0.0,0.0,0.05,0.01,1000.0,-1.0,True,False,,VIOLATED,5,0,0.16666666666666666,2.5,0.6863749999999998,0.6863749999999998,100.0,135.2500062553128,0.006487687510000001,,0.000304,0.143861,53,6,0,0,0,0,delivered_pairs >= 30.0 (observed=5.0) -> FAIL,,,f4343c314e5de5e01ee6970aaa14b5974c1b49ea,1f2680a5b9065e708a7497adc53a95b108029b98,3.13.14,2026-07-13T16:47:37.896061+00:00
F08_resource_semantics,F08_resource_semantics:three_node:d20d2d4c80e6c13f:shortest_hop_count__automatic__conservative_min:10:f08-resource-semantics,three_node,d20d2d4c80e6c13f,10,f08-resource-semantics,shortest_hop_count,automatic,False,a -> r -> b,2,2,30,0.6,conservative_min,0.6863749999999998,0.6863749999999998,0.0,0.0,0.05,0.01,1000.0,-1.0,True,False,,VIOLATED,7,0,0.23333333333333334,3.5,0.6863749999999998,0.6863749999999998,140.0,166.01820745398035,0.00528768751,,0.000249,0.199904,241,7,0,0,0,0,delivered_pairs >= 30.0 (observed=7.0) -> FAIL,,,f4343c314e5de5e01ee6970aaa14b5974c1b49ea,1f2680a5b9065e708a7497adc53a95b108029b98,3.13.14,2026-07-13T16:47:38.101948+00:00
F08_resource_semantics,F08_resource_semantics:three_node:d20d2d4c80e6c13f:shortest_hop_count__automatic__conservative_min:11:f08-resource-semantics,three_node,d20d2d4c80e6c13f,11,f08-resource-semantics,shortest_hop_count,automatic,False,a -> r -> b,2,2,30,0.6,conservative_min,0.6863749999999998,0.6863749999999998,0.0,0.0,0.05,0.01,1000.0,-1.0,True,False,,VIOLATED,4,0,0.13333333333333333,2.0,0.6863749999999998,0.6863749999999998,80.0,138.29650684632534,0.00282010001,,0.000233,0.175453,136,6,0,0,0,0,delivered_pairs >= 30.0 (observed=4.0) -> FAIL,,,f4343c314e5de5e01ee6970aaa14b5974c1b49ea,1f2680a5b9065e708a7497adc53a95b108029b98,3.13.14,2026-07-13T16:47:38.282604+00:00
F08_resource_semantics,F08_resource_semantics:three_node:d20d2d4c80e6c13f:shortest_hop_count__automatic__conservative_min:12:f08-resource-semantics,three_node,d20d2d4c80e6c13f,12,f08-resource-semantics,shortest_hop_count,automatic,False,a -> r -> b,2,2,30,0.6,conservative_min,0.6863749999999998,0.6863749999999998,0.0,0.0,0.05,0.01,1000.0,-1.0,True,False,,VIOLATED,7,0,0.23333333333333334,3.5,0.6863749999999998,0.6863749999999998,140.0,213.9950467789351,0.01453793751,,0.000276,0.309071,147,7,0,0,0,0,delivered_pairs >= 30.0 (observed=7.0) -> FAIL,,,f4343c314e5de5e01ee6970aaa14b5974c1b49ea,1f2680a5b9065e708a7497adc53a95b108029b98,3.13.14,2026-07-13T16:47:38.598134+00:00
F08_resource_semantics,F08_resource_semantics:three_node:d20d2d4c80e6c13f:shortest_hop_count__automatic__conservative_min:13:f08-resource-semantics,three_node,d20d2d4c80e6c13f,13,f08-resource-semantics,shortest_hop_count,automatic,False,a -> r -> b,2,2,30,0.6,conservative_min,0.6863749999999998,0.6863749999999998,0.0,0.0,0.05,0.01,1000.0,-1.0,True,False,,VIOLATED,5,0,0.16666666666666666,2.5,0.6863749999999998,0.6863749999999998,100.0,129.68057728605785,0.00836028751,,0.00025,0.198463,170,5,0,0,0,0,delivered_pairs >= 30.0 (observed=5.0) -> FAIL,,,f4343c314e5de5e01ee6970aaa14b5974c1b49ea,1f2680a5b9065e708a7497adc53a95b108029b98,3.13.14,2026-07-13T16:47:38.802399+00:00
F08_resource_semantics,F08_resource_semantics:three_node:d20d2d4c80e6c13f:shortest_hop_count__automatic__conservative_min:14:f08-resource-semantics,three_node,d20d2d4c80e6c13f,14,f08-resource-semantics,shortest_hop_count,automatic,False,a -> r -> b,2,2,30,0.6,conservative_min,0.6863749999999998,0.6863749999999998,0.0,0.0,0.05,0.01,1000.0,-1.0,True,False,,VIOLATED,3,0,0.1,1.5,0.6863749999999998,0.6863749999999998,60.0,136.40564310145513,0.02565073751,,0.0003,0.188844,149,4,0,0,0,0,delivered_pairs >= 30.0 (observed=3.0) -> FAIL,,,f4343c314e5de5e01ee6970aaa14b5974c1b49ea,1f2680a5b9065e708a7497adc53a95b108029b98,3.13.14,2026-07-13T16:47:38.997275+00:00
F08_resource_semantics,F08_resource_semantics:three_node:d20d2d4c80e6c13f:shortest_hop_count__automatic__conservative_min:15:f08-resource-semantics,three_node,d20d2d4c80e6c13f,15,f08-resource-semantics,shortest_hop_count,automatic,False,a -> r -> b,2,2,30,0.6,conservative_min,0.6863749999999998,0.6863749999999998,0.0,0.0,0.05,0.01,1000.0,-1.0,True,False,,VIOLATED,4,0,0.13333333333333333,2.0,0.6863749999999998,0.6863749999999998,80.0,118.02565213783183,0.013247987509999998,,0.000223,0.215322,221,4,0,0,0,0,delivered_pairs >= 30.0 (observed=4.0) -> FAIL,,,f4343c314e5de5e01ee6970aaa14b5974c1b49ea,1f2680a5b9065e708a7497adc53a95b108029b98,3.13.14,2026-07-13T16:47:39.217722+00:00
F08_resource_semantics,F08_resource_semantics:three_node:d20d2d4c80e6c13f:shortest_hop_count__automatic__conservative_min:16:f08-resource-semantics,three_node,d20d2d4c80e6c13f,16,f08-resource-semantics,shortest_hop_count,automatic,False,a -> r -> b,2,2,30,0.6,conservative_min,0.6863749999999998,0.6863749999999998,0.0,0.0,0.05,0.01,1000.0,-1.0,True,False,,VIOLATED,11,0,0.36666666666666664,5.5,0.6863749999999998,0.6863749999999998,220.0,260.09985469876295,0.006487687510000001,,0.000323,0.227653,190,11,0,0,0,0,delivered_pairs >= 30.0 (observed=11.0) -> FAIL,,,f4343c314e5de5e01ee6970aaa14b5974c1b49ea,1f2680a5b9065e708a7497adc53a95b108029b98,3.13.14,2026-07-13T16:47:39.451646+00:00
F08_resource_semantics,F08_resource_semantics:three_node:d20d2d4c80e6c13f:shortest_hop_count__automatic__conservative_min:17:f08-resource-semantics,three_node,d20d2d4c80e6c13f,17,f08-resource-semantics,shortest_hop_count,automatic,False,a -> r -> b,2,2,30,0.6,conservative_min,0.6863749999999998,0.6863749999999998,0.0,0.0,0.05,0.01,1000.0,-1.0,True,False,,VIOLATED,10,0,0.3333333333333333,5.0,0.6863749999999998,0.6863749999999998,200.0,229.45575103592103,0.00528768751,,0.000354,0.232797,177,10,0,0,0,0,delivered_pairs >= 30.0 (observed=10.0) -> FAIL,,,f4343c314e5de5e01ee6970aaa14b5974c1b49ea,1f2680a5b9065e708a7497adc53a95b108029b98,3.13.14,2026-07-13T16:47:39.690258+00:00
F08_resource_semantics,F08_resource_semantics:three_node:d20d2d4c80e6c13f:shortest_hop_count__automatic__conservative_min:18:f08-resource-semantics,three_node,d20d2d4c80e6c13f,18,f08-resource-semantics,shortest_hop_count,automatic,False,a -> r -> b,2,2,30,0.6,conservative_min,0.6863749999999998,0.6863749999999998,0.0,0.0,0.05,0.01,1000.0,-1.0,True,False,,VIOLATED,5,0,0.16666666666666666,2.5,0.6863749999999998,0.6863749999999998,100.0,129.55482371475136,0.01111783751,,0.000335,0.191498,126,5,0,0,0,0,delivered_pairs >= 30.0 (observed=5.0) -> FAIL,,,f4343c314e5de5e01ee6970aaa14b5974c1b49ea,1f2680a5b9065e708a7497adc53a95b108029b98,3.13.14,2026-07-13T16:47:39.888244+00:00
F08_resource_semantics,F08_resource_semantics:three_node:d20d2d4c80e6c13f:shortest_hop_count__automatic__conservative_min:19:f08-resource-semantics,three_node,d20d2d4c80e6c13f,19,f08-resource-semantics,shortest_hop_count,automatic,False,a -> r -> b,2,2,30,0.6,conservative_min,0.6863749999999998,0.6863749999999998,0.0,0.0,0.05,0.01,1000.0,-1.0,True,False,,VIOLATED,5,0,0.16666666666666666,2.5,0.6863749999999998,0.6863749999999998,100.0,124.25076786974545,0.00583516251,,0.000346,0.189162,115,5,0,0,0,0,delivered_pairs >= 30.0 (observed=5.0) -> FAIL,,,f4343c314e5de5e01ee6970aaa14b5974c1b49ea,1f2680a5b9065e708a7497adc53a95b108029b98,3.13.14,2026-07-13T16:47:40.084041+00:00
F08_resource_semantics,F08_resource_semantics:three_node:4d4ae30c2b351279:shortest_hop_count__automatic__conservative_min:0:f08-resource-semantics,three_node,4d4ae30c2b351279,0,f08-resource-semantics,shortest_hop_count,automatic,False,a -> r -> b,2,10,30,0.6,conservative_min,0.6863749999999998,0.6863749999999998,0.0,0.0,0.05,0.01,1000.0,-1.0,True,True,,SATISFIED,31,1,1.0333333333333334,3.1,0.6863749999999998,0.6863749999999998,620.0,660.5026851564805,0.0010050750100000002,0.04723397501,0.00027,1.112519,974,31,0,0,0,0,,,,f4343c314e5de5e01ee6970aaa14b5974c1b49ea,1f2680a5b9065e708a7497adc53a95b108029b98,3.13.14,2026-07-13T16:47:41.203635+00:00
F08_resource_semantics,F08_resource_semantics:three_node:4d4ae30c2b351279:shortest_hop_count__automatic__conservative_min:1:f08-resource-semantics,three_node,4d4ae30c2b351279,1,f08-resource-semantics,shortest_hop_count,automatic,False,a -> r -> b,2,10,30,0.6,conservative_min,0.6863749999999998,0.6863749999999998,0.0,0.0,0.05,0.01,1000.0,-1.0,True,True,,SATISFIED,33,3,1.1,3.3,0.6863749999999998,0.6863749999999998,660.0,692.0950424760224,0.0010051125099999995,0.04451888751,0.000334,1.116262,821,38,0,0,0,0,,,,f4343c314e5de5e01ee6970aaa14b5974c1b49ea,1f2680a5b9065e708a7497adc53a95b108029b98,3.13.14,2026-07-13T16:47:42.328615+00:00
F08_resource_semantics,F08_resource_semantics:three_node:4d4ae30c2b351279:shortest_hop_count__automatic__conservative_min:2:f08-resource-semantics,three_node,4d4ae30c2b351279,2,f08-resource-semantics,shortest_hop_count,automatic,False,a -> r -> b,2,10,30,0.6,conservative_min,0.6863749999999998,0.6863749999999998,0.0,0.0,0.05,0.01,1000.0,-1.0,True,True,,SATISFIED,31,1,1.0333333333333334,3.1,0.6863749999999998,0.6863749999999998,620.0,635.7794091558388,0.0010050500099999995,0.046816637509999995,0.000287,1.03663,966,35,0,0,0,0,,,,f4343c314e5de5e01ee6970aaa14b5974c1b49ea,1f2680a5b9065e708a7497adc53a95b108029b98,3.13.14,2026-07-13T16:47:43.373657+00:00
F08_resource_semantics,F08_resource_semantics:three_node:4d4ae30c2b351279:shortest_hop_count__automatic__conservative_min:3:f08-resource-semantics,three_node,4d4ae30c2b351279,3,f08-resource-semantics,shortest_hop_count,automatic,False,a -> r -> b,2,10,30,0.6,conservative_min,0.6863749999999998,0.6863749999999998,0.0,0.0,0.05,0.01,1000.0,-1.0,True,False,,VIOLATED,27,0,0.9,2.7,0.6863749999999998,0.6863749999999998,540.0,633.3740628043164,0.006287762510000001,,0.000327,1.042583,913,30,0,0,0,0,delivered_pairs >= 30.0 (observed=27.0) -> FAIL,,,f4343c314e5de5e01ee6970aaa14b5974c1b49ea,1f2680a5b9065e708a7497adc53a95b108029b98,3.13.14,2026-07-13T16:47:44.424836+00:00
F08_resource_semantics,F08_resource_semantics:three_node:4d4ae30c2b351279:shortest_hop_count__automatic__conservative_min:4:f08-resource-semantics,three_node,4d4ae30c2b351279,4,f08-resource-semantics,shortest_hop_count,automatic,False,a -> r -> b,2,10,30,0.6,conservative_min,0.6863749999999998,0.6863749999999998,0.0,0.0,0.05,0.01,1000.0,-1.0,True,True,,SATISFIED,37,7,1.2333333333333334,3.7,0.6863749999999998,0.6863749999999998,740.0,811.9127347415264,0.004230150009999999,0.042066337509999996,0.00038,1.230572,972,37,0,0,0,0,,,,f4343c314e5de5e01ee6970aaa14b5974c1b49ea,1f2680a5b9065e708a7497adc53a95b108029b98,3.13.14,2026-07-13T16:47:45.664566+00:00
F08_resource_semantics,F08_resource_semantics:three_node:4d4ae30c2b351279:shortest_hop_count__automatic__conservative_min:5:f08-resource-semantics,three_node,4d4ae30c2b351279,5,f08-resource-semantics,shortest_hop_count,automatic,False,a -> r -> b,2,10,30,0.6,conservative_min,0.6863749999999998,0.6863749999999998,0.0,0.0,0.05,0.01,1000.0,-1.0,True,True,,SATISFIED,41,11,1.3666666666666667,4.1,0.6863749999999998,0.6863749999999998,820.0,863.1322279100648,0.0019626625099999993,0.03712115001,0.000311,1.240612,1084,42,0,0,0,0,,,,f4343c314e5de5e01ee6970aaa14b5974c1b49ea,1f2680a5b9065e708a7497adc53a95b108029b98,3.13.14,2026-07-13T16:47:46.915321+00:00
F08_resource_semantics,F08_resource_semantics:three_node:4d4ae30c2b351279:shortest_hop_count__automatic__conservative_min:6:f08-resource-semantics,three_node,4d4ae30c2b351279,6,f08-resource-semantics,shortest_hop_count,automatic,False,a -> r -> b,2,10,30,0.6,conservative_min,0.6863749999999998,0.6863749999999998,0.0,0.0,0.05,0.01,1000.0,-1.0,True,True,,SATISFIED,35,5,1.1666666666666667,3.5,0.6863749999999998,0.6863749999999998,700.0,723.8271221641811,0.0010050250100000005,0.044581475009999996,0.000347,1.136162,1077,36,0,0,0,0,,,,f4343c314e5de5e01ee6970aaa14b5974c1b49ea,1f2680a5b9065e708a7497adc53a95b108029b98,3.13.14,2026-07-13T16:47:48.061009+00:00
F08_resource_semantics,F08_resource_semantics:three_node:4d4ae30c2b351279:shortest_hop_count__automatic__conservative_min:7:f08-resource-semantics,three_node,4d4ae30c2b351279,7,f08-resource-semantics,shortest_hop_count,automatic,False,a -> r -> b,2,10,30,0.6,conservative_min,0.6863749999999998,0.6863749999999998,0.0,0.0,0.05,0.01,1000.0,-1.0,True,False,,VIOLATED,29,0,0.9666666666666667,2.9,0.6863749999999998,0.6863749999999998,580.0,641.5719841000763,0.00467773751,,0.000232,1.113417,976,29,0,0,0,0,delivered_pairs >= 30.0 (observed=29.0) -> FAIL,,,f4343c314e5de5e01ee6970aaa14b5974c1b49ea,1f2680a5b9065e708a7497adc53a95b108029b98,3.13.14,2026-07-13T16:47:49.182174+00:00
F08_resource_semantics,F08_resource_semantics:three_node:4d4ae30c2b351279:shortest_hop_count__automatic__conservative_min:8:f08-resource-semantics,three_node,4d4ae30c2b351279,8,f08-resource-semantics,shortest_hop_count,automatic,False,a -> r -> b,2,10,30,0.6,conservative_min,0.6863749999999998,0.6863749999999998,0.0,0.0,0.05,0.01,1000.0,-1.0,True,True,,SATISFIED,36,6,1.2,3.6,0.6863749999999998,0.6863749999999998,720.0,799.7540756217463,0.0049352250100000005,0.04597142501,0.00033,1.170402,1008,36,0,0,0,0,,,,f4343c314e5de5e01ee6970aaa14b5974c1b49ea,1f2680a5b9065e708a7497adc53a95b108029b98,3.13.14,2026-07-13T16:47:50.362159+00:00
F08_resource_semantics,F08_resource_semantics:three_node:4d4ae30c2b351279:shortest_hop_count__automatic__conservative_min:9:f08-resource-semantics,three_node,4d4ae30c2b351279,9,f08-resource-semantics,shortest_hop_count,automatic,False,a -> r -> b,2,10,30,0.6,conservative_min,0.6863749999999998,0.6863749999999998,0.0,0.0,0.05,0.01,1000.0,-1.0,True,True,,SATISFIED,40,10,1.3333333333333333,4.0,0.6863749999999998,0.6863749999999998,800.0,947.443250369873,0.007150300010000001,0.03865132501,0.000328,1.337073,1096,41,0,0,0,0,,,,f4343c314e5de5e01ee6970aaa14b5974c1b49ea,1f2680a5b9065e708a7497adc53a95b108029b98,3.13.14,2026-07-13T16:47:51.708412+00:00
F08_resource_semantics,F08_resource_semantics:three_node:4d4ae30c2b351279:shortest_hop_count__automatic__conservative_min:10:f08-resource-semantics,three_node,4d4ae30c2b351279,10,f08-resource-semantics,shortest_hop_count,automatic,False,a -> r -> b,2,10,30,0.6,conservative_min,0.6863749999999998,0.6863749999999998,0.0,0.0,0.05,0.01,1000.0,-1.0,True,True,,SATISFIED,35,5,1.1666666666666667,3.5,0.6863749999999998,0.6863749999999998,700.0,759.6454626105217,0.0026676500099999997,0.04167135001,0.000444,1.258783,1119,35,0,0,0,0,,,,f4343c314e5de5e01ee6970aaa14b5974c1b49ea,1f2680a5b9065e708a7497adc53a95b108029b98,3.13.14,2026-07-13T16:47:52.977662+00:00
F08_resource_semantics,F08_resource_semantics:three_node:4d4ae30c2b351279:shortest_hop_count__automatic__conservative_min:11:f08-resource-semantics,three_node,4d4ae30c2b351279,11,f08-resource-semantics,shortest_hop_count,automatic,False,a -> r -> b,2,10,30,0.6,conservative_min,0.6863749999999998,0.6863749999999998,0.0,0.0,0.05,0.01,1000.0,-1.0,True,True,,SATISFIED,37,7,1.2333333333333334,3.7,0.6863749999999998,0.6863749999999998,740.0,773.4271340187221,0.0010050375099999991,0.03767873751,0.000322,1.114319,801,39,0,0,0,0,,,,f4343c314e5de5e01ee6970aaa14b5974c1b49ea,1f2680a5b9065e708a7497adc53a95b108029b98,3.13.14,2026-07-13T16:47:54.100252+00:00
F08_resource_semantics,F08_resource_semantics:three_node:4d4ae30c2b351279:shortest_hop_count__automatic__conservative_min:12:f08-resource-semantics,three_node,4d4ae30c2b351279,12,f08-resource-semantics,shortest_hop_count,automatic,False,a -> r -> b,2,10,30,0.6,conservative_min,0.6863749999999998,0.6863749999999998,0.0,0.0,0.05,0.01,1000.0,-1.0,True,True,,SATISFIED,30,0,1.0,3.0,0.6863749999999998,0.6863749999999998,600.0,633.9294911923421,0.0023626250099999992,0.049686500009999995,0.00026,1.204527,1027,37,0,0,0,0,,,,f4343c314e5de5e01ee6970aaa14b5974c1b49ea,1f2680a5b9065e708a7497adc53a95b108029b98,3.13.14,2026-07-13T16:47:55.312478+00:00
F08_resource_semantics,F08_resource_semantics:three_node:4d4ae30c2b351279:shortest_hop_count__automatic__conservative_min:13:f08-resource-semantics,three_node,4d4ae30c2b351279,13,f08-resource-semantics,shortest_hop_count,automatic,False,a -> r -> b,2,10,30,0.6,conservative_min,0.6863749999999998,0.6863749999999998,0.0,0.0,0.05,0.01,1000.0,-1.0,True,True,,SATISFIED,40,10,1.3333333333333333,4.0,0.6863749999999998,0.6863749999999998,800.0,841.0601352740094,0.0023626250099999992,0.03681893751,0.000308,1.110668,1070,42,0,0,0,0,,,,f4343c314e5de5e01ee6970aaa14b5974c1b49ea,1f2680a5b9065e708a7497adc53a95b108029b98,3.13.14,2026-07-13T16:47:56.431763+00:00
F08_resource_semantics,F08_resource_semantics:three_node:4d4ae30c2b351279:shortest_hop_count__automatic__conservative_min:14:f08-resource-semantics,three_node,4d4ae30c2b351279,14,f08-resource-semantics,shortest_hop_count,automatic,False,a -> r -> b,2,10,30,0.6,conservative_min,0.6863749999999998,0.6863749999999998,0.0,0.0,0.05,0.01,1000.0,-1.0,True,True,,SATISFIED,44,14,1.4666666666666666,4.4,0.6863749999999998,0.6863749999999998,880.0,947.6871318625875,0.00326766251,0.030533475009999998,0.000335,1.134264,887,44,0,0,0,0,,,,f4343c314e5de5e01ee6970aaa14b5974c1b49ea,1f2680a5b9065e708a7497adc53a95b108029b98,3.13.14,2026-07-13T16:47:57.575704+00:00
F08_resource_semantics,F08_resource_semantics:three_node:4d4ae30c2b351279:shortest_hop_count__automatic__conservative_min:15:f08-resource-semantics,three_node,4d4ae30c2b351279,15,f08-resource-semantics,shortest_hop_count,automatic,False,a -> r -> b,2,10,30,0.6,conservative_min,0.6863749999999998,0.6863749999999998,0.0,0.0,0.05,0.01,1000.0,-1.0,True,True,,SATISFIED,35,5,1.1666666666666667,3.5,0.6863749999999998,0.6863749999999998,700.0,742.5655267667026,0.00266766251,0.04418147501,0.000323,1.045535,771,36,0,0,0,0,,,,f4343c314e5de5e01ee6970aaa14b5974c1b49ea,1f2680a5b9065e708a7497adc53a95b108029b98,3.13.14,2026-07-13T16:47:58.629763+00:00
F08_resource_semantics,F08_resource_semantics:three_node:4d4ae30c2b351279:shortest_hop_count__automatic__conservative_min:16:f08-resource-semantics,three_node,4d4ae30c2b351279,16,f08-resource-semantics,shortest_hop_count,automatic,False,a -> r -> b,2,10,30,0.6,conservative_min,0.6863749999999998,0.6863749999999998,0.0,0.0,0.05,0.01,1000.0,-1.0,True,True,,SATISFIED,34,4,1.1333333333333333,3.4,0.6863749999999998,0.6863749999999998,680.0,717.3536822661202,0.0019101250099999995,0.04085630001,0.000283,1.059914,829,37,0,0,0,0,,,,f4343c314e5de5e01ee6970aaa14b5974c1b49ea,1f2680a5b9065e708a7497adc53a95b108029b98,3.13.14,2026-07-13T16:47:59.697772+00:00
F08_resource_semantics,F08_resource_semantics:three_node:4d4ae30c2b351279:shortest_hop_count__automatic__conservative_min:17:f08-resource-semantics,three_node,4d4ae30c2b351279,17,f08-resource-semantics,shortest_hop_count,automatic,False,a -> r -> b,2,10,30,0.6,conservative_min,0.6863749999999998,0.6863749999999998,0.0,0.0,0.05,0.01,1000.0,-1.0,True,True,,SATISFIED,34,4,1.1333333333333333,3.4,0.6863749999999998,0.6863749999999998,680.0,807.4319360110192,0.007845275010000001,0.046128962509999996,0.000289,1.155976,888,37,0,0,0,0,,,,f4343c314e5de5e01ee6970aaa14b5974c1b49ea,1f2680a5b9065e708a7497adc53a95b108029b98,3.13.14,2026-07-13T16:48:00.862093+00:00
F08_resource_semantics,F08_resource_semantics:three_node:4d4ae30c2b351279:shortest_hop_count__automatic__conservative_min:18:f08-resource-semantics,three_node,4d4ae30c2b351279,18,f08-resource-semantics,shortest_hop_count,automatic,False,a -> r -> b,2,10,30,0.6,conservative_min,0.6863749999999998,0.6863749999999998,0.0,0.0,0.05,0.01,1000.0,-1.0,True,True,,SATISFIED,38,8,1.2666666666666666,3.8,0.6863749999999998,0.6863749999999998,760.0,808.5714962056984,0.002615087509999999,0.04144625001,0.000295,1.075997,805,39,0,0,0,0,,,,f4343c314e5de5e01ee6970aaa14b5974c1b49ea,1f2680a5b9065e708a7497adc53a95b108029b98,3.13.14,2026-07-13T16:48:01.946352+00:00
F08_resource_semantics,F08_resource_semantics:three_node:4d4ae30c2b351279:shortest_hop_count__automatic__conservative_min:19:f08-resource-semantics,three_node,4d4ae30c2b351279,19,f08-resource-semantics,shortest_hop_count,automatic,False,a -> r -> b,2,10,30,0.6,conservative_min,0.6863749999999998,0.6863749999999998,0.0,0.0,0.05,0.01,1000.0,-1.0,True,True,,SATISFIED,35,5,1.1666666666666667,3.5,0.6863749999999998,0.6863749999999998,700.0,744.8959992167951,0.00236265001,0.04386136251,0.000239,1.206115,891,37,0,0,0,0,,,,f4343c314e5de5e01ee6970aaa14b5974c1b49ea,1f2680a5b9065e708a7497adc53a95b108029b98,3.13.14,2026-07-13T16:48:03.159614+00:00
