campaign,scenario,hop_count,reserved_memory_slots,duration_s,eg_attempts,eg_success,observed_attempt_rate,predicted_rate_m1,predicted_rate_m2,predicted_rate_m3,predicted_rate_m4,predicted_rate_m5,predicted_rate_m6,predicted_rate_m7,predicted_rate_m7.32,predicted_rate_m8,predicted_rate_m9,predicted_rate_m10,predicted_rate_m12,predicted_rate_m15
F02_routing,diamond_heterogeneous,2.0,10,0.1,2056.0,6.0,20560.0,100000.0,50000.0,33333.33333333333,25000.0,20000.0,16666.666666666664,14285.714285714286,13661.20218579235,12500.0,11111.11111111111,10000.0,8333.333333333332,6666.666666666667
F02_routing,diamond_heterogeneous,2.0,10,0.1,1987.0,8.0,19870.0,100000.0,50000.0,33333.33333333333,25000.0,20000.0,16666.666666666664,14285.714285714286,13661.20218579235,12500.0,11111.11111111111,10000.0,8333.333333333332,6666.666666666667
F02_routing,diamond_heterogeneous,2.0,10,0.1,2102.0,7.0,21020.0,100000.0,50000.0,33333.33333333333,25000.0,20000.0,16666.666666666664,14285.714285714286,13661.20218579235,12500.0,11111.11111111111,10000.0,8333.333333333332,6666.666666666667
F02_routing,diamond_heterogeneous,2.0,10,0.1,2088.0,14.0,20880.0,100000.0,50000.0,33333.33333333333,25000.0,20000.0,16666.666666666664,14285.714285714286,13661.20218579235,12500.0,11111.11111111111,10000.0,8333.333333333332,6666.666666666667
F02_routing,diamond_heterogeneous,2.0,10,0.1,1969.0,11.0,19690.0,100000.0,50000.0,33333.33333333333,25000.0,20000.0,16666.666666666664,14285.714285714286,13661.20218579235,12500.0,11111.11111111111,10000.0,8333.333333333332,6666.666666666667
F02_routing,diamond_heterogeneous,2.0,10,0.1,1815.0,5.0,18150.0,100000.0,50000.0,33333.33333333333,25000.0,20000.0,16666.666666666664,14285.714285714286,13661.20218579235,12500.0,11111.11111111111,10000.0,8333.333333333332,6666.666666666667
F02_routing,diamond_heterogeneous,2.0,10,0.1,2046.0,7.0,20460.0,100000.0,50000.0,33333.33333333333,25000.0,20000.0,16666.666666666664,14285.714285714286,13661.20218579235,12500.0,11111.11111111111,10000.0,8333.333333333332,6666.666666666667
F02_routing,diamond_heterogeneous,2.0,10,0.1,2037.0,9.0,20370.0,100000.0,50000.0,33333.33333333333,25000.0,20000.0,16666.666666666664,14285.714285714286,13661.20218579235,12500.0,11111.11111111111,10000.0,8333.333333333332,6666.666666666667
F02_routing,diamond_heterogeneous,2.0,10,0.1,2104.0,3.0,21040.0,100000.0,50000.0,33333.33333333333,25000.0,20000.0,16666.666666666664,14285.714285714286,13661.20218579235,12500.0,11111.11111111111,10000.0,8333.333333333332,6666.666666666667
F02_routing,diamond_heterogeneous,2.0,10,0.1,2098.0,8.0,20980.0,100000.0,50000.0,33333.33333333333,25000.0,20000.0,16666.666666666664,14285.714285714286,13661.20218579235,12500.0,11111.11111111111,10000.0,8333.333333333332,6666.666666666667
F02_routing,diamond_heterogeneous,2.0,10,0.1,2108.0,9.0,21080.0,100000.0,50000.0,33333.33333333333,25000.0,20000.0,16666.666666666664,14285.714285714286,13661.20218579235,12500.0,11111.11111111111,10000.0,8333.333333333332,6666.666666666667
F02_routing,diamond_heterogeneous,2.0,10,0.1,1447.0,14.0,14470.0,100000.0,50000.0,33333.33333333333,25000.0,20000.0,16666.666666666664,14285.714285714286,13661.20218579235,12500.0,11111.11111111111,10000.0,8333.333333333332,6666.666666666667
F02_routing,diamond_heterogeneous,2.0,10,0.1,2032.0,11.0,20320.0,100000.0,50000.0,33333.33333333333,25000.0,20000.0,16666.666666666664,14285.714285714286,13661.20218579235,12500.0,11111.11111111111,10000.0,8333.333333333332,6666.666666666667
F02_routing,diamond_heterogeneous,2.0,10,0.1,2021.0,9.0,20210.0,100000.0,50000.0,33333.33333333333,25000.0,20000.0,16666.666666666664,14285.714285714286,13661.20218579235,12500.0,11111.11111111111,10000.0,8333.333333333332,6666.666666666667
F02_routing,diamond_heterogeneous,2.0,10,0.1,2093.0,12.0,20930.0,100000.0,50000.0,33333.33333333333,25000.0,20000.0,16666.666666666664,14285.714285714286,13661.20218579235,12500.0,11111.11111111111,10000.0,8333.333333333332,6666.666666666667
F02_routing,diamond_heterogeneous,2.0,10,0.1,2062.0,9.0,20620.0,100000.0,50000.0,33333.33333333333,25000.0,20000.0,16666.666666666664,14285.714285714286,13661.20218579235,12500.0,11111.11111111111,10000.0,8333.333333333332,6666.666666666667
F02_routing,diamond_heterogeneous,2.0,10,0.1,2013.0,12.0,20130.0,100000.0,50000.0,33333.33333333333,25000.0,20000.0,16666.666666666664,14285.714285714286,13661.20218579235,12500.0,11111.11111111111,10000.0,8333.333333333332,6666.666666666667
F02_routing,diamond_heterogeneous,2.0,10,0.1,2004.0,6.0,20040.0,100000.0,50000.0,33333.33333333333,25000.0,20000.0,16666.666666666664,14285.714285714286,13661.20218579235,12500.0,11111.11111111111,10000.0,8333.333333333332,6666.666666666667
F02_routing,diamond_heterogeneous,2.0,10,0.1,2096.0,6.0,20960.0,100000.0,50000.0,33333.33333333333,25000.0,20000.0,16666.666666666664,14285.714285714286,13661.20218579235,12500.0,11111.11111111111,10000.0,8333.333333333332,6666.666666666667
F02_routing,diamond_heterogeneous,2.0,10,0.1,2109.0,8.0,21090.0,100000.0,50000.0,33333.33333333333,25000.0,20000.0,16666.666666666664,14285.714285714286,13661.20218579235,12500.0,11111.11111111111,10000.0,8333.333333333332,6666.666666666667
F02_routing,diamond_heterogeneous,3.0,10,0.1,1173.0,446.0,11730.0,100000.0,50000.0,33333.33333333333,25000.0,20000.0,16666.666666666664,14285.714285714286,13661.20218579235,12500.0,11111.11111111111,10000.0,8333.333333333332,6666.666666666667
F02_routing,diamond_heterogeneous,3.0,10,0.1,1183.0,441.0,11830.0,100000.0,50000.0,33333.33333333333,25000.0,20000.0,16666.666666666664,14285.714285714286,13661.20218579235,12500.0,11111.11111111111,10000.0,8333.333333333332,6666.666666666667
F02_routing,diamond_heterogeneous,3.0,10,0.1,1173.0,468.0,11730.0,100000.0,50000.0,33333.33333333333,25000.0,20000.0,16666.666666666664,14285.714285714286,13661.20218579235,12500.0,11111.11111111111,10000.0,8333.333333333332,6666.666666666667
F02_routing,diamond_heterogeneous,3.0,10,0.1,1176.0,448.0,11760.0,100000.0,50000.0,33333.33333333333,25000.0,20000.0,16666.666666666664,14285.714285714286,13661.20218579235,12500.0,11111.11111111111,10000.0,8333.333333333332,6666.666666666667
F02_routing,diamond_heterogeneous,3.0,10,0.1,1207.0,446.0,12070.0,100000.0,50000.0,33333.33333333333,25000.0,20000.0,16666.666666666664,14285.714285714286,13661.20218579235,12500.0,11111.11111111111,10000.0,8333.333333333332,6666.666666666667
F02_routing,diamond_heterogeneous,3.0,10,0.1,1206.0,438.0,12060.0,100000.0,50000.0,33333.33333333333,25000.0,20000.0,16666.666666666664,14285.714285714286,13661.20218579235,12500.0,11111.11111111111,10000.0,8333.333333333332,6666.666666666667
F02_routing,diamond_heterogeneous,3.0,10,0.1,1179.0,456.0,11790.0,100000.0,50000.0,33333.33333333333,25000.0,20000.0,16666.666666666664,14285.714285714286,13661.20218579235,12500.0,11111.11111111111,10000.0,8333.333333333332,6666.666666666667
F02_routing,diamond_heterogeneous,3.0,10,0.1,1226.0,439.0,12260.0,100000.0,50000.0,33333.33333333333,25000.0,20000.0,16666.666666666664,14285.714285714286,13661.20218579235,12500.0,11111.11111111111,10000.0,8333.333333333332,6666.666666666667
F02_routing,diamond_heterogeneous,3.0,10,0.1,1160.0,451.0,11600.0,100000.0,50000.0,33333.33333333333,25000.0,20000.0,16666.666666666664,14285.714285714286,13661.20218579235,12500.0,11111.11111111111,10000.0,8333.333333333332,6666.666666666667
F02_routing,diamond_heterogeneous,3.0,10,0.1,1230.0,435.0,12300.0,100000.0,50000.0,33333.33333333333,25000.0,20000.0,16666.666666666664,14285.714285714286,13661.20218579235,12500.0,11111.11111111111,10000.0,8333.333333333332,6666.666666666667
F02_routing,diamond_heterogeneous,3.0,10,0.1,1214.0,435.0,12140.0,100000.0,50000.0,33333.33333333333,25000.0,20000.0,16666.666666666664,14285.714285714286,13661.20218579235,12500.0,11111.11111111111,10000.0,8333.333333333332,6666.666666666667
F02_routing,diamond_heterogeneous,3.0,10,0.1,1184.0,449.0,11840.0,100000.0,50000.0,33333.33333333333,25000.0,20000.0,16666.666666666664,14285.714285714286,13661.20218579235,12500.0,11111.11111111111,10000.0,8333.333333333332,6666.666666666667
F02_routing,diamond_heterogeneous,3.0,10,0.1,1171.0,450.0,11710.0,100000.0,50000.0,33333.33333333333,25000.0,20000.0,16666.666666666664,14285.714285714286,13661.20218579235,12500.0,11111.11111111111,10000.0,8333.333333333332,6666.666666666667
F02_routing,diamond_heterogeneous,3.0,10,0.1,1198.0,443.0,11980.0,100000.0,50000.0,33333.33333333333,25000.0,20000.0,16666.666666666664,14285.714285714286,13661.20218579235,12500.0,11111.11111111111,10000.0,8333.333333333332,6666.666666666667
F02_routing,diamond_heterogeneous,3.0,10,0.1,1207.0,442.0,12070.0,100000.0,50000.0,33333.33333333333,25000.0,20000.0,16666.666666666664,14285.714285714286,13661.20218579235,12500.0,11111.11111111111,10000.0,8333.333333333332,6666.666666666667
F02_routing,diamond_heterogeneous,3.0,10,0.1,1176.0,453.0,11760.0,100000.0,50000.0,33333.33333333333,25000.0,20000.0,16666.666666666664,14285.714285714286,13661.20218579235,12500.0,11111.11111111111,10000.0,8333.333333333332,6666.666666666667
F02_routing,diamond_heterogeneous,3.0,10,0.1,1172.0,456.0,11720.0,100000.0,50000.0,33333.33333333333,25000.0,20000.0,16666.666666666664,14285.714285714286,13661.20218579235,12500.0,11111.11111111111,10000.0,8333.333333333332,6666.666666666667
F02_routing,diamond_heterogeneous,3.0,10,0.1,1163.0,460.0,11630.0,100000.0,50000.0,33333.33333333333,25000.0,20000.0,16666.666666666664,14285.714285714286,13661.20218579235,12500.0,11111.11111111111,10000.0,8333.333333333332,6666.666666666667
F02_routing,diamond_heterogeneous,3.0,10,0.1,1152.0,474.0,11520.0,100000.0,50000.0,33333.33333333333,25000.0,20000.0,16666.666666666664,14285.714285714286,13661.20218579235,12500.0,11111.11111111111,10000.0,8333.333333333332,6666.666666666667
F02_routing,diamond_heterogeneous,3.0,10,0.1,1150.0,460.0,11500.0,100000.0,50000.0,33333.33333333333,25000.0,20000.0,16666.666666666664,14285.714285714286,13661.20218579235,12500.0,11111.11111111111,10000.0,8333.333333333332,6666.666666666667
F02_routing,diamond_heterogeneous,2.0,10,0.1,2056.0,6.0,20560.0,100000.0,50000.0,33333.33333333333,25000.0,20000.0,16666.666666666664,14285.714285714286,13661.20218579235,12500.0,11111.11111111111,10000.0,8333.333333333332,6666.666666666667
F02_routing,diamond_heterogeneous,2.0,10,0.1,1987.0,8.0,19870.0,100000.0,50000.0,33333.33333333333,25000.0,20000.0,16666.666666666664,14285.714285714286,13661.20218579235,12500.0,11111.11111111111,10000.0,8333.333333333332,6666.666666666667
F02_routing,diamond_heterogeneous,2.0,10,0.1,2102.0,7.0,21020.0,100000.0,50000.0,33333.33333333333,25000.0,20000.0,16666.666666666664,14285.714285714286,13661.20218579235,12500.0,11111.11111111111,10000.0,8333.333333333332,6666.666666666667
F02_routing,diamond_heterogeneous,2.0,10,0.1,2088.0,14.0,20880.0,100000.0,50000.0,33333.33333333333,25000.0,20000.0,16666.666666666664,14285.714285714286,13661.20218579235,12500.0,11111.11111111111,10000.0,8333.333333333332,6666.666666666667
F02_routing,diamond_heterogeneous,2.0,10,0.1,1969.0,11.0,19690.0,100000.0,50000.0,33333.33333333333,25000.0,20000.0,16666.666666666664,14285.714285714286,13661.20218579235,12500.0,11111.11111111111,10000.0,8333.333333333332,6666.666666666667
F02_routing,diamond_heterogeneous,2.0,10,0.1,1815.0,5.0,18150.0,100000.0,50000.0,33333.33333333333,25000.0,20000.0,16666.666666666664,14285.714285714286,13661.20218579235,12500.0,11111.11111111111,10000.0,8333.333333333332,6666.666666666667
F02_routing,diamond_heterogeneous,2.0,10,0.1,2046.0,7.0,20460.0,100000.0,50000.0,33333.33333333333,25000.0,20000.0,16666.666666666664,14285.714285714286,13661.20218579235,12500.0,11111.11111111111,10000.0,8333.333333333332,6666.666666666667
F02_routing,diamond_heterogeneous,2.0,10,0.1,2037.0,9.0,20370.0,100000.0,50000.0,33333.33333333333,25000.0,20000.0,16666.666666666664,14285.714285714286,13661.20218579235,12500.0,11111.11111111111,10000.0,8333.333333333332,6666.666666666667
F02_routing,diamond_heterogeneous,2.0,10,0.1,2104.0,3.0,21040.0,100000.0,50000.0,33333.33333333333,25000.0,20000.0,16666.666666666664,14285.714285714286,13661.20218579235,12500.0,11111.11111111111,10000.0,8333.333333333332,6666.666666666667
F02_routing,diamond_heterogeneous,2.0,10,0.1,2098.0,8.0,20980.0,100000.0,50000.0,33333.33333333333,25000.0,20000.0,16666.666666666664,14285.714285714286,13661.20218579235,12500.0,11111.11111111111,10000.0,8333.333333333332,6666.666666666667
F02_routing,diamond_heterogeneous,2.0,10,0.1,2108.0,9.0,21080.0,100000.0,50000.0,33333.33333333333,25000.0,20000.0,16666.666666666664,14285.714285714286,13661.20218579235,12500.0,11111.11111111111,10000.0,8333.333333333332,6666.666666666667
F02_routing,diamond_heterogeneous,2.0,10,0.1,1447.0,14.0,14470.0,100000.0,50000.0,33333.33333333333,25000.0,20000.0,16666.666666666664,14285.714285714286,13661.20218579235,12500.0,11111.11111111111,10000.0,8333.333333333332,6666.666666666667
F02_routing,diamond_heterogeneous,2.0,10,0.1,2032.0,11.0,20320.0,100000.0,50000.0,33333.33333333333,25000.0,20000.0,16666.666666666664,14285.714285714286,13661.20218579235,12500.0,11111.11111111111,10000.0,8333.333333333332,6666.666666666667
F02_routing,diamond_heterogeneous,2.0,10,0.1,2021.0,9.0,20210.0,100000.0,50000.0,33333.33333333333,25000.0,20000.0,16666.666666666664,14285.714285714286,13661.20218579235,12500.0,11111.11111111111,10000.0,8333.333333333332,6666.666666666667
F02_routing,diamond_heterogeneous,2.0,10,0.1,2093.0,12.0,20930.0,100000.0,50000.0,33333.33333333333,25000.0,20000.0,16666.666666666664,14285.714285714286,13661.20218579235,12500.0,11111.11111111111,10000.0,8333.333333333332,6666.666666666667
F02_routing,diamond_heterogeneous,2.0,10,0.1,2062.0,9.0,20620.0,100000.0,50000.0,33333.33333333333,25000.0,20000.0,16666.666666666664,14285.714285714286,13661.20218579235,12500.0,11111.11111111111,10000.0,8333.333333333332,6666.666666666667
F02_routing,diamond_heterogeneous,2.0,10,0.1,2013.0,12.0,20130.0,100000.0,50000.0,33333.33333333333,25000.0,20000.0,16666.666666666664,14285.714285714286,13661.20218579235,12500.0,11111.11111111111,10000.0,8333.333333333332,6666.666666666667
F02_routing,diamond_heterogeneous,2.0,10,0.1,2004.0,6.0,20040.0,100000.0,50000.0,33333.33333333333,25000.0,20000.0,16666.666666666664,14285.714285714286,13661.20218579235,12500.0,11111.11111111111,10000.0,8333.333333333332,6666.666666666667
F02_routing,diamond_heterogeneous,2.0,10,0.1,2096.0,6.0,20960.0,100000.0,50000.0,33333.33333333333,25000.0,20000.0,16666.666666666664,14285.714285714286,13661.20218579235,12500.0,11111.11111111111,10000.0,8333.333333333332,6666.666666666667
F02_routing,diamond_heterogeneous,2.0,10,0.1,2109.0,8.0,21090.0,100000.0,50000.0,33333.33333333333,25000.0,20000.0,16666.666666666664,14285.714285714286,13661.20218579235,12500.0,11111.11111111111,10000.0,8333.333333333332,6666.666666666667
F02_routing,small_mesh,4.0,10,0.15,1890.0,693.0,12600.0,100000.0,50000.0,33333.33333333333,25000.0,20000.0,16666.666666666664,14285.714285714286,13661.20218579235,12500.0,11111.11111111111,10000.0,8333.333333333332,6666.666666666667
F02_routing,small_mesh,4.0,10,0.15,1870.0,706.0,12466.666666666668,100000.0,50000.0,33333.33333333333,25000.0,20000.0,16666.666666666664,14285.714285714286,13661.20218579235,12500.0,11111.11111111111,10000.0,8333.333333333332,6666.666666666667
F02_routing,small_mesh,4.0,10,0.15,1838.0,711.0,12253.333333333334,100000.0,50000.0,33333.33333333333,25000.0,20000.0,16666.666666666664,14285.714285714286,13661.20218579235,12500.0,11111.11111111111,10000.0,8333.333333333332,6666.666666666667
F02_routing,small_mesh,4.0,10,0.15,1927.0,697.0,12846.666666666668,100000.0,50000.0,33333.33333333333,25000.0,20000.0,16666.666666666664,14285.714285714286,13661.20218579235,12500.0,11111.11111111111,10000.0,8333.333333333332,6666.666666666667
F02_routing,small_mesh,4.0,10,0.15,1755.0,701.0,11700.0,100000.0,50000.0,33333.33333333333,25000.0,20000.0,16666.666666666664,14285.714285714286,13661.20218579235,12500.0,11111.11111111111,10000.0,8333.333333333332,6666.666666666667
F02_routing,small_mesh,4.0,10,0.15,1797.0,708.0,11980.0,100000.0,50000.0,33333.33333333333,25000.0,20000.0,16666.666666666664,14285.714285714286,13661.20218579235,12500.0,11111.11111111111,10000.0,8333.333333333332,6666.666666666667
F02_routing,small_mesh,4.0,10,0.15,1857.0,705.0,12380.0,100000.0,50000.0,33333.33333333333,25000.0,20000.0,16666.666666666664,14285.714285714286,13661.20218579235,12500.0,11111.11111111111,10000.0,8333.333333333332,6666.666666666667
F02_routing,small_mesh,4.0,10,0.15,1897.0,708.0,12646.666666666668,100000.0,50000.0,33333.33333333333,25000.0,20000.0,16666.666666666664,14285.714285714286,13661.20218579235,12500.0,11111.11111111111,10000.0,8333.333333333332,6666.666666666667
F02_routing,small_mesh,4.0,10,0.15,1774.0,706.0,11826.666666666668,100000.0,50000.0,33333.33333333333,25000.0,20000.0,16666.666666666664,14285.714285714286,13661.20218579235,12500.0,11111.11111111111,10000.0,8333.333333333332,6666.666666666667
F02_routing,small_mesh,4.0,10,0.15,1927.0,703.0,12846.666666666668,100000.0,50000.0,33333.33333333333,25000.0,20000.0,16666.666666666664,14285.714285714286,13661.20218579235,12500.0,11111.11111111111,10000.0,8333.333333333332,6666.666666666667
F02_routing,small_mesh,4.0,10,0.15,1886.0,691.0,12573.333333333334,100000.0,50000.0,33333.33333333333,25000.0,20000.0,16666.666666666664,14285.714285714286,13661.20218579235,12500.0,11111.11111111111,10000.0,8333.333333333332,6666.666666666667
F02_routing,small_mesh,4.0,10,0.15,1820.0,700.0,12133.333333333334,100000.0,50000.0,33333.33333333333,25000.0,20000.0,16666.666666666664,14285.714285714286,13661.20218579235,12500.0,11111.11111111111,10000.0,8333.333333333332,6666.666666666667
F02_routing,small_mesh,4.0,10,0.15,1809.0,695.0,12060.0,100000.0,50000.0,33333.33333333333,25000.0,20000.0,16666.666666666664,14285.714285714286,13661.20218579235,12500.0,11111.11111111111,10000.0,8333.333333333332,6666.666666666667
F02_routing,small_mesh,4.0,10,0.15,1824.0,705.0,12160.0,100000.0,50000.0,33333.33333333333,25000.0,20000.0,16666.666666666664,14285.714285714286,13661.20218579235,12500.0,11111.11111111111,10000.0,8333.333333333332,6666.666666666667
F02_routing,small_mesh,4.0,10,0.15,1819.0,706.0,12126.666666666668,100000.0,50000.0,33333.33333333333,25000.0,20000.0,16666.666666666664,14285.714285714286,13661.20218579235,12500.0,11111.11111111111,10000.0,8333.333333333332,6666.666666666667
F02_routing,small_mesh,4.0,10,0.15,1807.0,708.0,12046.666666666668,100000.0,50000.0,33333.33333333333,25000.0,20000.0,16666.666666666664,14285.714285714286,13661.20218579235,12500.0,11111.11111111111,10000.0,8333.333333333332,6666.666666666667
F02_routing,small_mesh,4.0,10,0.15,1825.0,694.0,12166.666666666668,100000.0,50000.0,33333.33333333333,25000.0,20000.0,16666.666666666664,14285.714285714286,13661.20218579235,12500.0,11111.11111111111,10000.0,8333.333333333332,6666.666666666667
F02_routing,small_mesh,4.0,10,0.15,1819.0,703.0,12126.666666666668,100000.0,50000.0,33333.33333333333,25000.0,20000.0,16666.666666666664,14285.714285714286,13661.20218579235,12500.0,11111.11111111111,10000.0,8333.333333333332,6666.666666666667
F02_routing,small_mesh,4.0,10,0.15,1963.0,698.0,13086.666666666668,100000.0,50000.0,33333.33333333333,25000.0,20000.0,16666.666666666664,14285.714285714286,13661.20218579235,12500.0,11111.11111111111,10000.0,8333.333333333332,6666.666666666667
F02_routing,small_mesh,4.0,10,0.15,1829.0,684.0,12193.333333333334,100000.0,50000.0,33333.33333333333,25000.0,20000.0,16666.666666666664,14285.714285714286,13661.20218579235,12500.0,11111.11111111111,10000.0,8333.333333333332,6666.666666666667
F02_routing,small_mesh,4.0,10,0.15,1826.0,709.0,12173.333333333334,100000.0,50000.0,33333.33333333333,25000.0,20000.0,16666.666666666664,14285.714285714286,13661.20218579235,12500.0,11111.11111111111,10000.0,8333.333333333332,6666.666666666667
F02_routing,small_mesh,4.0,10,0.15,1931.0,683.0,12873.333333333334,100000.0,50000.0,33333.33333333333,25000.0,20000.0,16666.666666666664,14285.714285714286,13661.20218579235,12500.0,11111.11111111111,10000.0,8333.333333333332,6666.666666666667
F02_routing,small_mesh,4.0,10,0.15,1783.0,717.0,11886.666666666668,100000.0,50000.0,33333.33333333333,25000.0,20000.0,16666.666666666664,14285.714285714286,13661.20218579235,12500.0,11111.11111111111,10000.0,8333.333333333332,6666.666666666667
F02_routing,small_mesh,4.0,10,0.15,1800.0,696.0,12000.0,100000.0,50000.0,33333.33333333333,25000.0,20000.0,16666.666666666664,14285.714285714286,13661.20218579235,12500.0,11111.11111111111,10000.0,8333.333333333332,6666.666666666667
F02_routing,small_mesh,4.0,10,0.15,1876.0,708.0,12506.666666666668,100000.0,50000.0,33333.33333333333,25000.0,20000.0,16666.666666666664,14285.714285714286,13661.20218579235,12500.0,11111.11111111111,10000.0,8333.333333333332,6666.666666666667
F02_routing,small_mesh,4.0,10,0.15,1814.0,703.0,12093.333333333334,100000.0,50000.0,33333.33333333333,25000.0,20000.0,16666.666666666664,14285.714285714286,13661.20218579235,12500.0,11111.11111111111,10000.0,8333.333333333332,6666.666666666667
F02_routing,small_mesh,4.0,10,0.15,1871.0,695.0,12473.333333333334,100000.0,50000.0,33333.33333333333,25000.0,20000.0,16666.666666666664,14285.714285714286,13661.20218579235,12500.0,11111.11111111111,10000.0,8333.333333333332,6666.666666666667
F02_routing,small_mesh,4.0,10,0.15,1816.0,699.0,12106.666666666668,100000.0,50000.0,33333.33333333333,25000.0,20000.0,16666.666666666664,14285.714285714286,13661.20218579235,12500.0,11111.11111111111,10000.0,8333.333333333332,6666.666666666667
F02_routing,small_mesh,4.0,10,0.15,1856.0,690.0,12373.333333333334,100000.0,50000.0,33333.33333333333,25000.0,20000.0,16666.666666666664,14285.714285714286,13661.20218579235,12500.0,11111.11111111111,10000.0,8333.333333333332,6666.666666666667
F02_routing,small_mesh,4.0,10,0.15,1860.0,701.0,12400.0,100000.0,50000.0,33333.33333333333,25000.0,20000.0,16666.666666666664,14285.714285714286,13661.20218579235,12500.0,11111.11111111111,10000.0,8333.333333333332,6666.666666666667
F02_routing,small_mesh,4.0,10,0.15,1891.0,701.0,12606.666666666668,100000.0,50000.0,33333.33333333333,25000.0,20000.0,16666.666666666664,14285.714285714286,13661.20218579235,12500.0,11111.11111111111,10000.0,8333.333333333332,6666.666666666667
F02_routing,small_mesh,4.0,10,0.15,1810.0,706.0,12066.666666666668,100000.0,50000.0,33333.33333333333,25000.0,20000.0,16666.666666666664,14285.714285714286,13661.20218579235,12500.0,11111.11111111111,10000.0,8333.333333333332,6666.666666666667
F02_routing,small_mesh,4.0,10,0.15,1866.0,695.0,12440.0,100000.0,50000.0,33333.33333333333,25000.0,20000.0,16666.666666666664,14285.714285714286,13661.20218579235,12500.0,11111.11111111111,10000.0,8333.333333333332,6666.666666666667
F02_routing,small_mesh,4.0,10,0.15,1888.0,704.0,12586.666666666668,100000.0,50000.0,33333.33333333333,25000.0,20000.0,16666.666666666664,14285.714285714286,13661.20218579235,12500.0,11111.11111111111,10000.0,8333.333333333332,6666.666666666667
F02_routing,small_mesh,4.0,10,0.15,1853.0,706.0,12353.333333333334,100000.0,50000.0,33333.33333333333,25000.0,20000.0,16666.666666666664,14285.714285714286,13661.20218579235,12500.0,11111.11111111111,10000.0,8333.333333333332,6666.666666666667
F02_routing,small_mesh,4.0,10,0.15,1877.0,694.0,12513.333333333334,100000.0,50000.0,33333.33333333333,25000.0,20000.0,16666.666666666664,14285.714285714286,13661.20218579235,12500.0,11111.11111111111,10000.0,8333.333333333332,6666.666666666667
F02_routing,small_mesh,4.0,10,0.15,1862.0,701.0,12413.333333333334,100000.0,50000.0,33333.33333333333,25000.0,20000.0,16666.666666666664,14285.714285714286,13661.20218579235,12500.0,11111.11111111111,10000.0,8333.333333333332,6666.666666666667
F02_routing,small_mesh,4.0,10,0.15,1853.0,700.0,12353.333333333334,100000.0,50000.0,33333.33333333333,25000.0,20000.0,16666.666666666664,14285.714285714286,13661.20218579235,12500.0,11111.11111111111,10000.0,8333.333333333332,6666.666666666667
F02_routing,small_mesh,4.0,10,0.15,1848.0,694.0,12320.0,100000.0,50000.0,33333.33333333333,25000.0,20000.0,16666.666666666664,14285.714285714286,13661.20218579235,12500.0,11111.11111111111,10000.0,8333.333333333332,6666.666666666667
F02_routing,small_mesh,4.0,10,0.15,1850.0,701.0,12333.333333333334,100000.0,50000.0,33333.33333333333,25000.0,20000.0,16666.666666666664,14285.714285714286,13661.20218579235,12500.0,11111.11111111111,10000.0,8333.333333333332,6666.666666666667
F02_routing,small_mesh,4.0,10,0.15,1890.0,693.0,12600.0,100000.0,50000.0,33333.33333333333,25000.0,20000.0,16666.666666666664,14285.714285714286,13661.20218579235,12500.0,11111.11111111111,10000.0,8333.333333333332,6666.666666666667
F02_routing,small_mesh,4.0,10,0.15,1870.0,706.0,12466.666666666668,100000.0,50000.0,33333.33333333333,25000.0,20000.0,16666.666666666664,14285.714285714286,13661.20218579235,12500.0,11111.11111111111,10000.0,8333.333333333332,6666.666666666667
F02_routing,small_mesh,4.0,10,0.15,1838.0,711.0,12253.333333333334,100000.0,50000.0,33333.33333333333,25000.0,20000.0,16666.666666666664,14285.714285714286,13661.20218579235,12500.0,11111.11111111111,10000.0,8333.333333333332,6666.666666666667
F02_routing,small_mesh,4.0,10,0.15,1927.0,697.0,12846.666666666668,100000.0,50000.0,33333.33333333333,25000.0,20000.0,16666.666666666664,14285.714285714286,13661.20218579235,12500.0,11111.11111111111,10000.0,8333.333333333332,6666.666666666667
F02_routing,small_mesh,4.0,10,0.15,1755.0,701.0,11700.0,100000.0,50000.0,33333.33333333333,25000.0,20000.0,16666.666666666664,14285.714285714286,13661.20218579235,12500.0,11111.11111111111,10000.0,8333.333333333332,6666.666666666667
F02_routing,small_mesh,4.0,10,0.15,1797.0,708.0,11980.0,100000.0,50000.0,33333.33333333333,25000.0,20000.0,16666.666666666664,14285.714285714286,13661.20218579235,12500.0,11111.11111111111,10000.0,8333.333333333332,6666.666666666667
F02_routing,small_mesh,4.0,10,0.15,1857.0,705.0,12380.0,100000.0,50000.0,33333.33333333333,25000.0,20000.0,16666.666666666664,14285.714285714286,13661.20218579235,12500.0,11111.11111111111,10000.0,8333.333333333332,6666.666666666667
F02_routing,small_mesh,4.0,10,0.15,1897.0,708.0,12646.666666666668,100000.0,50000.0,33333.33333333333,25000.0,20000.0,16666.666666666664,14285.714285714286,13661.20218579235,12500.0,11111.11111111111,10000.0,8333.333333333332,6666.666666666667
F02_routing,small_mesh,4.0,10,0.15,1774.0,706.0,11826.666666666668,100000.0,50000.0,33333.33333333333,25000.0,20000.0,16666.666666666664,14285.714285714286,13661.20218579235,12500.0,11111.11111111111,10000.0,8333.333333333332,6666.666666666667
F02_routing,small_mesh,4.0,10,0.15,1927.0,703.0,12846.666666666668,100000.0,50000.0,33333.33333333333,25000.0,20000.0,16666.666666666664,14285.714285714286,13661.20218579235,12500.0,11111.11111111111,10000.0,8333.333333333332,6666.666666666667
F02_routing,small_mesh,4.0,10,0.15,1886.0,691.0,12573.333333333334,100000.0,50000.0,33333.33333333333,25000.0,20000.0,16666.666666666664,14285.714285714286,13661.20218579235,12500.0,11111.11111111111,10000.0,8333.333333333332,6666.666666666667
F02_routing,small_mesh,4.0,10,0.15,1820.0,700.0,12133.333333333334,100000.0,50000.0,33333.33333333333,25000.0,20000.0,16666.666666666664,14285.714285714286,13661.20218579235,12500.0,11111.11111111111,10000.0,8333.333333333332,6666.666666666667
F02_routing,small_mesh,4.0,10,0.15,1809.0,695.0,12060.0,100000.0,50000.0,33333.33333333333,25000.0,20000.0,16666.666666666664,14285.714285714286,13661.20218579235,12500.0,11111.11111111111,10000.0,8333.333333333332,6666.666666666667
F02_routing,small_mesh,4.0,10,0.15,1824.0,705.0,12160.0,100000.0,50000.0,33333.33333333333,25000.0,20000.0,16666.666666666664,14285.714285714286,13661.20218579235,12500.0,11111.11111111111,10000.0,8333.333333333332,6666.666666666667
F02_routing,small_mesh,4.0,10,0.15,1819.0,706.0,12126.666666666668,100000.0,50000.0,33333.33333333333,25000.0,20000.0,16666.666666666664,14285.714285714286,13661.20218579235,12500.0,11111.11111111111,10000.0,8333.333333333332,6666.666666666667
F02_routing,small_mesh,4.0,10,0.15,1807.0,708.0,12046.666666666668,100000.0,50000.0,33333.33333333333,25000.0,20000.0,16666.666666666664,14285.714285714286,13661.20218579235,12500.0,11111.11111111111,10000.0,8333.333333333332,6666.666666666667
F02_routing,small_mesh,4.0,10,0.15,1825.0,694.0,12166.666666666668,100000.0,50000.0,33333.33333333333,25000.0,20000.0,16666.666666666664,14285.714285714286,13661.20218579235,12500.0,11111.11111111111,10000.0,8333.333333333332,6666.666666666667
F02_routing,small_mesh,4.0,10,0.15,1819.0,703.0,12126.666666666668,100000.0,50000.0,33333.33333333333,25000.0,20000.0,16666.666666666664,14285.714285714286,13661.20218579235,12500.0,11111.11111111111,10000.0,8333.333333333332,6666.666666666667
F02_routing,small_mesh,4.0,10,0.15,1963.0,698.0,13086.666666666668,100000.0,50000.0,33333.33333333333,25000.0,20000.0,16666.666666666664,14285.714285714286,13661.20218579235,12500.0,11111.11111111111,10000.0,8333.333333333332,6666.666666666667
F02_routing,small_mesh,4.0,10,0.15,1829.0,684.0,12193.333333333334,100000.0,50000.0,33333.33333333333,25000.0,20000.0,16666.666666666664,14285.714285714286,13661.20218579235,12500.0,11111.11111111111,10000.0,8333.333333333332,6666.666666666667
F03_purification,three_node_1_repeater,2.0,10,0.1,1456.0,504.0,14560.0,100000.0,50000.0,33333.33333333333,25000.0,20000.0,16666.666666666664,14285.714285714286,13661.20218579235,12500.0,11111.11111111111,10000.0,8333.333333333332,6666.666666666667
F03_purification,three_node_1_repeater,2.0,10,0.1,1433.0,511.0,14330.0,100000.0,50000.0,33333.33333333333,25000.0,20000.0,16666.666666666664,14285.714285714286,13661.20218579235,12500.0,11111.11111111111,10000.0,8333.333333333332,6666.666666666667
F03_purification,three_node_1_repeater,2.0,10,0.1,1334.0,506.0,13340.0,100000.0,50000.0,33333.33333333333,25000.0,20000.0,16666.666666666664,14285.714285714286,13661.20218579235,12500.0,11111.11111111111,10000.0,8333.333333333332,6666.666666666667
F03_purification,three_node_1_repeater,2.0,10,0.1,1391.0,493.0,13910.0,100000.0,50000.0,33333.33333333333,25000.0,20000.0,16666.666666666664,14285.714285714286,13661.20218579235,12500.0,11111.11111111111,10000.0,8333.333333333332,6666.666666666667
F03_purification,three_node_1_repeater,2.0,10,0.1,1378.0,489.0,13780.0,100000.0,50000.0,33333.33333333333,25000.0,20000.0,16666.666666666664,14285.714285714286,13661.20218579235,12500.0,11111.11111111111,10000.0,8333.333333333332,6666.666666666667
F03_purification,three_node_1_repeater,2.0,10,0.1,1443.0,468.0,14430.0,100000.0,50000.0,33333.33333333333,25000.0,20000.0,16666.666666666664,14285.714285714286,13661.20218579235,12500.0,11111.11111111111,10000.0,8333.333333333332,6666.666666666667
F03_purification,three_node_1_repeater,2.0,10,0.1,1383.0,491.0,13830.0,100000.0,50000.0,33333.33333333333,25000.0,20000.0,16666.666666666664,14285.714285714286,13661.20218579235,12500.0,11111.11111111111,10000.0,8333.333333333332,6666.666666666667
F03_purification,three_node_1_repeater,2.0,10,0.1,1320.0,508.0,13200.0,100000.0,50000.0,33333.33333333333,25000.0,20000.0,16666.666666666664,14285.714285714286,13661.20218579235,12500.0,11111.11111111111,10000.0,8333.333333333332,6666.666666666667
F03_purification,three_node_1_repeater,2.0,10,0.1,1316.0,504.0,13160.0,100000.0,50000.0,33333.33333333333,25000.0,20000.0,16666.666666666664,14285.714285714286,13661.20218579235,12500.0,11111.11111111111,10000.0,8333.333333333332,6666.666666666667
F03_purification,three_node_1_repeater,2.0,10,0.1,1386.0,486.0,13860.0,100000.0,50000.0,33333.33333333333,25000.0,20000.0,16666.666666666664,14285.714285714286,13661.20218579235,12500.0,11111.11111111111,10000.0,8333.333333333332,6666.666666666667
F03_purification,three_node_1_repeater,2.0,10,0.1,1375.0,492.0,13750.0,100000.0,50000.0,33333.33333333333,25000.0,20000.0,16666.666666666664,14285.714285714286,13661.20218579235,12500.0,11111.11111111111,10000.0,8333.333333333332,6666.666666666667
F03_purification,three_node_1_repeater,2.0,10,0.1,1380.0,501.0,13800.0,100000.0,50000.0,33333.33333333333,25000.0,20000.0,16666.666666666664,14285.714285714286,13661.20218579235,12500.0,11111.11111111111,10000.0,8333.333333333332,6666.666666666667
F03_purification,three_node_1_repeater,2.0,10,0.1,1413.0,495.0,14130.0,100000.0,50000.0,33333.33333333333,25000.0,20000.0,16666.666666666664,14285.714285714286,13661.20218579235,12500.0,11111.11111111111,10000.0,8333.333333333332,6666.666666666667
F03_purification,three_node_1_repeater,2.0,10,0.1,1379.0,499.0,13790.0,100000.0,50000.0,33333.33333333333,25000.0,20000.0,16666.666666666664,14285.714285714286,13661.20218579235,12500.0,11111.11111111111,10000.0,8333.333333333332,6666.666666666667
F03_purification,three_node_1_repeater,2.0,10,0.1,1350.0,505.0,13500.0,100000.0,50000.0,33333.33333333333,25000.0,20000.0,16666.666666666664,14285.714285714286,13661.20218579235,12500.0,11111.11111111111,10000.0,8333.333333333332,6666.666666666667
F03_purification,three_node_1_repeater,2.0,10,0.1,1387.0,517.0,13870.0,100000.0,50000.0,33333.33333333333,25000.0,20000.0,16666.666666666664,14285.714285714286,13661.20218579235,12500.0,11111.11111111111,10000.0,8333.333333333332,6666.666666666667
F03_purification,three_node_1_repeater,2.0,10,0.1,1330.0,507.0,13300.0,100000.0,50000.0,33333.33333333333,25000.0,20000.0,16666.666666666664,14285.714285714286,13661.20218579235,12500.0,11111.11111111111,10000.0,8333.333333333332,6666.666666666667
F03_purification,three_node_1_repeater,2.0,10,0.1,1371.0,478.0,13710.0,100000.0,50000.0,33333.33333333333,25000.0,20000.0,16666.666666666664,14285.714285714286,13661.20218579235,12500.0,11111.11111111111,10000.0,8333.333333333332,6666.666666666667
F03_purification,three_node_1_repeater,2.0,10,0.1,1396.0,507.0,13960.0,100000.0,50000.0,33333.33333333333,25000.0,20000.0,16666.666666666664,14285.714285714286,13661.20218579235,12500.0,11111.11111111111,10000.0,8333.333333333332,6666.666666666667
F03_purification,three_node_1_repeater,2.0,10,0.1,1417.0,525.0,14170.0,100000.0,50000.0,33333.33333333333,25000.0,20000.0,16666.666666666664,14285.714285714286,13661.20218579235,12500.0,11111.11111111111,10000.0,8333.333333333332,6666.666666666667
F03_purification,three_node_1_repeater,2.0,10,0.1,1456.0,504.0,14560.0,100000.0,50000.0,33333.33333333333,25000.0,20000.0,16666.666666666664,14285.714285714286,13661.20218579235,12500.0,11111.11111111111,10000.0,8333.333333333332,6666.666666666667
F03_purification,three_node_1_repeater,2.0,10,0.1,1433.0,511.0,14330.0,100000.0,50000.0,33333.33333333333,25000.0,20000.0,16666.666666666664,14285.714285714286,13661.20218579235,12500.0,11111.11111111111,10000.0,8333.333333333332,6666.666666666667
F03_purification,three_node_1_repeater,2.0,10,0.1,1334.0,506.0,13340.0,100000.0,50000.0,33333.33333333333,25000.0,20000.0,16666.666666666664,14285.714285714286,13661.20218579235,12500.0,11111.11111111111,10000.0,8333.333333333332,6666.666666666667
F03_purification,three_node_1_repeater,2.0,10,0.1,1391.0,493.0,13910.0,100000.0,50000.0,33333.33333333333,25000.0,20000.0,16666.666666666664,14285.714285714286,13661.20218579235,12500.0,11111.11111111111,10000.0,8333.333333333332,6666.666666666667
F03_purification,three_node_1_repeater,2.0,10,0.1,1378.0,489.0,13780.0,100000.0,50000.0,33333.33333333333,25000.0,20000.0,16666.666666666664,14285.714285714286,13661.20218579235,12500.0,11111.11111111111,10000.0,8333.333333333332,6666.666666666667
F03_purification,three_node_1_repeater,2.0,10,0.1,1443.0,468.0,14430.0,100000.0,50000.0,33333.33333333333,25000.0,20000.0,16666.666666666664,14285.714285714286,13661.20218579235,12500.0,11111.11111111111,10000.0,8333.333333333332,6666.666666666667
F03_purification,three_node_1_repeater,2.0,10,0.1,1383.0,491.0,13830.0,100000.0,50000.0,33333.33333333333,25000.0,20000.0,16666.666666666664,14285.714285714286,13661.20218579235,12500.0,11111.11111111111,10000.0,8333.333333333332,6666.666666666667
F03_purification,three_node_1_repeater,2.0,10,0.1,1320.0,508.0,13200.0,100000.0,50000.0,33333.33333333333,25000.0,20000.0,16666.666666666664,14285.714285714286,13661.20218579235,12500.0,11111.11111111111,10000.0,8333.333333333332,6666.666666666667
F03_purification,three_node_1_repeater,2.0,10,0.1,1316.0,504.0,13160.0,100000.0,50000.0,33333.33333333333,25000.0,20000.0,16666.666666666664,14285.714285714286,13661.20218579235,12500.0,11111.11111111111,10000.0,8333.333333333332,6666.666666666667
F03_purification,three_node_1_repeater,2.0,10,0.1,1386.0,486.0,13860.0,100000.0,50000.0,33333.33333333333,25000.0,20000.0,16666.666666666664,14285.714285714286,13661.20218579235,12500.0,11111.11111111111,10000.0,8333.333333333332,6666.666666666667
F03_purification,three_node_1_repeater,2.0,10,0.1,1375.0,492.0,13750.0,100000.0,50000.0,33333.33333333333,25000.0,20000.0,16666.666666666664,14285.714285714286,13661.20218579235,12500.0,11111.11111111111,10000.0,8333.333333333332,6666.666666666667
F03_purification,three_node_1_repeater,2.0,10,0.1,1380.0,501.0,13800.0,100000.0,50000.0,33333.33333333333,25000.0,20000.0,16666.666666666664,14285.714285714286,13661.20218579235,12500.0,11111.11111111111,10000.0,8333.333333333332,6666.666666666667
F03_purification,three_node_1_repeater,2.0,10,0.1,1413.0,495.0,14130.0,100000.0,50000.0,33333.33333333333,25000.0,20000.0,16666.666666666664,14285.714285714286,13661.20218579235,12500.0,11111.11111111111,10000.0,8333.333333333332,6666.666666666667
F03_purification,three_node_1_repeater,2.0,10,0.1,1379.0,499.0,13790.0,100000.0,50000.0,33333.33333333333,25000.0,20000.0,16666.666666666664,14285.714285714286,13661.20218579235,12500.0,11111.11111111111,10000.0,8333.333333333332,6666.666666666667
F03_purification,three_node_1_repeater,2.0,10,0.1,1350.0,505.0,13500.0,100000.0,50000.0,33333.33333333333,25000.0,20000.0,16666.666666666664,14285.714285714286,13661.20218579235,12500.0,11111.11111111111,10000.0,8333.333333333332,6666.666666666667
F03_purification,three_node_1_repeater,2.0,10,0.1,1387.0,517.0,13870.0,100000.0,50000.0,33333.33333333333,25000.0,20000.0,16666.666666666664,14285.714285714286,13661.20218579235,12500.0,11111.11111111111,10000.0,8333.333333333332,6666.666666666667
F03_purification,three_node_1_repeater,2.0,10,0.1,1330.0,507.0,13300.0,100000.0,50000.0,33333.33333333333,25000.0,20000.0,16666.666666666664,14285.714285714286,13661.20218579235,12500.0,11111.11111111111,10000.0,8333.333333333332,6666.666666666667
F03_purification,three_node_1_repeater,2.0,10,0.1,1371.0,478.0,13710.0,100000.0,50000.0,33333.33333333333,25000.0,20000.0,16666.666666666664,14285.714285714286,13661.20218579235,12500.0,11111.11111111111,10000.0,8333.333333333332,6666.666666666667
F03_purification,three_node_1_repeater,2.0,10,0.1,1396.0,507.0,13960.0,100000.0,50000.0,33333.33333333333,25000.0,20000.0,16666.666666666664,14285.714285714286,13661.20218579235,12500.0,11111.11111111111,10000.0,8333.333333333332,6666.666666666667
F03_purification,three_node_1_repeater,2.0,10,0.1,1417.0,525.0,14170.0,100000.0,50000.0,33333.33333333333,25000.0,20000.0,16666.666666666664,14285.714285714286,13661.20218579235,12500.0,11111.11111111111,10000.0,8333.333333333332,6666.666666666667
F03_purification,three_node_1_repeater,2.0,10,0.1,1262.0,393.0,12620.0,100000.0,50000.0,33333.33333333333,25000.0,20000.0,16666.666666666664,14285.714285714286,13661.20218579235,12500.0,11111.11111111111,10000.0,8333.333333333332,6666.666666666667
F03_purification,three_node_1_repeater,2.0,10,0.1,1261.0,416.0,12610.0,100000.0,50000.0,33333.33333333333,25000.0,20000.0,16666.666666666664,14285.714285714286,13661.20218579235,12500.0,11111.11111111111,10000.0,8333.333333333332,6666.666666666667
F03_purification,three_node_1_repeater,2.0,10,0.1,1256.0,408.0,12560.0,100000.0,50000.0,33333.33333333333,25000.0,20000.0,16666.666666666664,14285.714285714286,13661.20218579235,12500.0,11111.11111111111,10000.0,8333.333333333332,6666.666666666667
F03_purification,three_node_1_repeater,2.0,10,0.1,1257.0,411.0,12570.0,100000.0,50000.0,33333.33333333333,25000.0,20000.0,16666.666666666664,14285.714285714286,13661.20218579235,12500.0,11111.11111111111,10000.0,8333.333333333332,6666.666666666667
F03_purification,three_node_1_repeater,2.0,10,0.1,1242.0,418.0,12420.0,100000.0,50000.0,33333.33333333333,25000.0,20000.0,16666.666666666664,14285.714285714286,13661.20218579235,12500.0,11111.11111111111,10000.0,8333.333333333332,6666.666666666667
F03_purification,three_node_1_repeater,2.0,10,0.1,1328.0,421.0,13280.0,100000.0,50000.0,33333.33333333333,25000.0,20000.0,16666.666666666664,14285.714285714286,13661.20218579235,12500.0,11111.11111111111,10000.0,8333.333333333332,6666.666666666667
F03_purification,three_node_1_repeater,2.0,10,0.1,1204.0,405.0,12040.0,100000.0,50000.0,33333.33333333333,25000.0,20000.0,16666.666666666664,14285.714285714286,13661.20218579235,12500.0,11111.11111111111,10000.0,8333.333333333332,6666.666666666667
F03_purification,three_node_1_repeater,2.0,10,0.1,1248.0,398.0,12480.0,100000.0,50000.0,33333.33333333333,25000.0,20000.0,16666.666666666664,14285.714285714286,13661.20218579235,12500.0,11111.11111111111,10000.0,8333.333333333332,6666.666666666667
F03_purification,three_node_1_repeater,2.0,10,0.1,1203.0,406.0,12030.0,100000.0,50000.0,33333.33333333333,25000.0,20000.0,16666.666666666664,14285.714285714286,13661.20218579235,12500.0,11111.11111111111,10000.0,8333.333333333332,6666.666666666667
F03_purification,three_node_1_repeater,2.0,10,0.1,1274.0,418.0,12740.0,100000.0,50000.0,33333.33333333333,25000.0,20000.0,16666.666666666664,14285.714285714286,13661.20218579235,12500.0,11111.11111111111,10000.0,8333.333333333332,6666.666666666667
F03_purification,three_node_1_repeater,2.0,10,0.1,1219.0,412.0,12190.0,100000.0,50000.0,33333.33333333333,25000.0,20000.0,16666.666666666664,14285.714285714286,13661.20218579235,12500.0,11111.11111111111,10000.0,8333.333333333332,6666.666666666667
F03_purification,three_node_1_repeater,2.0,10,0.1,1344.0,412.0,13440.0,100000.0,50000.0,33333.33333333333,25000.0,20000.0,16666.666666666664,14285.714285714286,13661.20218579235,12500.0,11111.11111111111,10000.0,8333.333333333332,6666.666666666667
F03_purification,three_node_1_repeater,2.0,10,0.1,1205.0,401.0,12050.0,100000.0,50000.0,33333.33333333333,25000.0,20000.0,16666.666666666664,14285.714285714286,13661.20218579235,12500.0,11111.11111111111,10000.0,8333.333333333332,6666.666666666667
F03_purification,three_node_1_repeater,2.0,10,0.1,1291.0,412.0,12910.0,100000.0,50000.0,33333.33333333333,25000.0,20000.0,16666.666666666664,14285.714285714286,13661.20218579235,12500.0,11111.11111111111,10000.0,8333.333333333332,6666.666666666667
F03_purification,three_node_1_repeater,2.0,10,0.1,1212.0,399.0,12120.0,100000.0,50000.0,33333.33333333333,25000.0,20000.0,16666.666666666664,14285.714285714286,13661.20218579235,12500.0,11111.11111111111,10000.0,8333.333333333332,6666.666666666667
F03_purification,three_node_1_repeater,2.0,10,0.1,1276.0,410.0,12760.0,100000.0,50000.0,33333.33333333333,25000.0,20000.0,16666.666666666664,14285.714285714286,13661.20218579235,12500.0,11111.11111111111,10000.0,8333.333333333332,6666.666666666667
F03_purification,three_node_1_repeater,2.0,10,0.1,1290.0,427.0,12900.0,100000.0,50000.0,33333.33333333333,25000.0,20000.0,16666.666666666664,14285.714285714286,13661.20218579235,12500.0,11111.11111111111,10000.0,8333.333333333332,6666.666666666667
F03_purification,three_node_1_repeater,2.0,10,0.1,1307.0,411.0,13070.0,100000.0,50000.0,33333.33333333333,25000.0,20000.0,16666.666666666664,14285.714285714286,13661.20218579235,12500.0,11111.11111111111,10000.0,8333.333333333332,6666.666666666667
F03_purification,three_node_1_repeater,2.0,10,0.1,1222.0,414.0,12220.0,100000.0,50000.0,33333.33333333333,25000.0,20000.0,16666.666666666664,14285.714285714286,13661.20218579235,12500.0,11111.11111111111,10000.0,8333.333333333332,6666.666666666667
F03_purification,three_node_1_repeater,2.0,10,0.1,1339.0,412.0,13390.0,100000.0,50000.0,33333.33333333333,25000.0,20000.0,16666.666666666664,14285.714285714286,13661.20218579235,12500.0,11111.11111111111,10000.0,8333.333333333332,6666.666666666667
F03_purification,three_node_1_repeater,2.0,10,0.1,1262.0,393.0,12620.0,100000.0,50000.0,33333.33333333333,25000.0,20000.0,16666.666666666664,14285.714285714286,13661.20218579235,12500.0,11111.11111111111,10000.0,8333.333333333332,6666.666666666667
F03_purification,three_node_1_repeater,2.0,10,0.1,1261.0,416.0,12610.0,100000.0,50000.0,33333.33333333333,25000.0,20000.0,16666.666666666664,14285.714285714286,13661.20218579235,12500.0,11111.11111111111,10000.0,8333.333333333332,6666.666666666667
F03_purification,three_node_1_repeater,2.0,10,0.1,1256.0,408.0,12560.0,100000.0,50000.0,33333.33333333333,25000.0,20000.0,16666.666666666664,14285.714285714286,13661.20218579235,12500.0,11111.11111111111,10000.0,8333.333333333332,6666.666666666667
F03_purification,three_node_1_repeater,2.0,10,0.1,1257.0,411.0,12570.0,100000.0,50000.0,33333.33333333333,25000.0,20000.0,16666.666666666664,14285.714285714286,13661.20218579235,12500.0,11111.11111111111,10000.0,8333.333333333332,6666.666666666667
F03_purification,three_node_1_repeater,2.0,10,0.1,1242.0,418.0,12420.0,100000.0,50000.0,33333.33333333333,25000.0,20000.0,16666.666666666664,14285.714285714286,13661.20218579235,12500.0,11111.11111111111,10000.0,8333.333333333332,6666.666666666667
F03_purification,three_node_1_repeater,2.0,10,0.1,1328.0,421.0,13280.0,100000.0,50000.0,33333.33333333333,25000.0,20000.0,16666.666666666664,14285.714285714286,13661.20218579235,12500.0,11111.11111111111,10000.0,8333.333333333332,6666.666666666667
F03_purification,three_node_1_repeater,2.0,10,0.1,1204.0,405.0,12040.0,100000.0,50000.0,33333.33333333333,25000.0,20000.0,16666.666666666664,14285.714285714286,13661.20218579235,12500.0,11111.11111111111,10000.0,8333.333333333332,6666.666666666667
F03_purification,three_node_1_repeater,2.0,10,0.1,1248.0,398.0,12480.0,100000.0,50000.0,33333.33333333333,25000.0,20000.0,16666.666666666664,14285.714285714286,13661.20218579235,12500.0,11111.11111111111,10000.0,8333.333333333332,6666.666666666667
F03_purification,three_node_1_repeater,2.0,10,0.1,1203.0,406.0,12030.0,100000.0,50000.0,33333.33333333333,25000.0,20000.0,16666.666666666664,14285.714285714286,13661.20218579235,12500.0,11111.11111111111,10000.0,8333.333333333332,6666.666666666667
F03_purification,three_node_1_repeater,2.0,10,0.1,1274.0,418.0,12740.0,100000.0,50000.0,33333.33333333333,25000.0,20000.0,16666.666666666664,14285.714285714286,13661.20218579235,12500.0,11111.11111111111,10000.0,8333.333333333332,6666.666666666667
F03_purification,three_node_1_repeater,2.0,10,0.1,1219.0,412.0,12190.0,100000.0,50000.0,33333.33333333333,25000.0,20000.0,16666.666666666664,14285.714285714286,13661.20218579235,12500.0,11111.11111111111,10000.0,8333.333333333332,6666.666666666667
F03_purification,three_node_1_repeater,2.0,10,0.1,1344.0,412.0,13440.0,100000.0,50000.0,33333.33333333333,25000.0,20000.0,16666.666666666664,14285.714285714286,13661.20218579235,12500.0,11111.11111111111,10000.0,8333.333333333332,6666.666666666667
F03_purification,three_node_1_repeater,2.0,10,0.1,1205.0,401.0,12050.0,100000.0,50000.0,33333.33333333333,25000.0,20000.0,16666.666666666664,14285.714285714286,13661.20218579235,12500.0,11111.11111111111,10000.0,8333.333333333332,6666.666666666667
F03_purification,three_node_1_repeater,2.0,10,0.1,1291.0,412.0,12910.0,100000.0,50000.0,33333.33333333333,25000.0,20000.0,16666.666666666664,14285.714285714286,13661.20218579235,12500.0,11111.11111111111,10000.0,8333.333333333332,6666.666666666667
F03_purification,three_node_1_repeater,2.0,10,0.1,1212.0,399.0,12120.0,100000.0,50000.0,33333.33333333333,25000.0,20000.0,16666.666666666664,14285.714285714286,13661.20218579235,12500.0,11111.11111111111,10000.0,8333.333333333332,6666.666666666667
F03_purification,three_node_1_repeater,2.0,10,0.1,1276.0,410.0,12760.0,100000.0,50000.0,33333.33333333333,25000.0,20000.0,16666.666666666664,14285.714285714286,13661.20218579235,12500.0,11111.11111111111,10000.0,8333.333333333332,6666.666666666667
F03_purification,three_node_1_repeater,2.0,10,0.1,1290.0,427.0,12900.0,100000.0,50000.0,33333.33333333333,25000.0,20000.0,16666.666666666664,14285.714285714286,13661.20218579235,12500.0,11111.11111111111,10000.0,8333.333333333332,6666.666666666667
F03_purification,three_node_1_repeater,2.0,10,0.1,1307.0,411.0,13070.0,100000.0,50000.0,33333.33333333333,25000.0,20000.0,16666.666666666664,14285.714285714286,13661.20218579235,12500.0,11111.11111111111,10000.0,8333.333333333332,6666.666666666667
F03_purification,three_node_1_repeater,2.0,10,0.1,1222.0,414.0,12220.0,100000.0,50000.0,33333.33333333333,25000.0,20000.0,16666.666666666664,14285.714285714286,13661.20218579235,12500.0,11111.11111111111,10000.0,8333.333333333332,6666.666666666667
F03_purification,three_node_1_repeater,2.0,10,0.1,1339.0,412.0,13390.0,100000.0,50000.0,33333.33333333333,25000.0,20000.0,16666.666666666664,14285.714285714286,13661.20218579235,12500.0,11111.11111111111,10000.0,8333.333333333332,6666.666666666667
