round_trip_multiplier,mean_predicted_over_observed_ratio,median_ratio,std_ratio
1.0,7.315191121624696,7.836990595611285,1.2501422121580714
2.0,3.657595560812348,3.9184952978056424,0.6250711060790357
3.0,2.438397040541565,2.612330198537095,0.41671407071935707
4.0,1.828797780406174,1.9592476489028212,0.31253555303951785
5.0,1.463038224324939,1.567398119122257,0.2500284424316143
6.0,1.2191985202707825,1.3061650992685474,0.20835703535967853
7.0,1.045027303089242,1.1195700850873265,0.17859174459401023
7.32,0.9993430494022809,1.0706271305479897,0.1707844552128513
8.0,0.914398890203087,0.9796238244514106,0.15626777651975893
9.0,0.8127990135138549,0.8707767328456982,0.1389046902397857
10.0,0.7315191121624695,0.7836990595611285,0.12501422121580716
12.0,0.6095992601353912,0.6530825496342737,0.10417851767983927
15.0,0.487679408108313,0.522466039707419,0.08334281414387143
