topology,planner_level,min_fidelity,n,satisfied,rejected,violated,satisfaction_rate,rejection_rate,mean_abs_fidelity_error,mean_planning_time_s
three_node,L1,0.65,20,20,0,0,1.0,0.0,0.0,0.0008357999999999999
three_node,L1,0.7,20,20,0,0,1.0,0.0,0.0,0.0007990500000000002
three_node,L1,0.72,20,20,0,0,1.0,0.0,0.0,0.0007905499999999999
three_node,L1,0.73,20,0,20,0,0.0,1.0,,0.0006818
three_node,L1,0.735,20,0,20,0,0.0,1.0,,0.0006205499999999999
three_node,L1,0.74,20,0,20,0,0.0,1.0,,0.0006815500000000001
three_node,L1,0.745,20,0,20,0,0.0,1.0,,0.00073025
three_node,L1,0.75,20,0,20,0,0.0,1.0,,0.0006806499999999999
three_node,L2,0.65,20,20,0,0,1.0,0.0,0.0,0.0008253
three_node,L2,0.7,20,20,0,0,1.0,0.0,0.0,0.0007927499999999998
three_node,L2,0.72,20,20,0,0,1.0,0.0,0.0,0.0008205
three_node,L2,0.73,20,20,0,0,1.0,0.0,2.2204460492503126e-17,0.0008903000000000001
three_node,L2,0.735,20,20,0,0,1.0,0.0,2.2204460492503126e-17,0.00079755
three_node,L2,0.74,20,20,0,0,1.0,0.0,2.2204460492503126e-17,0.0009809
three_node,L2,0.745,20,20,0,0,1.0,0.0,2.2204460492503126e-17,0.0008366999999999999
three_node,L2,0.75,20,20,0,0,1.0,0.0,2.2204460492503126e-17,0.0007250499999999999
four_node,L1,0.65,20,0,20,0,0.0,1.0,,0.0007674499999999999
four_node,L1,0.7,20,0,20,0,0.0,1.0,,0.00068895
four_node,L1,0.72,20,0,20,0,0.0,1.0,,0.0007307499999999998
four_node,L1,0.73,20,0,20,0,0.0,1.0,,0.0006417
four_node,L1,0.735,20,0,20,0,0.0,1.0,,0.00077675
four_node,L1,0.74,20,0,20,0,0.0,1.0,,0.0007457
four_node,L1,0.745,20,0,20,0,0.0,1.0,,0.0007269500000000001
four_node,L1,0.75,20,0,20,0,0.0,1.0,,0.0007301499999999999
four_node,L2,0.65,20,0,0,20,0.0,0.0,0.0,0.0009565999999999999
four_node,L2,0.7,20,0,0,20,0.0,0.0,-0.029260066588336398,0.0008713999999999999
four_node,L2,0.72,20,0,0,20,0.0,0.0,,0.00096115
four_node,L2,0.73,20,0,0,20,0.0,0.0,,0.0009232000000000001
four_node,L2,0.735,20,0,20,0,0.0,1.0,,0.0008438499999999999
four_node,L2,0.74,20,0,20,0,0.0,1.0,,0.0008531500000000001
four_node,L2,0.745,20,0,20,0,0.0,1.0,,0.00085805
four_node,L2,0.75,20,0,20,0,0.0,1.0,,0.00067805
