bin,n,mean_predicted,empirical_satisfaction_rate,ci_low,ci_high,empty_region,planner_level
p<0.1,180,0.003953041271427825,0.05555555555555555,0.030453273623977817,0.09923161341745598,False,L3
0.1<=p<0.3,0,,,,,True,L3
0.3<=p<0.7,0,,,,,True,L3
0.7<=p<0.9,0,,,,,True,L3
p>=0.9,60,0.9948011360697026,0.9333333333333333,0.8407464268680283,0.9737713012754938,False,L3
p<0.1,190,5.72376877574856e-06,0.08421052631578947,0.05249789223428312,0.1324030006848521,False,L3-R
0.1<=p<0.3,0,,,,,True,L3-R
0.3<=p<0.7,0,,,,,True,L3-R
0.7<=p<0.9,10,0.7966317134644797,1.0,0.7224672001371107,0.9999999999999999,False,L3-R
p>=0.9,40,0.9999999997033543,1.0,0.9123783988027135,1.0,False,L3-R
