purification_policy,requested_fidelity,metric,n_total,n_valid,n_missing,mean,std,median,min,max,ci95_low,ci95_high,acceptance_rate,satisfaction_rate,violation_rate,rejection_rate,recovery_rate
automatic,0.65,delivered_pairs,2,2,0,242.0,7.0710678118654755,242.0,237.0,247.0,178.4689763191265,305.5310236808735,1.0,1.0,0.0,0.0,
automatic,0.65,excess_delivery_pairs,2,2,0,232.0,7.0710678118654755,232.0,227.0,237.0,168.4689763191265,295.5310236808735,1.0,1.0,0.0,0.0,
automatic,0.65,delivery_ratio,2,2,0,24.2,0.7071067811865476,24.2,23.7,24.7,17.846897631912654,30.553102368087345,1.0,1.0,0.0,0.0,
automatic,0.65,average_fidelity,2,2,0,0.6863749999999998,0.0,0.6863749999999998,0.6863749999999998,0.6863749999999998,0.6863749999999998,0.6863749999999998,1.0,1.0,0.0,0.0,
automatic,0.65,minimum_fidelity,2,2,0,0.6863749999999998,0.0,0.6863749999999998,0.6863749999999998,0.6863749999999998,0.6863749999999998,0.6863749999999998,1.0,1.0,0.0,0.0,
automatic,0.65,throughput_active_window,2,2,0,4840.0,141.4213562373095,4840.0,4740.0,4940.0,3569.3795263825305,6110.6204736174695,1.0,1.0,0.0,0.0,
automatic,0.65,throughput_delivery_interval,2,2,0,4971.620166782883,154.83098798542565,4971.620166782883,4862.138125240575,5081.10220832519,3580.5189320119425,6362.721401553823,1.0,1.0,0.0,0.0,
automatic,0.65,first_pair_latency_s,2,2,0,0.0010050875099999,1.7677669529712033e-08,0.0010050875099999,0.0010050750099999,0.0010051000099999,0.0010049286824406973,0.0010052463375591026,1.0,1.0,0.0,0.0,
automatic,0.65,completion_time_s,2,2,0,0.0038726312599999,0.00021565872942713233,0.0038726312599999,0.0037201375099999,0.0040251250099999,0.0019350144515128589,0.0058102480684869414,1.0,1.0,0.0,0.0,
automatic,0.65,planning_time_s,2,2,0,0.00025699999999999996,1.4142135623730911e-06,0.00025699999999999996,0.000256,0.000258,0.0002442937952638253,0.0002697062047361746,1.0,1.0,0.0,0.0,
automatic,0.65,simulation_wall_time_s,2,2,0,1.6366874999999999,0.03418931997715078,1.6366874999999999,1.612512,1.660863,1.3295086474006084,1.9438663525993913,1.0,1.0,0.0,0.0,
automatic,0.7,delivered_pairs,2,2,0,56.0,2.8284271247461903,56.0,54.0,58.0,30.58759052765061,81.4124094723494,1.0,1.0,0.0,0.0,
automatic,0.7,excess_delivery_pairs,2,2,0,46.0,2.8284271247461903,46.0,44.0,48.0,20.58759052765061,71.4124094723494,1.0,1.0,0.0,0.0,
automatic,0.7,delivery_ratio,2,2,0,5.6,0.2828427124746186,5.6,5.4,5.8,3.0587590527650645,8.141240947234934,1.0,1.0,0.0,0.0,
automatic,0.7,average_fidelity,2,2,0,0.7202522030749277,0.0,0.7202522030749277,0.7202522030749277,0.7202522030749277,0.7202522030749277,0.7202522030749277,1.0,1.0,0.0,0.0,
automatic,0.7,minimum_fidelity,2,2,0,0.7202522030749277,0.0,0.7202522030749277,0.7202522030749277,0.7202522030749277,0.7202522030749277,0.7202522030749277,1.0,1.0,0.0,0.0,
automatic,0.7,throughput_active_window,2,2,0,1120.0,56.568542494923804,1120.0,1080.0,1160.0,611.7518105530122,1628.248189446988,1.0,1.0,0.0,0.0,
automatic,0.7,throughput_delivery_interval,2,2,0,1185.1352216361597,61.63014063697904,1185.1352216361597,1141.5561312662712,1228.7143120060482,631.4103771800976,1738.8600660922218,1.0,1.0,0.0,0.0,
automatic,0.7,first_pair_latency_s,2,2,0,0.00211009375999995,0.00014141251740261532,0.00211009375999995,0.0020101000099999,0.00221008751,0.0008395527001614472,0.0033806348198384528,1.0,1.0,0.0,0.0,
automatic,0.7,completion_time_s,2,2,0,0.010329056259999948,0.0035196681975299352,0.010329056259999948,0.0078402750099999,0.01281783751,-0.021293907846053464,0.04195202036605336,1.0,1.0,0.0,0.0,
automatic,0.7,planning_time_s,2,2,0,0.00024650000000000003,4.030508652763321e-05,0.00024650000000000003,0.000218,0.000275,-0.00011562683498097875,0.0006086268349809788,1.0,1.0,0.0,0.0,
automatic,0.7,simulation_wall_time_s,2,2,0,1.4943499999999998,0.003914543140648717,1.4943499999999998,1.491582,1.497118,1.4591792252902684,1.5295207747097312,1.0,1.0,0.0,0.0,
automatic,0.72,delivered_pairs,2,2,0,56.0,2.8284271247461903,56.0,54.0,58.0,30.58759052765061,81.4124094723494,1.0,1.0,0.0,0.0,
automatic,0.72,excess_delivery_pairs,2,2,0,46.0,2.8284271247461903,46.0,44.0,48.0,20.58759052765061,71.4124094723494,1.0,1.0,0.0,0.0,
automatic,0.72,delivery_ratio,2,2,0,5.6,0.2828427124746186,5.6,5.4,5.8,3.0587590527650645,8.141240947234934,1.0,1.0,0.0,0.0,
automatic,0.72,average_fidelity,2,2,0,0.7202522030749277,0.0,0.7202522030749277,0.7202522030749277,0.7202522030749277,0.7202522030749277,0.7202522030749277,1.0,1.0,0.0,0.0,
automatic,0.72,minimum_fidelity,2,2,0,0.7202522030749277,0.0,0.7202522030749277,0.7202522030749277,0.7202522030749277,0.7202522030749277,0.7202522030749277,1.0,1.0,0.0,0.0,
automatic,0.72,throughput_active_window,2,2,0,1120.0,56.568542494923804,1120.0,1080.0,1160.0,611.7518105530122,1628.248189446988,1.0,1.0,0.0,0.0,
automatic,0.72,throughput_delivery_interval,2,2,0,1185.1352216361597,61.63014063697904,1185.1352216361597,1141.5561312662712,1228.7143120060482,631.4103771800976,1738.8600660922218,1.0,1.0,0.0,0.0,
automatic,0.72,first_pair_latency_s,2,2,0,0.00211009375999995,0.00014141251740261532,0.00211009375999995,0.0020101000099999,0.00221008751,0.0008395527001614472,0.0033806348198384528,1.0,1.0,0.0,0.0,
automatic,0.72,completion_time_s,2,2,0,0.010329056259999948,0.0035196681975299352,0.010329056259999948,0.0078402750099999,0.01281783751,-0.021293907846053464,0.04195202036605336,1.0,1.0,0.0,0.0,
automatic,0.72,planning_time_s,2,2,0,0.00025,2.8284271247461823e-06,0.00025,0.000248,0.000252,0.0002245875905276507,0.0002754124094723493,1.0,1.0,0.0,0.0,
automatic,0.72,simulation_wall_time_s,2,2,0,1.49745,0.012798632739476514,1.49745,1.4884,1.5065,1.382458847137619,1.612441152862381,1.0,1.0,0.0,0.0,
automatic,0.75,delivered_pairs,2,0,2,,,,,,,,0.0,0.0,0.0,1.0,
automatic,0.75,excess_delivery_pairs,2,0,2,,,,,,,,0.0,0.0,0.0,1.0,
automatic,0.75,delivery_ratio,2,0,2,,,,,,,,0.0,0.0,0.0,1.0,
automatic,0.75,average_fidelity,2,0,2,,,,,,,,0.0,0.0,0.0,1.0,
automatic,0.75,minimum_fidelity,2,0,2,,,,,,,,0.0,0.0,0.0,1.0,
automatic,0.75,throughput_active_window,2,0,2,,,,,,,,0.0,0.0,0.0,1.0,
automatic,0.75,throughput_delivery_interval,2,0,2,,,,,,,,0.0,0.0,0.0,1.0,
automatic,0.75,first_pair_latency_s,2,0,2,,,,,,,,0.0,0.0,0.0,1.0,
automatic,0.75,completion_time_s,2,0,2,,,,,,,,0.0,0.0,0.0,1.0,
automatic,0.75,planning_time_s,2,2,0,0.000222,5.6568542494923645e-06,0.000222,0.000218,0.000226,0.00017117518105530137,0.00027282481894469864,0.0,0.0,0.0,1.0,
automatic,0.75,simulation_wall_time_s,2,0,2,,,,,,,,0.0,0.0,0.0,1.0,
automatic,0.85,delivered_pairs,2,0,2,,,,,,,,0.0,0.0,0.0,1.0,
automatic,0.85,excess_delivery_pairs,2,0,2,,,,,,,,0.0,0.0,0.0,1.0,
automatic,0.85,delivery_ratio,2,0,2,,,,,,,,0.0,0.0,0.0,1.0,
automatic,0.85,average_fidelity,2,0,2,,,,,,,,0.0,0.0,0.0,1.0,
automatic,0.85,minimum_fidelity,2,0,2,,,,,,,,0.0,0.0,0.0,1.0,
automatic,0.85,throughput_active_window,2,0,2,,,,,,,,0.0,0.0,0.0,1.0,
automatic,0.85,throughput_delivery_interval,2,0,2,,,,,,,,0.0,0.0,0.0,1.0,
automatic,0.85,first_pair_latency_s,2,0,2,,,,,,,,0.0,0.0,0.0,1.0,
automatic,0.85,completion_time_s,2,0,2,,,,,,,,0.0,0.0,0.0,1.0,
automatic,0.85,planning_time_s,2,2,0,0.0002325,4.171930009000632e-05,0.0002325,0.000203,0.000262,-0.00014233303971715363,0.0006073330397171537,0.0,0.0,0.0,1.0,
automatic,0.85,simulation_wall_time_s,2,0,2,,,,,,,,0.0,0.0,0.0,1.0,
disabled,0.65,delivered_pairs,2,2,0,242.0,7.0710678118654755,242.0,237.0,247.0,178.4689763191265,305.5310236808735,1.0,1.0,0.0,0.0,
disabled,0.65,excess_delivery_pairs,2,2,0,232.0,7.0710678118654755,232.0,227.0,237.0,168.4689763191265,295.5310236808735,1.0,1.0,0.0,0.0,
disabled,0.65,delivery_ratio,2,2,0,24.2,0.7071067811865476,24.2,23.7,24.7,17.846897631912654,30.553102368087345,1.0,1.0,0.0,0.0,
disabled,0.65,average_fidelity,2,2,0,0.6863749999999998,0.0,0.6863749999999998,0.6863749999999998,0.6863749999999998,0.6863749999999998,0.6863749999999998,1.0,1.0,0.0,0.0,
disabled,0.65,minimum_fidelity,2,2,0,0.6863749999999998,0.0,0.6863749999999998,0.6863749999999998,0.6863749999999998,0.6863749999999998,0.6863749999999998,1.0,1.0,0.0,0.0,
disabled,0.65,throughput_active_window,2,2,0,4840.0,141.4213562373095,4840.0,4740.0,4940.0,3569.3795263825305,6110.6204736174695,1.0,1.0,0.0,0.0,
disabled,0.65,throughput_delivery_interval,2,2,0,4971.620166782883,154.83098798542565,4971.620166782883,4862.138125240575,5081.10220832519,3580.5189320119425,6362.721401553823,1.0,1.0,0.0,0.0,
disabled,0.65,first_pair_latency_s,2,2,0,0.0010050875099999,1.7677669529712033e-08,0.0010050875099999,0.0010050750099999,0.0010051000099999,0.0010049286824406973,0.0010052463375591026,1.0,1.0,0.0,0.0,
disabled,0.65,completion_time_s,2,2,0,0.0038726312599999,0.00021565872942713233,0.0038726312599999,0.0037201375099999,0.0040251250099999,0.0019350144515128589,0.0058102480684869414,1.0,1.0,0.0,0.0,
disabled,0.65,planning_time_s,2,2,0,0.0004015,0.00016899852070358483,0.0004015,0.000282,0.000521,-0.0011168914659728758,0.0019198914659728757,1.0,1.0,0.0,0.0,
disabled,0.65,simulation_wall_time_s,2,2,0,1.691036,0.08783680435899294,1.691036,1.628926,1.753146,0.9018536238361897,2.48021837616381,1.0,1.0,0.0,0.0,
disabled,0.7,delivered_pairs,2,0,2,,,,,,,,0.0,0.0,0.0,1.0,
disabled,0.7,excess_delivery_pairs,2,0,2,,,,,,,,0.0,0.0,0.0,1.0,
disabled,0.7,delivery_ratio,2,0,2,,,,,,,,0.0,0.0,0.0,1.0,
disabled,0.7,average_fidelity,2,0,2,,,,,,,,0.0,0.0,0.0,1.0,
disabled,0.7,minimum_fidelity,2,0,2,,,,,,,,0.0,0.0,0.0,1.0,
disabled,0.7,throughput_active_window,2,0,2,,,,,,,,0.0,0.0,0.0,1.0,
disabled,0.7,throughput_delivery_interval,2,0,2,,,,,,,,0.0,0.0,0.0,1.0,
disabled,0.7,first_pair_latency_s,2,0,2,,,,,,,,0.0,0.0,0.0,1.0,
disabled,0.7,completion_time_s,2,0,2,,,,,,,,0.0,0.0,0.0,1.0,
disabled,0.7,planning_time_s,2,2,0,0.00025350000000000004,0.00011525840533340725,0.00025350000000000004,0.000172,0.000335,-0.0007820556859982374,0.0012890556859982375,0.0,0.0,0.0,1.0,
disabled,0.7,simulation_wall_time_s,2,0,2,,,,,,,,0.0,0.0,0.0,1.0,
disabled,0.72,delivered_pairs,2,0,2,,,,,,,,0.0,0.0,0.0,1.0,
disabled,0.72,excess_delivery_pairs,2,0,2,,,,,,,,0.0,0.0,0.0,1.0,
disabled,0.72,delivery_ratio,2,0,2,,,,,,,,0.0,0.0,0.0,1.0,
disabled,0.72,average_fidelity,2,0,2,,,,,,,,0.0,0.0,0.0,1.0,
disabled,0.72,minimum_fidelity,2,0,2,,,,,,,,0.0,0.0,0.0,1.0,
disabled,0.72,throughput_active_window,2,0,2,,,,,,,,0.0,0.0,0.0,1.0,
disabled,0.72,throughput_delivery_interval,2,0,2,,,,,,,,0.0,0.0,0.0,1.0,
disabled,0.72,first_pair_latency_s,2,0,2,,,,,,,,0.0,0.0,0.0,1.0,
disabled,0.72,completion_time_s,2,0,2,,,,,,,,0.0,0.0,0.0,1.0,
disabled,0.72,planning_time_s,2,2,0,0.00023,7.071067811865475e-06,0.00023,0.000225,0.000235,0.00016646897631912653,0.0002935310236808735,0.0,0.0,0.0,1.0,
disabled,0.72,simulation_wall_time_s,2,0,2,,,,,,,,0.0,0.0,0.0,1.0,
disabled,0.75,delivered_pairs,2,0,2,,,,,,,,0.0,0.0,0.0,1.0,
disabled,0.75,excess_delivery_pairs,2,0,2,,,,,,,,0.0,0.0,0.0,1.0,
disabled,0.75,delivery_ratio,2,0,2,,,,,,,,0.0,0.0,0.0,1.0,
disabled,0.75,average_fidelity,2,0,2,,,,,,,,0.0,0.0,0.0,1.0,
disabled,0.75,minimum_fidelity,2,0,2,,,,,,,,0.0,0.0,0.0,1.0,
disabled,0.75,throughput_active_window,2,0,2,,,,,,,,0.0,0.0,0.0,1.0,
disabled,0.75,throughput_delivery_interval,2,0,2,,,,,,,,0.0,0.0,0.0,1.0,
disabled,0.75,first_pair_latency_s,2,0,2,,,,,,,,0.0,0.0,0.0,1.0,
disabled,0.75,completion_time_s,2,0,2,,,,,,,,0.0,0.0,0.0,1.0,
disabled,0.75,planning_time_s,2,2,0,0.0002565,3.747665940288701e-05,0.0002565,0.00023,0.000283,-8.021442550862926e-05,0.0005932144255086293,0.0,0.0,0.0,1.0,
disabled,0.75,simulation_wall_time_s,2,0,2,,,,,,,,0.0,0.0,0.0,1.0,
disabled,0.85,delivered_pairs,2,0,2,,,,,,,,0.0,0.0,0.0,1.0,
disabled,0.85,excess_delivery_pairs,2,0,2,,,,,,,,0.0,0.0,0.0,1.0,
disabled,0.85,delivery_ratio,2,0,2,,,,,,,,0.0,0.0,0.0,1.0,
disabled,0.85,average_fidelity,2,0,2,,,,,,,,0.0,0.0,0.0,1.0,
disabled,0.85,minimum_fidelity,2,0,2,,,,,,,,0.0,0.0,0.0,1.0,
disabled,0.85,throughput_active_window,2,0,2,,,,,,,,0.0,0.0,0.0,1.0,
disabled,0.85,throughput_delivery_interval,2,0,2,,,,,,,,0.0,0.0,0.0,1.0,
disabled,0.85,first_pair_latency_s,2,0,2,,,,,,,,0.0,0.0,0.0,1.0,
disabled,0.85,completion_time_s,2,0,2,,,,,,,,0.0,0.0,0.0,1.0,
disabled,0.85,planning_time_s,2,2,0,0.000203,2.8284271247461823e-06,0.000203,0.000201,0.000205,0.0001775875905276507,0.0002284124094723493,0.0,0.0,0.0,1.0,
disabled,0.85,simulation_wall_time_s,2,0,2,,,,,,,,0.0,0.0,0.0,1.0,
