condition,seed,accepted,satisfied,delivered_pairs,average_fidelity,planning_wall_time_s,simulation_wall_time_s,total_wall_time_s,episodes
native_sequence,0,True,True,444.0,0.6579225,0.0,4.667155,4.671286,1
static_provisioning,0,True,False,4.0,0.7695,0.000504,1.84196,1.84842,1
ibqn_without_assurance,0,True,,,,0.00048660000175004825,1.7583454999985406,1.761921400000574,1
ibqn_with_assurance,0,True,False,4.0,0.7695,0.000391,1.709248,1.7096390000000001,1
ibqn_with_reconciliation,0,True,True,453.0,0.6579225,0.000265,6.611492,6.611757,2
offline_oracle,0,True,True,444.0,0.6579225,0.013581,6.405022,6.418605,2
native_sequence,1,True,True,438.0,0.6579225,0.0,4.640904,4.643195,1
static_provisioning,1,True,False,8.0,0.7695,0.000159,1.933983,1.940782,1
ibqn_without_assurance,1,True,,,,0.0004974000039510429,1.7897446999995736,1.7934462999983225,1
ibqn_with_assurance,1,True,False,8.0,0.7695,0.000401,1.768318,1.7687190000000002,1
ibqn_with_reconciliation,1,True,True,448.0,0.6579225,0.000431,8.417018,8.417449000000001,2
offline_oracle,1,True,True,438.0,0.6579225,0.018738,7.016521,7.035262,2
native_sequence,2,True,True,461.0,0.6579224999999999,0.0,4.866009,4.868806,1
static_provisioning,2,True,False,7.0,0.7695,0.000143,1.916033,1.92377,1
ibqn_without_assurance,2,True,,,,0.00044640000123763457,1.8442016000044532,1.8478997999991407,1
ibqn_with_assurance,2,True,False,7.0,0.7695,0.000466,1.875179,1.875645,1
ibqn_with_reconciliation,2,True,True,458.0,0.6579225,0.000413,6.619261,6.619674,2
offline_oracle,2,True,True,461.0,0.6579224999999999,0.014921,6.841853,6.856776,2
native_sequence,3,True,True,444.0,0.6579225,0.0,4.77658,4.7793,1
static_provisioning,3,True,True,14.0,0.7695,0.000151,1.91139,1.918201,1
ibqn_without_assurance,3,True,,,,0.00041149999742629007,1.937183100002585,1.9429091999991215,1
ibqn_with_assurance,3,True,True,14.0,0.7695,0.000708,1.916686,1.9173939999999998,1
ibqn_with_reconciliation,3,True,True,14.0,0.7695,0.000303,2.034834,2.035137,1
offline_oracle,3,True,True,444.0,0.6579225,0.013464,6.410794,6.42426,2
native_sequence,4,True,True,445.0,0.6579225,0.0,4.666288,4.669065,1
static_provisioning,4,True,True,11.0,0.7695,0.000172,1.912511,1.919485,1
ibqn_without_assurance,4,True,,,,0.0004837000014958903,1.819739299993671,1.8230381999965175,1
ibqn_with_assurance,4,True,True,11.0,0.7695,0.000329,1.898849,1.899178,1
ibqn_with_reconciliation,4,True,True,11.0,0.7695,0.000321,1.828846,1.829167,1
offline_oracle,4,True,True,445.0,0.6579225,0.015472,6.426881,6.442356,2
native_sequence,5,True,True,432.0,0.6579225,0.0,4.396228,4.398813,1
static_provisioning,5,True,False,3.0,0.7695,0.00015,1.784234,1.790858,1
ibqn_without_assurance,5,True,,,,0.0004078999991179444,1.9000339999984135,1.903066899998521,1
ibqn_with_assurance,5,True,False,3.0,0.7695,0.000375,1.78355,1.783925,1
ibqn_with_reconciliation,5,True,True,489.0,0.6579225,0.000672,6.714291,6.714963,2
offline_oracle,5,True,True,432.0,0.6579225,0.013231,6.25747,6.270703,2
native_sequence,6,True,True,452.0,0.6579225,0.0,4.618464,4.621068,1
static_provisioning,6,True,False,7.0,0.7695,0.000168,1.933464,1.940817,1
ibqn_without_assurance,6,True,,,,0.000410699998610653,1.80900549999933,1.8125107000014395,1
ibqn_with_assurance,6,True,False,7.0,0.7695,0.000383,1.80897,1.809353,1
ibqn_with_reconciliation,6,True,True,447.0,0.6579224999999999,0.000324,6.456523,6.456847,2
offline_oracle,6,True,True,452.0,0.6579225,0.014219,6.582906,6.597127,2
native_sequence,7,True,True,436.0,0.6579225,0.0,4.486983,4.489615,1
static_provisioning,7,True,False,6.0,0.7695,0.000125,1.773278,1.779147,1
ibqn_without_assurance,7,True,,,,0.0003746999936993234,1.6947012999953586,1.6981427999999141,1
ibqn_with_assurance,7,True,False,6.0,0.7695,0.000362,1.703877,1.704239,1
ibqn_with_reconciliation,7,True,True,440.0,0.6579224999999999,0.000355,6.2843,6.284655,2
offline_oracle,7,True,True,436.0,0.6579225,0.012799,6.154803,6.167604,2
native_sequence,8,True,True,450.0,0.6579225,0.0,4.657171,4.659785,1
static_provisioning,8,True,False,3.0,0.7695,0.000148,1.752038,1.758317,1
ibqn_without_assurance,8,True,,,,0.0003630999999586493,1.692262500000652,1.6956613000002108,1
ibqn_with_assurance,8,True,False,3.0,0.7695,0.000437,1.627285,1.6277220000000001,1
ibqn_with_reconciliation,8,True,True,455.0,0.6579225,0.000486,6.376346,6.376832,2
offline_oracle,8,True,True,450.0,0.6579225,0.013202,6.304094,6.317297,2
native_sequence,9,True,True,430.0,0.6579225,0.0,4.537616,4.540008,1
static_provisioning,9,True,False,8.0,0.7695,0.000173,1.912235,1.919465,1
ibqn_without_assurance,9,True,,,,0.0005597999988822266,1.8161896000019624,1.8199793999956455,1
ibqn_with_assurance,9,True,False,8.0,0.7695,0.00045,1.855391,1.855841,1
ibqn_with_reconciliation,9,True,True,437.0,0.6579225,0.000405,6.669747,6.670152,2
offline_oracle,9,True,True,430.0,0.6579225,0.014097,6.373695,6.387793,2
native_sequence,10,True,True,431.0,0.6579225,0.0,4.508098,4.51057,1
static_provisioning,10,True,False,9.0,0.7695,0.000146,1.505157,1.511723,1
ibqn_without_assurance,10,True,,,,0.0003986999945482239,1.5270677000007709,1.5307797999994364,1
ibqn_with_assurance,10,True,False,9.0,0.7695,0.000375,1.537638,1.538013,1
ibqn_with_reconciliation,10,True,True,444.0,0.6579225,0.000337,6.203043,6.20338,2
offline_oracle,10,True,True,431.0,0.6579225,0.013322,5.98813,6.001454,2
native_sequence,11,True,True,447.0,0.6579224999999999,0.0,4.963633,4.966266,1
static_provisioning,11,True,False,8.0,0.7695,0.000208,1.649541,1.655691,1
ibqn_without_assurance,11,True,,,,0.00037650000012945384,1.674241400003666,1.6777262999967206,1
ibqn_with_assurance,11,True,False,8.0,0.7695,0.000384,1.690103,1.6904869999999999,1
ibqn_with_reconciliation,11,True,True,452.0,0.6579225,0.000441,6.331705,6.332146000000001,2
offline_oracle,11,True,True,447.0,0.6579224999999999,0.013416,6.253755,6.267173,2
native_sequence,12,True,True,448.0,0.6579225,0.0,4.715989,4.718466,1
static_provisioning,12,True,True,11.0,0.7695,0.000168,1.870862,1.877361,1
ibqn_without_assurance,12,True,,,,0.0004090999937034212,1.8921288999990793,1.895750899995619,1
ibqn_with_assurance,12,True,True,11.0,0.7695,0.000385,1.880348,1.880733,1
ibqn_with_reconciliation,12,True,True,11.0,0.7695,0.000343,1.884593,1.884936,1
offline_oracle,12,True,True,448.0,0.6579225,0.014392,6.643551,6.657945,2
native_sequence,13,True,True,440.0,0.6579224999999999,0.0,4.727203,4.729815,1
static_provisioning,13,True,False,9.0,0.7695,0.000203,1.974437,1.981722,1
ibqn_without_assurance,13,True,,,,0.0004343000036897138,1.8515513000020292,1.854987800004892,1
ibqn_with_assurance,13,True,False,9.0,0.7695,0.000541,1.96607,1.9666109999999999,1
ibqn_with_reconciliation,13,True,True,454.0,0.6579224999999999,0.000323,6.505817,6.50614,2
offline_oracle,13,True,True,440.0,0.6579224999999999,0.014938,6.638977,6.653917,2
native_sequence,14,True,True,438.0,0.6579225,0.0,4.616176,4.618876,1
static_provisioning,14,True,True,12.0,0.7695,0.000153,1.926864,1.934048,1
ibqn_without_assurance,14,True,,,,0.0004762999960803427,1.8303229000011925,1.834241299999121,1
ibqn_with_assurance,14,True,True,12.0,0.7695,0.00042,1.788569,1.7889890000000002,1
ibqn_with_reconciliation,14,True,True,12.0,0.7695,0.000263,1.833077,1.83334,1
offline_oracle,14,True,True,438.0,0.6579225,0.014992,6.398217,6.41321,2
native_sequence,15,True,True,450.0,0.6579225,0.0,4.619572,4.622175,1
static_provisioning,15,True,False,8.0,0.7695,0.000131,1.872231,1.878757,1
ibqn_without_assurance,15,True,,,,0.00045790000149281695,1.9804992999997921,1.9844190000003437,1
ibqn_with_assurance,15,True,False,8.0,0.7695,0.000408,1.829994,1.8304019999999999,1
ibqn_with_reconciliation,15,True,True,421.0,0.6579225,0.000403,6.252206,6.2526090000000005,2
offline_oracle,15,True,True,450.0,0.6579225,0.014012,6.596416,6.61043,2
native_sequence,16,True,True,453.0,0.6579225,0.0,4.679594,4.682537,1
static_provisioning,16,True,True,11.0,0.7695,0.000284,1.858778,1.867509,1
ibqn_without_assurance,16,True,,,,0.0003440000000409782,1.9092660000023898,1.9124882999967667,1
ibqn_with_assurance,16,True,True,11.0,0.7695,0.000314,1.83131,1.831624,1
ibqn_with_reconciliation,16,True,True,11.0,0.7695,0.00034,1.807629,1.807969,1
offline_oracle,16,True,True,453.0,0.6579225,0.014786,6.624275,6.639063,2
native_sequence,17,True,True,458.0,0.6579225,0.0,4.679046,4.681716,1
static_provisioning,17,True,False,4.0,0.7695,0.000124,1.855037,1.861451,1
ibqn_without_assurance,17,True,,,,0.00046010000369278714,1.8534712999971816,1.857444100001885,1
ibqn_with_assurance,17,True,False,4.0,0.7695,0.000381,1.935987,1.9363679999999999,1
ibqn_with_reconciliation,17,True,True,449.0,0.6579225,0.000383,6.705424,6.705807,2
offline_oracle,17,True,True,458.0,0.6579225,0.016122,6.699853,6.715977,2
native_sequence,18,True,True,469.0,0.6579225,0.0,4.740698,4.742944,1
static_provisioning,18,True,False,6.0,0.7695,0.000144,1.794627,1.802569,1
ibqn_without_assurance,18,True,,,,0.00046550000115530565,1.8830691999974078,1.8872858000031556,1
ibqn_with_assurance,18,True,False,6.0,0.7695,0.000432,1.770856,1.771288,1
ibqn_with_reconciliation,18,True,True,450.0,0.6579225,0.000416,6.360129,6.360545,2
offline_oracle,18,True,True,469.0,0.6579225,0.01453,6.629507,6.644039,2
native_sequence,19,True,True,456.0,0.6579225,0.0,4.704498,4.706918,1
static_provisioning,19,True,False,8.0,0.7695,0.000127,1.61192,1.618436,1
ibqn_without_assurance,19,True,,,,0.000378099997760728,1.701538499997696,1.704560099999071,1
ibqn_with_assurance,19,True,False,8.0,0.7695,0.000476,1.611746,1.6122219999999998,1
ibqn_with_reconciliation,19,True,True,441.0,0.6579225,0.000284,6.290315,6.290598999999999,2
offline_oracle,19,True,True,456.0,0.6579225,0.014405,6.460189,6.474595,2
