old_commit,new_commit,date,subject
d5abb2535482d378d6104be308d6c83384e28392,a5686a37f6eae952bb949885ae33e3dffdd209d4,2026-07-10,docs: add SeQUeNCe technical audit and pin simulator submodule (Fase 1)
c8fc3e8c907adf0d2e1593ca2cf3b2939c083132,501bd8dd22900128b8e0c7998ce9968e45089cd2,2026-07-10,test: add minimal deterministic test suite validating SeQUeNCe basics (Fase 2)
572c6d691ad4020ad97dede3c24cca490faa874e,7e22e7f33aadd375e36930ebc118464ca7f2ccc5,2026-07-10,"feat: add typed intent model, validation, lifecycle and repository (Fase 3, Etapa C)"
183ecafc392c3e775219cccd2a6e0ba6d42014cb,9b675cf8a572a576f93ff977c2296d0352b65e62,2026-07-10,"feat: add SeQUeNCe adapter, executor and end-to-end intent execution (Fase 3, Etapa D)"
59149313c28956d31ce7b0c4fa40fe13581e4c2b,bc3a2e630d744604b4b2d05da0e45541fc00eee8,2026-07-10,"feat: add intent planner with interchangeable strategies (Fase 3, Etapa E)"
499a9fb1e907537f411b7d5a70b1e4d9fe53f872,143c188c43eaec8f1564790d0e435624d4f2ed54,2026-07-11,"feat: add declarative scenarios and experiment runner (Fase 3, Etapa F)"
941d7308ce5c3114592dd041b07235cac3a37650,496803a7e1a3eaa848e8bf6cc58a5cc149d5f3ad,2026-07-11,fix: count purified deliveries and guard against node-sharing conflicts
d6d8662817e229c2a7cc3bdd5d12970c4152a323,dd1d8530c95fdcb7179fc4f8f59c016f012ebd57,2026-07-11,"feat: add intent assurance, violation classification and reconciliation (Fase 3, Etapa G)"
4300da74ffdf6fc3ffef9edb6d3a84089b88e4dd,2816131e446f1ed87ecc018d8243c6bc9934039a,2026-07-11,"feat: add demo helpers and memory-identity DELIVERY telemetry (Fase H, Etapa H0)"
1d283f48647438dcb6beaa0361e48de16a6c392d,8ff163579bfeeaa092d6531152bd68e15ecebbcf,2026-07-11,"test: add automatic notebook execution/validation infrastructure (Fase H, Etapa H0)"
83d209028a6f34c559bf5a5a0b0273c6ca8e47f5,b505c6b4dc6e4949cc98b330198ccbadf63bc1c7,2026-07-11,"docs: add the 7 H1 SeQUeNCe-basics validation notebooks (Fase H, Etapa H1)"
e409ea1da7cab8404d14b854a057fe41c984322d,5fedbae24ebecd92afd90f3b9a3d6682e78fc793,2026-07-11,feat: add H2 demo helpers for the intent-based architecture notebooks (Fase H2.1)
6d41cd38279d4b08f1e6d7d86727c58272c82f39,6ad5dfbe822d0472a6120190ab6b9bba148dd297,2026-07-11,docs: add H2 notebooks 10-14 - intent schema through SATISFIED/VIOLATED/REJECTED (Fase H2.2)
e5f7a997926b4e0e5a24b161203701fdbc0aebf5,6224de11824f71180bc59e5065bec70d830dfa0a,2026-07-11,docs: add H2 notebooks 15-19 - reconciliation through the complete IBQN demo (Fase H2.3)
d41520f1d35d72093b4bbc8254b25cb61f8e8c2a,e1be252470fb2039ef19e3300d0fab941e7fc050,2026-07-11,test: extend notebook validation to H2 and update docs (Fase H2.4)
c304d48328641185539b55f339fdf6255185b335,5b9b66ddc63211abbb5b725df1cde62c97a4553b,2026-07-11,"feat: add campaign models, parameter sweeps and trial identity (Fase H3.1)"
50c9ad73cfcfc12cd17c5a778dc13a82af2d3cee,866d88edbe11575f1d4b383e9ef52bd3cacf2cd4,2026-07-11,fix: reset sequence.utils.metrics before reconciliation's second episode
410e4a6593360c77413704b7e015f0bb3d031475,2ab5b9949d3df8618a5836e7cc84785659900db5,2026-07-11,"feat: add CampaignRunner, persistence, manifests and resume (Fase H3.2)"
2931c00757576ebb356bfc8c37dbc5165d5301a3,acb7c413cd2569d9643d143a6928ed1d4529b14c,2026-07-11,"feat: add validation, aggregation, status reporting and CLI (Fase H3.3)"
4adf848c8adfbaff901f8ec6a5b1cbac31ae3768,d2632bbc497d55513c856269e574eba89cc3c612,2026-07-11,feat: add and validate campaigns C01-C04 at small scale (Fase H3.4)
c6f7edf45b90442481a8aa751ec83e1a9cedbf5c,09364df044058bdb4ae5c0e750439322c3c6971c,2026-07-11,feat: persist planner's fidelity estimate; add figure/table export (Fase H3.5 prep)
5616dfc16f7c66b6ca6a95f8ffa2fe13ac35f76f,8e2969b57ac8bf3b3c69c269fa33988ad813ebbf,2026-07-11,docs: add article notebooks A00-A07 with figures/tables (Fase H3.5)
f06fa0a28ffaa870e00e3052ff740569217f2241,b52fd5e8b77910767945dc350c571c0bceacd58d,2026-07-11,test: discover and validate article notebooks in notebook test suite (Fase H3.6)
f94840bf7d32d252906721816a779e003c4f623a,1bb7ad767b6942dc5e518a76854c57d755422964,2026-07-13,"feat: add pluggable fidelity estimators, reproducing SeQUeNCe's real per-node mechanism (Fase J1)"
3337cfbeeead1b26576b4081ae853a2b7729e18e,f9bb058f1508479122ea85e6d9e9d68312860e8f,2026-07-13,feat: separate reserved memory slots from delivery goal in the intent model (Fase J2)
c9c0761e72fdc7a31d0f079fa812e93b0a1b2bfd,2209fceccc484eaa51c9e4a7420771ac169149c6,2026-07-13,docs: archive Fase H3 pilot campaign results before J1/J2 schema migration
33a42fcc8f3023ecc3090b0a70d8d0ddc8f21754,44c9fc97d3c539da6b54309aeb33fb48696d0fad,2026-07-13,feat: regenerate C01-C04 campaigns and fix notebooks for the J1/J2 schema
1d7f4a0c7be7938c3876f16883c41ab7016c8e5d,c1e349a0e3c5218db52e15c6276c14ea764ab8aa,2026-07-13,feat: add native/static/oracle baselines to quantify IBQN's real benefit (Fase J3)
d2fce183dc213d053bea555fab3f41539039b369,3ff26c5e9e7684d774b8d2ed82e733ce9465322c,2026-07-13,feat: add a topology catalog beyond diamond/three_node (Fase J4)
bd985338eaa65d98ae6fe888db46d7f14732d037,90d370849b4e40e474ac1bb84d282f88663270ad,2026-07-13,feat: quantify the planner-vs-operation gap (Fase J5)
3b541ae0178f7c973dc094a04a12b417e882c7aa,3c59bcb34c6b050ae566f54818ef041e0de72b9c,2026-07-13,feat: add a violation-aware reconciliation decision policy (Fase J6)
706fc87bbf1693570bda5b157599ec72ca4ef905,7db957079a39e285e9f4cfcd4605a6092ca65824,2026-07-13,feat: instrument per-stage wall-clock overhead (Fase J7)
c6c2c6bfd640a16559a8fdd49fb40f789850eb8a,75636dadd9cb0400993f9598ff5a7ab691e3c492,2026-07-13,docs: formalize single-intent-per-endpoint scope (Fase J8)
f4343c314e5de5e01ee6970aaa14b5974c1b49ea,9770868a6f9a48940043d0976a01cf6c0e26fb1a,2026-07-13,feat: run a 210-trial variability pilot to justify the seed count (Fase J9)
33ba638643021902e98844da9619a2895ddccbc1,3a7529948f2d67c181164d64640500df6ffbcb69,2026-07-13,feat: add programmatic campaign runner and paired statistical analysis (Fase J10)
5f79da2c47bdffba6764d612cb6fbe895319a6e4,5923687b55ab8fcdcaf1ca03a03da71494470102,2026-07-13,fix: reset sequence.utils.metrics singleton in run_instrumented_trial (Fase J10)
5dfb42f0be677f3035ef9458e3d60a6747ea4b79,6829e917aa77e5939da40af2ed6479a4369fbe28,2026-07-13,feat: run final campaigns F01-F08 and persist raw/processed results (Fase J10)
346d13d73b314be70c16e143c68a04cb832af4fc,9092f25891d9dea9b2245355c26ac739c08ed211,2026-07-13,"docs: final experimental design, future work, and threats to validity (Fase J10/J12)"
90646d999ea0838b17d7414f246d35eb66d1b1e6,72050a1d4216059cc4d8d02cd5ad9dd1d5d91d9f,2026-07-13,K1 - provenance audit and manifest consistency
6e5800966f0a99ae5f9c4bbb8993613190f14340,e2720faa0104f3be791f435ec01f2a8900074170,2026-07-13,K2 - processed-data corrections and semantic classifications
fada3225ff229cc5a3e6813a71cc7a971af25f49,88167bdca4d2d2d59f8827b865d92e655e04f389,2026-07-13,K3 - publication-quality figures and tables
be4970da9eac0543698d91d109432f18bf3d43ff,bdaeed2e47aa62531d79cacee70d797ccd8e7a37,2026-07-13,K4 - final analysis notebooks
780463c864562977850d2d6371d929d4b1b08601,e6588716b585faefc16ee7830e2dcaf054a0aa2a,2026-07-14,"K5 - claims, interpretation and threats-to-validity revision"
020f422eaf8bae0158b04b23d9a9c6c3fbb1025a,9523c13ad9a9aa07254196471fb12f94e49f0b7b,2026-07-14,K6 - tests and final audit
cd46233073dd699a2079f554f754feb3dd5c4e4b,efb26ee4d4ed09683c36e12a1cacf3d565ae5293,2026-07-17,"ICC 2027 manuscript: figures, references, LaTeX project, Overleaf package"
b40a8559cc5cb6e8020c25cb848b28a0bf34db82,018d49a8afb84e4c0b5485fe2d876614c315ea4c,2026-07-17,"Planner-family study M1-M4: common interface, L1/L2, P01 campaign"
d9f83e63dffb8037992cc15ca3ab5e2f4b564ca1,ce798c601efa3469a5add6fd1a96a7e8932561f7,2026-07-18,Planner-family study M5-M7: L3 (probabilistic) and L4 (simulation-in-the-loop)
56fc8aa27466b97e66cf49f51b1e91b95afd2982,d588ee8493d18568e9c358ecbbaabd5b501f6b8f,2026-07-18,Planner-family study M6: P02 campaign data - L1/L2/L3 calibration
f9fc3201ed395fdd9d17d67f25df0be52b4dfd3b,fd688ccc3354a9c9ca3b32243d9f3d21b1fd74b2,2026-07-18,M8 complete P03 and checkpoint2
9e93372fd9c785bb0aeec4efdffb4e4c33167909,8da5ba12755e597886354b0b418612c0d3d23d38,2026-07-18,M6b resource-aware iterative planner (L2-R)
e9c64ff3bf454df1ff4579217270fae57f5424ac,15360dbc1bcd20356d2a051ed8ef64f19f320fe8,2026-07-18,M6c L3 attempt-rate audit
d6023524cac9554649e8b9b6c03d887f613256e4,b2f6f40142ed1b3139dad26497a5f3120e024214,2026-07-18,M6d probabilistic resource-aware planner
c69082ef6b8e6357778cab930bcf47f366a9fb3e,ee00c22e5986d5c0cdc47d0a2e34d0324b1e7b63,2026-07-18,M6e P02B campaigns and analysis
45265cd3e6f5e0e31b495ae7d40e1476cabb7cd1,bf709754b8a6df27cb6c830e436b1a427679bb9e,2026-07-18,M6f checkpoint2B documentation
c77fac0bd7b45dec7d8e71cc99876a90164e560b,b108b9ce3e62bde8ef89a2ee1f276aaa737ec65e,2026-07-19,"M9 predictability-limits study: infra, retry storm, information levels, final report"
ed1532f836e1464f3192d519aceaf7f4df8e343e,8ecae0aa0d788c0afcb97dcac263999b6002970c,2026-07-19,M9 predictability study: complete intrinsic-variability numbers
5b32dfa3f746616931b8bc7eba7a28dfcb3beb09,7ce8aa17f0ea40486a46c4e384746f3de47d2f31,2026-07-19,M10.1 randomness source audit
29db5070c4cefff6097c9c579a9d2e4433e8356b,c2d49424594a335f0ee1c7a3dae8b94c3a2a72df,2026-07-19,M10.2 deterministic execution context
50895c1a8f3c0da60ba692fe485101f0340fa6ed,c4e2fa056ce0d7ff70680c151ae651714f90efff,2026-07-19,M10.3 replay determinism validation
3eada4d39cc676240b3278de813f19477e0b0eb8,04dbaac5a116dd7e1961089528cc340e4bad43fd,2026-07-19,M10.4 transition-region search
0e51e39e8b0005ff4e5d3446a173c3ae98029d2d,b4f8056b3b165eeed75e6f09c061057df2ee7f4f,2026-07-21,M10.6 boundary variability campaign
731bae1a771e6bfe861fd95906e46c12adbfed51,9f690c1218dc51265f3e4ab430988b10a67ff183,2026-07-21,M10.7 L4 boundary reference
5e5edd3e823e308483272be3acffd8aaed4f46ca,43bf9860979b243957e64b080d5d38bd8417fb13,2026-07-21,M10.8 tail-event instrumentation
2ba72389f4a7fcd608c0995adbfb2b98bbc6a3b0,703bded7c88aaa71f54ad92a0ef51ce312f59878,2026-07-22,M10.9 balanced factorial campaign
4246b84d01b2831f487c776d3ff14757c166ccc6,33c4248e1528be5cbfc4272ce65f2ee7f0e167ba,2026-07-22,M10.10 corrected variance and information analysis
6dd017a6558ed238c34b08407ff00775b5ebca81,d54b8faaa90816af56f977bb7d743f325e0546a8,2026-07-22,M10.11 M9 conclusion audit
13f73a6066f89d07b3af95ab3c8fba2e38838a90,7d79205f65ae519f390d25ecee27c370b55db312,2026-07-22,M10.12 final predictability validation report
43e16ef353d17b5bcbdcee2d14de2b1127291de2,f0868df0a5d516677902ef21b7120d975e1f7d6f,2026-07-25,P1 predictability paper evidence audit
9acf9d2667fa7e4e73f6086dfb8d0f5d933d6073,9856a274f7ef26d1bb8751a3ce12360f02e6497d,2026-07-25,P2 outline and claim traceability
68e18a3132f25e86e7bf11e025c0d942944f3139,903321ed8cdc34bf349d7c1f13b191b644ed3e18,2026-07-25,Pause predictability paper after Paper-A; pivot to IBQN validation
8a0fe0ee3c65ae663b53acae943ac99ce8f8e14e,c251366f6f9f21731f92222eb1391a9b232f7f7f,2026-07-25,IBQN Validation-A: architectural audit script and tests
8e0313d802323b702a430470cd6413e3cf01be23,9437d3e41fec5b34d2e405b534864a195b8d9e9d,2026-07-25,"IBQN Validation-A: lifecycle, assurance, reconciliation, and data-sufficiency audits"
7f2b087c0985f3512bcb748f0e74b32e7cbd311f,1001b6c91a7f78e7cc77c2330e1910088e1fabc4,2026-07-26,B1 simulation-error lifecycle validation
749cea7dbab1005b9a71c782a59443b95fe72149,097e34246613854e262e26a5cc33ecaeb43d3a23,2026-07-26,B2 oracle false rejection by planner
89437e80db199a4c6809d6fe2476bb0c4144e5e4,f1294ed87da06baf2c0448a8ddee1f62e9b60d25,2026-07-26,B3 concurrent-intent campaign
f0d7c87129dbdc9561bff432f5b9cb8adf1bceb7,d3bbfc6964fa7093bbebf0ae322c3b4d1fdabf95,2026-07-26,B4 architectural overhead instrumentation
587fe0f50f2dcedce440e7aaf9c4d4a346364227,e6a1b2311a1d6115479a9480ff37c7d0ed291d81,2026-07-26,B5 reconciliation outcome breakdown
8b702cb916947af9690d6d8b16a5330f278cfdea,9b2ad6336c416e3f6a8d5a2cec900ea1a9b51054,2026-07-26,B6 final IBQN validation sufficiency assessment
4b09e5e01ff068fb8966c18ecc27d0c97252338f,edcb599c8163eba443c87c01fc0eed9be328f98b,2026-07-26,P-IBQN1 final evidence audit and oracle-result reconciliation
58955329ea25ec232aa0b3a0267ac43f4a710e8c,1e4410fee05578ec787837acc82d4405f410698d,2026-07-26,P-IBQN2a processed manuscript datasets
c53b57d18e0fec115e6fcfb908362aee47b43fce,95b295ddf75464c3abd1f98285d74dd5c21fa951,2026-07-26,P-IBQN2b generated manuscript tables
c4d82c1c5e3d96862381473442519634669f746c,42c373872bd38fdfe0f05eef9b715d7e9dbf45c9,2026-07-26,P-IBQN3a architecture and lifecycle figures
deba890a0a31986e8e001326e3d06d6b93abb631,4f75cfb7add5203c1b44466ac07112fde6f6438c,2026-07-26,P-IBQN3b experimental result figures
cb3680091fc1bba9eb69e5a7f0b7002041b3ffcf,b499b61bd7647fa5436c9817aca36d3bc8f9d2f4,2026-07-26,P-IBQN3c artifact validation tests
842e3b4e643c4b9009fac9e58e77d744f8684238,0242d311bae5bd5cf611ae9c32de031491f8189c,2026-07-27,P-IBQN4a manuscript skeleton and generated result macros
b09fa605185c6f7d8027771830576bbbe7362c77,19588e7e67f35ae23bd98cf47c9e395e90088ef6,2026-07-27,P-IBQN4b architecture section
6d4cdbb4fb1a44368ab0a6565099aa0f798959e3,776a9266b94141123209f46527128d0986f19bce,2026-07-27,P-IBQN4c implementation section
dce0bfc64323b09b9a73d468a90d59215fbb32d9,9b44f33bd0ae27bc669115a6da5217b4e1ef2c67,2026-07-27,P-IBQN4d evaluation methodology
de957d4eb1d4026acaeafcaabf2d32889e9c1784,bb66c9acaafef251a695a71c05b271d00ec401e6,2026-07-27,P-IBQN5a lifecycle and assurance results
370d2ba111930519d3b2ab519018cf589359151a,ab6ba8e7a57d361683e092dcbeb715bb8d7a7952,2026-07-27,P-IBQN5b planner robustness results
f380f0e05fe1862090d6e574e584e568a673b6fd,e1e2116e4a52f95fb3a0d0113d1e283da29b2511,2026-07-27,P-IBQN5c reconciliation results
cfa8458c5d695a31d32d5c015c881057b1b21f04,281ff5cef588f86c7bb7d23911ac832094ddfc57,2026-07-27,P-IBQN5d multi-intent and overhead results
6e514dfc5df4a96c387a6a044b1f8402572b7035,8aa9c241e67a7a9db028603af91bfa7422e93be7,2026-07-27,P-IBQN5e supplementary material and manuscript tests
71ad7a56619f39efd452220f5697f7a945227f6f,dbe1c5d7a75236c91c4e0239b62e0098dcabfcf4,2026-07-27,P-IBQN-ZIP1 Overleaf manuscript snapshot
59c5289484a3a4108a8523781b5bb90b5b48045e,f95f78deb4bf42dd7fc3d2d983036ff7d6609d43,2026-07-27,P-IBQN-ZIP2 Overleaf asset packaging
104b8383276541dc88ff5f00355a67d6907a367b,5fba796b9ee61fa38b4c458ebeea1d84c1868613,2026-07-27,P-IBQN-ZIP3 structural validation and manifest
ca300252fea8e10c1bf85ea130180e2fe342a904,c0bf13c0a5beb9b3d937354b2aa15a6e7b2b6a30,2026-07-27,P-IBQN-ZIP4 final Overleaf ZIP
7ae02812517ed9a8d5adbb833a09a0512343c96e,ece5cc8282199c402f324c768ecf1931889ec73b,2026-07-27,IBQN-V1R1 reconstruct V1-based manuscript structure
fb301e6562b2f3df93b3ffdcf12e7edd578a0212,15c60b688d7305fbacc89504ab059346ab3f7c46,2026-07-27,IBQN-V1R2 update architecture and planner extensibility
c8d6666514ecdc512a87b703dec1dee287613cd2,09d47a7a88d0664c4f93c9b41474a489285c2212,2026-07-27,IBQN-V1R3 update methodology and planner evolution
2f9b536b8aae11d8599941a1b539beafdc78921d,3e3b87dfd082cad473477b0c86298db77d93d5bf,2026-07-27,IBQN-V1R4 replace results and figures
24c95499c720cbe3e7df73bc08464886c4e1b1d7,dc13a993843fb835382f7c03d8d9331c0f763d8d,2026-07-27,IBQN-V1R5 update assurance reconciliation multi-intent and overhead
50ac325d3e65648dfa3841bc348672a8b0e11be6,27a29da1af8f4324dc00a992a92950a5afa72546,2026-07-27,IBQN-V1R6 update abstract limitations and conclusion
959240bcc3ac035286b23aa363df57239ef83f05,dcdfe732aa9a38946122d4221eb8c31af3177a9a,2026-07-27,IBQN-V1R7 supplementary and artifact validation
d4a0f8f684cf6eab5b5119deeeafb572eba67bf1,f91480bd2c952e6988e26b5b9d353e60f7d187ac,2026-07-27,IBQN-V1R8 final Overleaf package
4fd526680d1fcbf248eb7bb211ac6ec0712c6021,879434133350153a8c8c1943226015d56880f187,2026-10-01,"Physical-realism revision: Bell-diagonal formalism, decoherence, executed purification policy, calibrated platforms"
9df1a96b3d13613352088e60403d8ef8689a514f,fd98f4c45a4e276ebb791bbbd8382cf588ec3875,2026-10-01,Parallel trial execution and platform-first sweep ordering
ebbe521795c3b95ed397099342c88460f977fdaf,32e15a23efeb5764ec4dafb76aaca05a4b5e8e49,2026-10-01,"Calibrated campaign suite, executed-policy fixes and audited generation model"
aab2fed4abefb1f154584317fbc782ec2b7d3fdc,36ff40100b0e8a987ae1aeed41f2dc6b3fdff0ff,2026-10-01,Independent random generators per trial for the calibrated topologies
d3c4028824b9c812092b88f52926d2a6b7a25926,9a9f80a0161bd4b275824b1d74a801e1c2a93a02,2026-10-01,"Docs for the calibrated suite, figure/macro generators, manuscript v2 skeleton"
c68f9e134eb5a57162815f4876faa6846004a3ae,80f6f0090cc211c5c29fa3912b4a8256396b0f8e,2026-10-02,Campaigns ask the OS not to idle-sleep while they run
0a4f18a46a88c55dc7800788e9f7d01ff403fa81,8ff7385a77eaf950ac04def4d7b2984dd3ece9b1,2026-10-02,"Generation-model audit write-up, updated limitations, manuscript v2 sections 1-5 and 7"
85b75530bb1467eb009ff88b3a1f805a1f897668,f976e8c237bdce483fb76be2438376921be56dd7,2026-10-02,Manifest writes survive a transient file lock; manuscript v2 draft complete
9df2772a55796fc62c9e2bca6f659e92060ea12b,d16d3eaf626beacb04f858c6da77db6f5cbc9f82,2026-10-02,Campaign checkpoints are written atomically and tolerate a transient file lock
1014042cc69516ed89107a6825643c5e54729ac0,fe5677d0559399891fdf73f9b9e97b912ff1a71f,2026-10-02,Checkpoint campaign rows every 10 jobs: a hard stop loses at most 10
051ac06b7f338d0d30dce88ba0ab7fa82054d366,f2cc7990b13bb7cde9ff1d87a5e2b6c46cffddc4,2026-10-02,"Calibrated campaign results, processed tables, figures and manuscript inputs"
5bb9d042aa668ba20f5b5cdadca72adc05d8c0bd,bdd697eb44c37e0bbe8febc2b1ca35b169b7135b,2026-10-02,Notebooks run on the Bell-diagonal default physics
bd3e73e2dd502c2ee2284a479fcac19c8aed8534,0428de3cc544480160e7e472f71b62aecaa62847,2026-10-02,Six-page conference version of the manuscript; the full text becomes the extended version
26bd0d36787706dce88f2005666b06306d2b3309,bd788bbd35b92fe7e6d82dc699085a05e5e93f56,2026-10-02,Bibliography checked entry by entry; three inherited entries corrected
60ab1a46ca3f48ff8f3678f1572c585af1c790fa,f04da38669a34363cc2cc6f0682e661d65242d9f,2026-10-02,Architecture figure redrawn at column width; four results restored in the conference version
11e84444cc6dee794d597cb30f2e1abec2f7556e,11547f4acecb19e9caa6d9ae525928498024dd7b,2026-10-02,The intent's policy bounds reconciliation; stock-vs-IBQN campaign (R10)
2b6bea6f8c13038c68bbce4e86a13d2d06ef1b7b,552beae2cc386cd205d41ceee636b75d40ef91f5,2026-10-02,"Manuscript: prior work, the limits of assurance, stock SeQUeNCe vs IBQN, the intent's budget"
