routing_strategy,metric,n_total,n_valid,n_missing,mean,std,median,min,max,ci95_low,ci95_high,acceptance_rate,satisfaction_rate,violation_rate,rejection_rate,recovery_rate
highest_fidelity,delivered_pairs,3,3,0,4.333333333333333,0.5773502691896257,4.0,4.0,5.0,2.899115756750179,5.767550909916487,1.0,0.0,1.0,0.0,
highest_fidelity,excess_delivery_pairs,3,3,0,0.0,0.0,0.0,0.0,0.0,0.0,0.0,1.0,0.0,1.0,0.0,
highest_fidelity,delivery_ratio,3,3,0,0.43333333333333335,0.05773502691896256,0.4,0.4,0.5,0.289911575675018,0.5767550909916487,1.0,0.0,1.0,0.0,
highest_fidelity,average_fidelity,3,3,0,0.7695,0.0,0.7695,0.7695,0.7695,0.7695,0.7695,1.0,0.0,1.0,0.0,
highest_fidelity,minimum_fidelity,3,3,0,0.7695,0.0,0.7695,0.7695,0.7695,0.7695,0.7695,1.0,0.0,1.0,0.0,
highest_fidelity,throughput_active_window,3,3,0,43.333333333333336,5.773502691896257,40.0,40.0,50.0,28.991157567501794,57.67550909916488,1.0,0.0,1.0,0.0,
highest_fidelity,throughput_delivery_interval,3,3,0,80.86795277564045,24.17596363863682,81.65525406904716,56.3079549626453,104.6406492952289,20.811529782997994,140.9243757682829,1.0,0.0,1.0,0.0,
highest_fidelity,first_pair_latency_s,3,3,0,0.0303584458433333,0.02268928772443592,0.0407837250099999,0.00433021251,0.04596140001,-0.0260048694456918,0.0867217611323584,1.0,0.0,1.0,0.0,
highest_fidelity,completion_time_s,3,0,3,,,,,,,,1.0,0.0,1.0,0.0,
highest_fidelity,planning_time_s,3,3,0,0.00045433333333333334,0.00024173815034729903,0.000329,0.000301,0.000733,-0.0001461775223131633,0.00105484418897983,1.0,0.0,1.0,0.0,
highest_fidelity,simulation_wall_time_s,3,3,0,1.7070403333333335,0.055894418239510565,1.686106,1.664635,1.77038,1.5681909011082198,1.8458897655584472,1.0,0.0,1.0,0.0,
least_loss,delivered_pairs,3,3,0,446.3333333333333,3.2145502536643185,445.0,444.0,450.0,438.3479478218892,454.31871884477744,1.0,1.0,0.0,0.0,
least_loss,excess_delivery_pairs,3,3,0,436.3333333333333,3.2145502536643185,435.0,434.0,440.0,428.3479478218892,444.31871884477744,1.0,1.0,0.0,0.0,
least_loss,delivery_ratio,3,3,0,44.63333333333333,0.32145502536643233,44.5,44.4,45.0,43.83479478218892,45.431871884477744,1.0,1.0,0.0,0.0,
least_loss,average_fidelity,3,3,0,0.6579225,0.0,0.6579225,0.6579225,0.6579225,0.6579225,0.6579225,1.0,1.0,0.0,0.0,
least_loss,minimum_fidelity,3,3,0,0.6579225,0.0,0.6579225,0.6579225,0.6579225,0.6579225,0.6579225,1.0,1.0,0.0,0.0,
least_loss,throughput_active_window,3,3,0,4463.333333333333,32.145502536643185,4450.0,4440.0,4500.0,4383.479478218892,4543.187188447774,1.0,1.0,0.0,0.0,
least_loss,throughput_delivery_interval,3,3,0,4544.919181964182,40.81164080626805,4547.779533867927,4502.752611773988,4584.22540025063,4443.537445958923,4646.300917969441,1.0,1.0,0.0,0.0,
least_loss,first_pair_latency_s,3,3,0,0.0014529875099999333,0.0002605870451979241,0.00130256251,0.0013025125099999,0.0017538875099999,0.0008056534038301823,0.0021003216161696843,1.0,1.0,0.0,0.0,
least_loss,completion_time_s,3,3,0,0.003775991676666633,0.0001750323212712438,0.00375891251,0.0036101250099999,0.00395893751,0.003341187286621537,0.004210796066711729,1.0,1.0,0.0,0.0,
least_loss,planning_time_s,3,3,0,0.000341,1.307669683062201e-05,0.000347,0.000326,0.00035,0.00030851568425792586,0.00037348431574207413,1.0,1.0,0.0,0.0,
least_loss,simulation_wall_time_s,3,3,0,4.608649333333333,0.15789996142283658,4.549034,4.489236,4.787678,4.216404084478943,5.0008945821877235,1.0,1.0,0.0,0.0,
shortest_hop_count,delivered_pairs,3,3,0,4.333333333333333,0.5773502691896257,4.0,4.0,5.0,2.899115756750179,5.767550909916487,1.0,0.0,1.0,0.0,
shortest_hop_count,excess_delivery_pairs,3,3,0,0.0,0.0,0.0,0.0,0.0,0.0,0.0,1.0,0.0,1.0,0.0,
shortest_hop_count,delivery_ratio,3,3,0,0.43333333333333335,0.05773502691896256,0.4,0.4,0.5,0.289911575675018,0.5767550909916487,1.0,0.0,1.0,0.0,
shortest_hop_count,average_fidelity,3,3,0,0.7695,0.0,0.7695,0.7695,0.7695,0.7695,0.7695,1.0,0.0,1.0,0.0,
shortest_hop_count,minimum_fidelity,3,3,0,0.7695,0.0,0.7695,0.7695,0.7695,0.7695,0.7695,1.0,0.0,1.0,0.0,
shortest_hop_count,throughput_active_window,3,3,0,43.333333333333336,5.773502691896257,40.0,40.0,50.0,28.991157567501794,57.67550909916488,1.0,0.0,1.0,0.0,
shortest_hop_count,throughput_delivery_interval,3,3,0,80.86795277564045,24.17596363863682,81.65525406904716,56.3079549626453,104.6406492952289,20.811529782997994,140.9243757682829,1.0,0.0,1.0,0.0,
shortest_hop_count,first_pair_latency_s,3,3,0,0.0303584458433333,0.02268928772443592,0.0407837250099999,0.00433021251,0.04596140001,-0.0260048694456918,0.0867217611323584,1.0,0.0,1.0,0.0,
shortest_hop_count,completion_time_s,3,0,3,,,,,,,,1.0,0.0,1.0,0.0,
shortest_hop_count,planning_time_s,3,3,0,0.000511,0.0003598263470064414,0.000321,0.000286,0.000926,-0.00038285819828006167,0.0014048581982800616,1.0,0.0,1.0,0.0,
shortest_hop_count,simulation_wall_time_s,3,3,0,1.7000009999999999,0.07998097018041227,1.653922,1.653726,1.792355,1.5013172557524592,1.8986847442475405,1.0,0.0,1.0,0.0,
