campaign,trial_id,scenario,parameter_hash,seed,intent_id,routing_strategy,purification_policy,reconciliation_enabled,route,hop_count,requested_pairs,requested_fidelity,estimated_fidelity,duration_s,attenuation_db_per_m,distance_m,coherence_time_s,accepted,satisfied,recovered,final_status,delivered_pairs,excess_delivery_pairs,delivery_ratio,average_fidelity,minimum_fidelity,throughput_active_window,throughput_delivery_interval,first_pair_latency_s,completion_time_s,planning_time_s,simulation_wall_time_s,eg_attempts,eg_success,ep_attempts,ep_success,es_attempts,es_success,violations,error_type,error_message,project_git_commit,sequence_git_commit,python_version,timestamp
C01_routing_strategy,C01_routing_strategy:diamond:80436b1f968c95fe:shortest_hop_count__automatic:0:intent-diamond,diamond,80436b1f968c95fe,0,intent-diamond,shortest_hop_count,automatic,False,r1 -> bad -> r3,2,10,0.6,0.6863749999999998,0.1,0.02,1000.0,-1.0,True,False,,VIOLATED,4,0,0.4,0.7695,0.7695,40.0,104.6406492952289,0.04596140001,,0.000926,1.653726,2056,6,0,0,0,0,delivered_pairs >= 10.0 (observed=4.0) -> FAIL,,,4adf848c8adfbaff901f8ec6a5b1cbac31ae3768,1f2680a5b9065e708a7497adc53a95b108029b98,3.13.14,2026-07-11T23:18:11.769374+00:00
C01_routing_strategy,C01_routing_strategy:diamond:80436b1f968c95fe:shortest_hop_count__automatic:1000:intent-diamond,diamond,80436b1f968c95fe,1000,intent-diamond,shortest_hop_count,automatic,False,r1 -> bad -> r3,2,10,0.6,0.6863749999999998,0.1,0.02,1000.0,-1.0,True,False,,VIOLATED,5,0,0.5,0.7695,0.7695,50.0,56.307954962645304,0.0043302125100000005,,0.000321,1.792355,2098,5,0,0,0,0,delivered_pairs >= 10.0 (observed=5.0) -> FAIL,,,4adf848c8adfbaff901f8ec6a5b1cbac31ae3768,1f2680a5b9065e708a7497adc53a95b108029b98,3.13.14,2026-07-11T23:18:13.573790+00:00
C01_routing_strategy,C01_routing_strategy:diamond:80436b1f968c95fe:shortest_hop_count__automatic:2000:intent-diamond,diamond,80436b1f968c95fe,2000,intent-diamond,shortest_hop_count,automatic,False,r1 -> bad -> r3,2,10,0.6,0.6863749999999998,0.1,0.02,1000.0,-1.0,True,False,,VIOLATED,4,0,0.4,0.7695,0.7695,40.0,81.65525406904716,0.040783725009999994,,0.000286,1.653922,2101,4,0,0,0,0,delivered_pairs >= 10.0 (observed=4.0) -> FAIL,,,4adf848c8adfbaff901f8ec6a5b1cbac31ae3768,1f2680a5b9065e708a7497adc53a95b108029b98,3.13.14,2026-07-11T23:18:15.238259+00:00
C01_routing_strategy,C01_routing_strategy:diamond:a686beca965dc03b:least_loss__automatic:0:intent-diamond,diamond,a686beca965dc03b,0,intent-diamond,least_loss,automatic,False,r1 -> good1 -> good2 -> r3,3,10,0.6,0.6047315938998278,0.1,0.02,1000.0,-1.0,True,True,,SATISFIED,444,434,44.4,0.6579225,0.6579225,4440.0,4502.752611773988,0.0013025625100000007,0.0037589125100000002,0.000347,4.489236,1173,446,0,0,0,0,,,,4adf848c8adfbaff901f8ec6a5b1cbac31ae3768,1f2680a5b9065e708a7497adc53a95b108029b98,3.13.14,2026-07-11T23:18:19.739210+00:00
C01_routing_strategy,C01_routing_strategy:diamond:a686beca965dc03b:least_loss__automatic:1000:intent-diamond,diamond,a686beca965dc03b,1000,intent-diamond,least_loss,automatic,False,r1 -> good1 -> good2 -> r3,3,10,0.6,0.6047315938998278,0.1,0.02,1000.0,-1.0,True,True,,SATISFIED,450,440,45.0,0.6579225,0.6579225,4500.0,4584.22540025063,0.0013025125099999993,0.00395893751,0.000326,4.787678,1186,452,0,0,0,0,,,,4adf848c8adfbaff901f8ec6a5b1cbac31ae3768,1f2680a5b9065e708a7497adc53a95b108029b98,3.13.14,2026-07-11T23:18:24.538804+00:00
C01_routing_strategy,C01_routing_strategy:diamond:a686beca965dc03b:least_loss__automatic:2000:intent-diamond,diamond,a686beca965dc03b,2000,intent-diamond,least_loss,automatic,False,r1 -> good1 -> good2 -> r3,3,10,0.6,0.6047315938998278,0.1,0.02,1000.0,-1.0,True,True,,SATISFIED,445,435,44.5,0.6579225,0.6579225,4450.0,4547.779533867927,0.0017538875099999997,0.0036101250099999996,0.00035,4.549034,1186,446,0,0,0,0,,,,4adf848c8adfbaff901f8ec6a5b1cbac31ae3768,1f2680a5b9065e708a7497adc53a95b108029b98,3.13.14,2026-07-11T23:18:29.100512+00:00
C01_routing_strategy,C01_routing_strategy:diamond:c8a11b361b27778d:highest_fidelity__automatic:0:intent-diamond,diamond,c8a11b361b27778d,0,intent-diamond,highest_fidelity,automatic,False,r1 -> bad -> r3,2,10,0.6,0.6863749999999998,0.1,0.02,1000.0,-1.0,True,False,,VIOLATED,4,0,0.4,0.7695,0.7695,40.0,104.6406492952289,0.04596140001,,0.000733,1.664635,2056,6,0,0,0,0,delivered_pairs >= 10.0 (observed=4.0) -> FAIL,,,4adf848c8adfbaff901f8ec6a5b1cbac31ae3768,1f2680a5b9065e708a7497adc53a95b108029b98,3.13.14,2026-07-11T23:18:30.776649+00:00
C01_routing_strategy,C01_routing_strategy:diamond:c8a11b361b27778d:highest_fidelity__automatic:1000:intent-diamond,diamond,c8a11b361b27778d,1000,intent-diamond,highest_fidelity,automatic,False,r1 -> bad -> r3,2,10,0.6,0.6863749999999998,0.1,0.02,1000.0,-1.0,True,False,,VIOLATED,5,0,0.5,0.7695,0.7695,50.0,56.307954962645304,0.0043302125100000005,,0.000301,1.77038,2098,5,0,0,0,0,delivered_pairs >= 10.0 (observed=5.0) -> FAIL,,,4adf848c8adfbaff901f8ec6a5b1cbac31ae3768,1f2680a5b9065e708a7497adc53a95b108029b98,3.13.14,2026-07-11T23:18:32.558149+00:00
C01_routing_strategy,C01_routing_strategy:diamond:c8a11b361b27778d:highest_fidelity__automatic:2000:intent-diamond,diamond,c8a11b361b27778d,2000,intent-diamond,highest_fidelity,automatic,False,r1 -> bad -> r3,2,10,0.6,0.6863749999999998,0.1,0.02,1000.0,-1.0,True,False,,VIOLATED,4,0,0.4,0.7695,0.7695,40.0,81.65525406904716,0.040783725009999994,,0.000329,1.686106,2101,4,0,0,0,0,delivered_pairs >= 10.0 (observed=4.0) -> FAIL,,,4adf848c8adfbaff901f8ec6a5b1cbac31ae3768,1f2680a5b9065e708a7497adc53a95b108029b98,3.13.14,2026-07-11T23:18:34.255569+00:00
